Workbook

Sheet R0581～
B1: 東京製鐵
B4: ２０２４（Ｒ６）年６月１１日〜 | AA4: 中部
B5: 中山製鋼 | C5: 中山製鋼 | D5: 中山製鋼 | E5: 中山鋼業 | G5: 合同大阪 | I5: 産振ﾔｰﾄﾞ | J5: 大鉄 堺 | P5: 岸和田 | S5: ﾔﾏﾄ | T5: 山陽特殊 | V5: ｸﾎﾞﾀ | W5: 愛知 | Z5: 東京製鐵 | AD5: 山口鋼業 | AG5: 大同特殊 | AL5: RTA | AM5: 大一産業 | AN5: トピー工業 | AO5: 衣浦 | AP5: 日鉄 ｽﾁｰﾙ | AQ5: 栗本鐵工 | AR5: 韓国輸出 | AS5: 大谷製鉄 | AT5: 銑ダライ | AU5: 大阪鋼業 | AW5: 東鉄岡山 | AX5: ＪＦＥ条鋼 | AZ5: 南港 | BB5: 北港 | BC5: 泉北中谷 | BF5: 泉北大都 | BG5: 大阪港埠頭 | BH5: ﾆｭｰｽｺﾝ尼崎 | BI5: ﾆｭｰｽｺﾝ稲永 | BJ5: 共英枚方 | BM5: 共英名古屋 | BN5: 新日鉄住金和歌山 | BQ5: オオハラ尼崎 | BR5: 信和商事 | BS5: ｴｺﾌﾟﾗﾝﾆﾝｸﾞ | BT5: 名古屋港 | BW5: トヨキン | BX5: 寺田
A6: 品目 | B6: 阪和 | C6: 豊通 | E6: ナベ | G6: 伊藤忠 | H6: 阪和 | I6: 産振 | J6: 大鉄堺 | K6: 豊通 | L6: 産振 | N6: 伊藤忠 | P6: 豊通 | R6: リバイブ | S6: 阪和 | T6: 産振 | U6: MM | V6: 伊藤忠 | W6: 阪和 | X6: ナベ | Z6: 関西 | AA6: 岡山 | AB6: 名古屋 | AC6: 田原 | AD6: MM建材 | AF6: 阪和 | AG6: 大同興業 | AI6: JSE | AL6: RTA | AM6: ナベ | AN6: ＭＭ | AO6: 産振 | AP6: 産振 | AQ6: 豊通 | AR6: 豊通大都 | AS6: ナベ | AT6: ナベ | AU6: ナベ | AV6: リバイブ | AW6: ナベ | AX6: リバイブ | AY6: 阪和 | AZ6: ﾅﾝｾｲ | BA6: 産振 | BB6: ナベ | BC6: 産振 | BD6: ナベ双葉 | BE6: 豊商双葉 | BF6: 産振 | BG6: 日鉄物産 | BH6: ナベ | BJ6: ナベ | BN6: 伊藤忠 | BO6: ＭＭ | BP6: 産振 | BQ6: ナベ | BR6: 豊通 | BT6: 水野産業 | BU6: 阪和西三区 | BV6: ＭＭ | BW6: ナベ 大同特殊 H2ｽﾗｲﾄﾞ
A7: スポット期間 | D7: 中川 ＆ 出張 | O7: ｽﾎﾟｯﾄ | P7: 6/8&10 | U7: 5月度 300ｔ | X7: 5/11~31 ｽﾎﾟｯﾄ 150t | Y7: 置場 | Z7: 直納 | AB7: 直納 | AC7: 直納 | AG7: 運賃込単価/置場-2 | AH7: 持込 | AI7: 大和ﾘﾃｯｸ | AJ7: 第二 ＠2.3 岐阜 ＠1.5 | AL7: 置場単価 | AN7: 置場単価 | AO7: 4月～ 6月 | AP7: 置場 単価 | AR7: 完納 | AS7: 置場単価 | AT7: 置場単価 | AX7: 運賃2.5 | BJ7: 置場単価 | BK7: 5/7～ 京都置場 | BL7: リバイブ京都置場 | BN7: 200ｔ | BT7: 西三区 | BU7: 9/7～100ｔ | BV7: 7/1～
A8: ＨＳ１(電特A) | G8: 52.8 | R8: 運賃 | T8: 54.6 | U8: 57 | W8: 54.2 | X8: 50.5 | Y8: 52 | Z8: 53.5 | AB8: 51 | AC8: 52 | AE8: 50.5 | AF8: 51 | AG8: 普HS | AI8: HS | AJ8: 第2 | AO8: 54 | AQ8: 57.3 | AR8: 28.8 | AS8: 電特A | AW8: ﾒｯｷ | BA8: 53 | BD8: 53.5 | BH8: 52.3 | BI8: 52.5 | BW8: 銑ダ | BX8: 銑ダ
A9: ＨＳ２ | B9: 54.4 | G9: 52.3 | R9: 1.8 | T9: 54.4 | U9: 56.8 | W9: 53.7 | X9: 50 | Y9: 51.5 | AE9: 故銑 | AG9: 置場 | AH9: 54 | AI9: 54.8 | AJ9: 51.9 | AQ9: 57 | AS9: 49.5 | AW9: ﾛｰﾙ | BA9: 中谷
A10: ＨＳ３ | T10: 52.4 | U10: 54.8 | AE10: 50.5 | AJ10: 岐阜 | AQ10: 56.1 | AS10: 置場 | AW10: 16.5 | BW10: 引取
A11: Ｈ１/ｻﾑﾃｯｸ | B11: 54.4 | C11: 54.3 | AJ11: 52.7 | AW11: ? | AX11: 持込 | BG11: 52 | BW11: 単価
A12: Ｈ１(特A) | B12: 52 | C12: 52 | E12: 54 | G12: 53.8 | J12: 54.5 | K12: 39.4 | L12: 53.7 | N12: 38.8 | P12: 55.5 | Q12: 53.5 | S12: 52.6 | W12: 49.2 | Y12: 51 | Z12: 53 | AB12: 49.2 | AC12: 51.2 | AF12: 49.5 | AG12: 置場 | AR12: 26.8 | AX12: 52 | BH12: 51.5 | BJ12: 51 | BK12: 52.5 | BM12: 53.2 | BN12: 51
A13: ＪＨ１ | J13: 53 | K13: 38.4 | N13: 45.7 | AD13: 鉄筋 | AG13: ▲2.3 | AI13: H2~H4 | AX13: 持込
A14: Ｈ２(特級) | B14: 47.3 | C14: 47.3 | E14: 52.5 | G14: 52.3 | J14: 51 | K14: 35.2 | N14: 43.5 | P14: 54.5 | Q14: 51.5 | S14: 51.6 | W14: 48.7 | Y14: 49.4 | Z14: 51.5 | AB14: 48.5 | AC14: 49.5 | AD14: 50 | AE14: 49 | AF14: 49 | AH14: 50.5 | AI14: 49.7 | AJ14: 第2 | AN14: 43 | AP14: 京都 | AR14: 25.5 | AX14: 51 | AZ14: 49.5 | BB14: 49.5 | BD14: 49.5 | BH14: 50.5 | BJ14: 49.5 | BK14: 50 | BL14: 一括 | BM14: 50.5 | BN14: 46 | BQ14: 33 | BT14: 32
A15: Ｈ３(1級) | B15: 43.3 | C15: 43.3 | D15: 中川 | E15: 50.5 | G15: 51.8 | J15: 50.5 | K15: 34.2 | N15: 42.5 | Q15: 51 | S15: 50.6 | W15: 47.7 | Y15: 48.4 | Z15: 51.5 | AB15: 48 | AC15: 49 | AE15: 48 | AF15: 48 | AH15: 50 | AJ15: 47.4 | AX15: 50 | BH15: 49 | BJ15: 49 | BK15: 50 | BL15: 50? | BM15: 49.5
A16: Ｌ１(2級) | B16: 36.8 | C16: 36.8 | D16: 嘉弘 | E16: 50 | G16: 50.8 | J16: 50 | K16: 32.7 | N16: 41.5 | Q16: 50.5 | S16: 48.6 | U16: 1 | Z16: 49.5 | AB16: 46.5 | AC16: 47.5 | AJ16: 岐阜 | AP16: 大阪 | AX16: 46.8 | BJ16: 49 | BK16: 50 | BL16: 50? | BM16: 46.5 | BU16: 錫ﾒｯｷ
A17: Ｌ２(H4･級外) | D17: ▲3 | E17: L1ﾊﾞﾗ | J17: 0 | S17: 46.1 | W17: 44.3 | Y17: 44.4 | Z17: 46.5 | AB17: 43.5 | AC17: 44.5 | AE17: 46.5 | AF17: 46.5 | AH17: 49.5 | AJ17: 48.2 | AX17: 40.9 | BB17: 大阪 | BU17: 36.5 | BV17: ？
A18: 新断Ａ | B18: 55.3 | C18: 55.3 | D18: 52.3 | E18: 40 | G18: 53.3 | J18: 37.5 | K18: 35.7 | N18: 37.3 | U18: 55 | V18: 58.2 | W18: 52.5 | AC18: 50.5 | AX18: 53 | BB18: 置場 | BD18: 52.5 | BI18: 53.5 | BV18: 39
A19: 新断Ｂ | B19: 54.3 | C19: 54.3 | D19: 出張 | G19: 52.8 | J19: 37 | K19: 35.2 | N19: 36.8 | U19: 54 | W19: 51.5 | AQ19: 鋳鉄管 | AX19: 52 | BB19: 0.8
A20: 新断Ｐ | D20: ▲1 | R20: 置場 | U20: 新断C | Y20: ？？ | AG20: 置場 | AL20: 栗東 | AM20: 鋳物 | AQ20: 52.8 | AU20: 持込 | AX20: 持込 | BB20: 第二 | BJ20: 第二
A21: ダライＡ | D21: 54.3 | E21: 46.7 | G21: 42.8 | J21: 37 | K21: 36.7 | U21: 51.7 | Y21: 48 | AC21: 48 | AE21: 47.6 | AF21: 41.5 | AG21: 46.9 | AL21: 48 | AM21: 45.5 | AU21: 44 | AX21: 41 | BB21: 運賃 | BJ21: 36.3 | BT21: 33？
A22: ダライＢ | G22: 40.8 | J22: 37 | K22: 36.7 | AL22: 第二 | AM22: ﾀﾞｸﾀｲﾙ | BB22: 2.2
A23: 銑ダライ
A24: シュレＡ | J24: 39.5 | K24: 38.7 | W24: 52.5 | Z24: 53.5 | AB24: 49.5 | AC24: 50.5 | AL24: 48.5 | AM24: 40 | AT24: 銑ﾀﾞﾗｲ | BC24: 荷止 | BJ24: 大阪CP
A25: シュレＢ | J25: 38.8 | K25: 38 | AG25: 火力 | AT25: 46 | AU25: 銑ダライ | BJ25: 27
A26: シュレＣ | J26: 37.4 | K26: 36.6 | Z26: 52.5 | AB26: 49 | AC26: 50 | AG26: ﾓﾘﾌﾞﾃﾞﾝ | AX26: 置場 | BJ26: 栗東CP
A27: ＣＰ Ａ | J27: 40.5 | K27: 44.7 | L27: 51 | Q27: 53.7 | AC27: 48 | AG27: 1~2% | AU27: 持込 | AX27: 52.5 | BJ27: 50.5 | BR27: 33.2 | BS27: 33.2
A28: ＣＰ Ｂ一斗缶 | J28: 38 | K28: 42.2 | L28: 44.7 | AG28: 40
A29: ＣＨＡ足廻 | AG29: 置場
A30: ＣＨＢ足廻
A31: 雑品 | B31: ■東洋トレーディング＠８０（４/４：置場） ■津和商事＠６８（１１／１７：置場） ■ＧＲＭ＠７０（１２／３：置場） ■岡田金属／京都＠７１（１１／２４：置場） ■東昌商事＠（持込み）
B32: ■振洋産業＠４７（８／５）
A33: 配電盤 | B33: ■ＧＲＭ（旧中西産業）＠１１０（９／１６：置場） ■東洋トレーディング＠９５（４/１０：置場） ■津和商事＠８０（１２／７：置場） ■岡田金属／京都＠７６（３／３１：置場） ■東昌商事＠１１０（９/１２：置場）大阪＠１１５（置場）
A34: 工業系ｴｱｺﾝ | B34: ■津和商事＠１４５【室内機＆室外機共】（７／１）、＠１３０【ビルトイン】、＠１２０【ガスヒーポン】 ■岡田金属／京都＠１５５【外機】＠？【内機】（１１／２９：置場） ■日中商事【外機】＠１７５（２／２８）【ｶﾞｽﾋｰﾎﾟﾝ】＠１２５（２／２８）
B35: ■ＧＲＭ（旧中西産業）＠１６０【外機】＠１４０【内機】＠？【スポットクーラー】（９/１６）＠１１０【チラー】（７/５）＠１５０【ＧＨＰ：油60kgUP】（１２/６） ■東洋トレーディング外機＠１７０、ＧＨＰ＠１３０、内機＠１００（８/２９）
A36: トランス | B36: 津和商事 ■銅＠６５ ■銅コア＠８５ ■アルミ＠３０ ■アルミコア＠４５ （Ｈ２８／１０／１４付）
B37: 中西産業 ■銅＠ ■銅コア＠ ■アルミ＠１８ ■アルミコア＠ ■MIX＠ （Ｒ０２／１０／１３付）
B38: ナベショー ■銅＠６９ ■銅コア＠１０９ ■アルミ＠２９ ■アルミコア＠３４ ■MIX＠４９ （Ｈ２８／１０／１４付）
A39: ステンレス | B39: 阪神金属 ■ステン３０４＠２００（５/２７）持込+＠3 ■ステンダライ＠１８０（ｲﾝｻｲｽﾞ▲２０）持込+＠3 ■解体ステン＠１８５～＠１７０（ｲﾝｻｲｽﾞ▲１５～▲３０） ■ステン３０１＠１８５（ｲﾝｻｲｽﾞ▲１５） ■ステン６３０【Ni&Cuが高いのでメーカー不人気】＠６８（１０／３０）
B40: 阪神金属 ■ステン３１６＠２７０（１０／７） ■ステン３１０＠３２０～＠３３０（７／９） ■Ｈｉクローム＠５７（２０２２／７／１９） ■ステン４３０＠３２（2021/1/13川本社長問合せ：SUS403MIX）
B41: ナベショー＠１８５（９／６） ステンダライ＠１７５（インサイズ▲１０／10ｔﾍﾞｰｽならﾀﾞﾗｲ▲３） ＯＳ（ｓ１％：インサイズ▲２０～５０） 新プラントステンレス＠９２（７／１３） クローム（４３０）＠２３（７／９問合せ）
B42: ＧＲＭ（旧中西産業）／親和スチール＠１７８（南港持込：9/7付：前回7/26+3：運賃▲３．０）ステンダライ＠１６３～１５３（ｲﾝｻｲｽﾞ▲15＆▲20＆▲25混じりによって変更） 解体ステン＠１７３（ｲﾝｻｲｽﾞ▲20？：３/７付）
B43: ＧＲＭ（旧中西産業）／藤本金属＠２０８（５/３０付）ステンダライ＠１９３（インサイズ▲１５が基本：３／７）解体ステン＠２２３（１１／２９付）
B44: 豊通／藤本金属【新プラント土混じり】＠１９５／１％（４/１５付：前回３/２１＋２）
B45: 阪和メタルズ＠１７０（置場：１２／４付）、解体ステン＠１４０（ｲﾝｻｲｽﾞ▲３０） ■Ecomit／親和スチール＠２２２（７／７～１６固定）
B46: 大同興業 ステン解体＠２１０（置場：１１／３０付）長5ｍ×幅1ｍ×厚み10ｍｍ＋α（4ｔ箱車半分ぐらいのサイズ）
A47: ｱﾙﾐｻｯｼ/新ﾌﾟﾗ | B47: ■ＧＲＭ／小林アルミニウム ＠２７３（１/１１▲Ｓ：３％１/１１より▲２）堺市（運賃▲2.0～3.0/kg or ３．８万／１０ｔ平車）持込ＯＫ（ただしダンプのみ）
A48: アルミＭＩＸ | B48: ■ナベ／アスク【持込／引取▲３】 ＠２５５【５/９～+１０ソーティング部Ｃ】、＠１７０【12/？付栗東市入札分Ｂ】 ■豊通名古屋／ＴＫ ＠２３５【４月前半／置場：３月前半より＋１０】
A49: 銅混じり | B49: ■ナベ／アスク【持込／引取▲３】 ＠１８０【１１／１付重ダスト】
A50: アルミ缶 | B50: ■ナベ／アスク【持込／引取▲３】 ＠１７５【３/２８～＋１０ソーティング部】 ＠６５【４/１６～栗東入札分】
A51: アルミガラ | B51: ■ＭＭ／担当：清水氏（080-1327-4392）⇒中西産業／二唐部長へバトンタッチ【ニュースコン愛知方面引取】 ＠７２（８／１１付）⇒2021.10～ナベ／アスク＠２５５（５/９～+１０）■豊通／ＴＫ＠２３５【４月前半／置場：３月前半より＋１０】
B52: 【大：30ｃｍオーバー】■ＧＲＭ ＠１５３（6/15付：平安）
A53: ステンリッチ | B53: ■ナベ／アスク＠１００（３/２８～選別方法変更）【アルミ缶混じり＠１と交互の場合は＠７５】 ■トーヨーメタル＠５０（７／２５） ■豊通名古屋／ＴＫ＠７５【置場：11/12トライアル希望】
A54: 銅リッチ | B54: ■トーヨーメタル＠５６３（１０／３１） ■ＧＲＭ／ニュースコン＠５４５（１０／２７）
A55: マンガン | B55: ■ナベ／ＥＮＴソリューション ＠４５（１０／８付け持込み※鉄付▲３．０） ■ナベ／平田工業 ＠８（２ｍ以下：１０／９付）→名古屋持込 ■ナベ／エコネコル（大都）＠１６※1ｍ以内※（Ｈ３０／１１／３０付）持込み
B56: ■ＧＲＭ／錦麒産業＠４３．５（１／５：持込）※引取運賃▲４．５
A57: モーター | B57: ■東洋トレーディング＠１００（１０／２８） ■津和商事＠１１３（５／１６）※架台付は下がる
B58: ■岡田金属＠９５（１０／７：置場） ■ＧＲＭ（旧中西産業）＠１００【２ｔ以下：ｷﾞｱﾓｰﾀｰ等鉄混入は別単価】（１２／６）
A59: 黒モーター | B59: ■グローバルメタルシンコウ＠？ ■東北商店/ナベ ＠？ ■津和商事＠８５（７／１）
A60: 給湯器 | B60: ■中西産業＠２２０（７／５付） ■津和商事＠２３０（６／３０）
A61: パレット | B61: 横田貿易＠５（３／１７）
A62: 06/11 | B62: ■ニュースコン稲永 新断５００円
A63: 06/08 | B63: ■中山鋼業 Ｈ１～Ｌ１バラのみ５００円 ■共英製鋼／枚方 一律５００円
A64: 06/05 | B64: ■東京製鉄 岡山/海上陸上一律500円、関西ｻﾃﾗｲﾄ 一律据置、田原/海上陸上 据置、名古屋ｻﾃﾗｲﾄ/陸上 据置
A65: 06/05 | B65: ■合同大阪 ヘビーのみ５００円 ■双葉貿易 一律５００円
A66: 06/04 | B66: ■双葉貿易 ＨＳのみ３０００円、新断のみ２０００円
A67: 06/1.3.8.10 | B67: ■岸和田／豊通 Ｈ１＠５５．０、Ｈ２＠５４．５（Ｈ１既存単価＋２０００、Ｈ２既存単価＋３０００）min１５０ｔ／日（※岸和田製鋼スライド）
A68: 05/29〜05/31 | B68: ■東京製鐵 関西ｻﾃﾗｲﾄ電特Ａ＠５３．５、特Ａ＠５３．０、特級＠５１．５、１級＠５１．５、２級＠４９．５、級外＠４６．５（プレオープン）
A69: 05/15 | B69: ■東京製鉄 岡山/海上陸上据置、田原/海上陸上 一律２０００円、ｻﾃﾗｲﾄ/陸上 一律２０００円 ■トピー 新断＆シュレ以外２０００円 ■ニュースコン稲永 新断５００円
A70: 05/28 | B70: ■合同大阪 ヘビーのみ５００円
... A101: 03/13 | B101: ■ＪＦＥ条鋼 新断５００円、ＣＰ以外１０００円 ■共英製鋼／枚方 一律１０００円 ■ニュースコン尼崎 一律５００円
B102: ■岸和田 ダライ＆ＣＰ以外１０００円 ■山陽特殊 一律１０００円 ■愛知製鋼 一律１０００円 ■山口鋼業 一律１０００円 ■大同特殊鋼 一律１０００円 ■トピー工業 一律１０００円 ■共英製鋼／名古屋 一律１０００円 ■ニュースコン稲永 一律１０００円
B103: ■東京製鉄 岡山/海上陸上 一律１０００円、田原/海上陸上 一律１０００円、ｻﾃﾗｲﾄ/陸上 一律１０００円 ■中山製鋼 ＨＳ＆単体Ｈ１のみ１０００円、新断５００円 ■中山製鋼 一律１０００円 ■合同大阪 一律１０００円 ■大鉄 一律１０００円 ■ヤマト 一律１０００円
A104: 03/09 | B104: ■山陽特殊 一律５００円 ■愛知製鋼 一律５００円 ■山口鋼業 一律５００円 ■大同特殊鋼 一律５００円 ■共英製鋼／名古屋 一律５００円
A105: 03/08 | B105: ■ニュースコン尼崎 一律５００円 ■ニュースコン稲永 一律１０００円
B106: ■東京製鉄 岡山/海上陸上 一律５００円、田原/海上陸上 一律５００円、ｻﾃﾗｲﾄ/陸上 一律５００円 ■中山製鋼 一律５００円 ■大鉄 一律５００円 ■ヤマト 一律５００円 ■トピー工業 一律５００円 ■ＪＦＥ条鋼 一律５００円
A107: 03/06 | B107: ■ＪＦＥ条鋼 新断１０００円、ＣＰＣのみ３０００円
A108: 02/27 | B108: ■合同大阪 ヘビーのみ５００円
A109: 02/27 | B109: ■中山鋼業 Ｈ３＆シュレのみ５００円、Ｌ１＆Ｌ１バラのみ１０００円 ■合同大阪 新断のみ１０００円
A110: 02/17 | B110: ■ニュースコン稲永 新断１０００円
A111: 02/16～02/22 | B111: ■岸和田／豊通 Ｈ１＠５７．０、Ｈ２＠５５．０（共に既存単価＋２５００）４～５台／日程度（※岸和田製鋼スライド）
A112: 02/10 | B112: ■合同大阪 ヘビーのみ５００円
A113: 02/01～02/06 ＆02/10 | B113: ■岸和田／豊通 Ｈ１＠５７．０、Ｈ２＠５５．０（共に既存単価＋２５００）2/1～2/2：３００ｔ、2/5～2/6：３００ｔ、2/3：４００ｔ、2/10：４００ｔ＝合計１４００ｔ程度（※岸和田製鋼スライド）
A115: 02/08～02/10 | B115: ■大鉄堺／産振 Ｈ１＠５５．５、Ｈ２＠５４．０、Ｈ３＠５３．５、Ｌ１＠５３．０
A116: 02/01 | B116: ■ＪＦＥ条鋼 ＨＳ＆Ｈ１～Ｌ２のみ５００円
A117: 02/01～02/07 | B117: ■中山鋼業 Ｈ１～Ｌ１のみ+５００円
A118: 01/30 | B118: ■双葉貿易 ＨＳのみ８００円、Ｈ２のみ１５００円、新断５００円
A119: 01/29〜01/31 | B119: ■大鉄堺／産振 Ｈ１＠５５．７、Ｈ２＠５４．２、Ｈ３＠５３．７、Ｌ１＠５３．２（５００ｔ±５％）
... A126: 01/17 | B126: ■ＪＦＥ条鋼 ＨＳ＆新断１０００円、Ｈ１～Ｌ２＆ＣＰ２０００円 ■ニュースコン尼崎 一律２０００円
B127: ■山陽特殊 一律２０００円 ■愛知製鋼 一律２０００円 ■山口鋼業 一律２０００円 ■大同特殊鋼 一律２０００円 ■トピー工業 一律２０００円 ■ニュースコン稲永 一律１５００円 ■共英製鋼／名古屋 一律２０００円
B128: ■東京製鉄 岡山/海上陸上 一律２０００円、田原/海上陸上 一律２０００円、ｻﾃﾗｲﾄ/海上陸上 一律２０００円 ■合同大阪 一律２０００円 ■大鉄 一律１０００円 ■岸和田 足回り＆ＣＰ以外５００円 ■ヤマト 一律２０００円 ■栗本鉄工所 一律２０００円
A129: 01/13 | B129: ■ニュースコン稲永 一律５００円
A130: 1月～3月 | B130: ■衣浦港／産振（名古屋） ＨＳ＠東京製鐵/田原陸上電特Ａ＋２．０（スケール０．５％）（２００ｔ／月）
A131: 01/09のみ | B131: ■岸和田／豊通 Ｈ１＠５５．２、Ｈ２＠５３．２（共に既存単価＋１７００）２００ｔＵＰ（※岸和田製鋼スライド）
A132: 12/25〜12/29 | B132: ■岸和田／豊通 Ｈ１＠５５．２、Ｈ２＠５３．２（共に既存単価＋１７００）３００ｔＵＰ（※岸和田製鋼スライド）
A133: 12/20〜12/26 | B133: ■大鉄堺／産振 Ｈ１＠５３．７、Ｈ２＠５２．２、Ｈ３＠５１．７、Ｌ１＠５１．２（５００ｔ±５％）
A134: 12/23 | B134: ■ＪＦＥ条鋼 ＨＳ、Ｈ１〜Ｌ２、新断のみ１０００円
A135: 12/22 | B135: ■中山鋼業 Ｈ１～Ｌ１バラ５００円 ■ＪＦＥ条鋼 ＨＳ、Ｈ１～Ｌ２のみ５００円
A136: 12/19 | B136: ■ＪＦＥ条鋼 ＨＳのみ５００円
A137: 12/16 | B137: ■クボタ 特級屑５００円 ■栗本鐵工所 一律５００円
A138: 12/15 | B138: ■中山製鋼 一律５００円
A139: 12/13 | B139: ■中山鋼業 一律５００円
...

Sheet 最新単価表
B1: 東鐵関西:直納 | C1: 中山製鋼:阪和 | D1: 中山製鋼:豊通 | E1: 中山製鋼:豊通/出張商店 | F1: 中山製鋼:豊通/中川嘉弘商店 | G1: 中山鋼業:ナベ | H1: 合同大阪:伊藤忠 | I1: 合同大阪:阪和 | J1: 産振ﾔｰﾄﾞ:産振 | K1: 大鉄 堺:大鉄堺 | L1: 大鉄 堺:豊通 | M1: 大鉄 堺:産振 | N1: 大鉄 堺:伊藤忠 | O1: 大鉄 堺:ナベ | P1: 岸和田:豊通 | Q1: 岸和田:阪和 | R1: 岸和田:岡谷鋼機 | S1: 岸和田:リバイブ | T1: ｸﾎﾞﾀ:伊藤忠 | U1: 栗本鐵工:豊通 | V1: 共英枚方:ナベ/置場単価 | W1: 共英枚方:ナベ/5/7～京都置場 | X1: 共英枚方:リバイブ京都置場 | Y1: 南港:ﾅﾝｾｲ | Z1: 南港:産振 | AA1: 北港:リバイブ | AB1: 北港:ナベ | AC1: 泉北中谷:産振 | AD1: 泉北中谷:豊通 | AE1: 泉北中谷:ナベ双葉 | AF1: 泉北大都:産振 | AG1: 泉北大都:リバイブ | AH1: 泉北大都:GRM | AI1: ﾆｭｰｽｺﾝ尼崎:ナベ | AJ1: 大阪鋼業:ナベ | AK1: 大阪鋼業:リバイブ | AL1: 大阪港埠頭:日鉄物産 | AM1: 東鐵岡山:直納 | AN1: ﾏｷｳﾗ鋼業:直納 | AO1: ﾔﾏﾄ:阪和 | AP1: 合同姫路:阪和 | AQ1: 山陽特殊:産振 | AR1: 山陽特殊:MM | AS1: 山陽特殊:大同 | AT1: ＪＦＥ条鋼:リバイブ | AU1: ＪＦＥ条鋼:阪和 | AV1: 東鐵名古屋:直納 | AW1: 東鐵田原:直納 | AX1: 愛知:阪和 | AY1: 愛知:ナベ | AZ1: 山口鋼業:MM建材 | BA1: 山口鋼業:阪和 | BB1: 大同特殊鋼:大同興業 | BC1: 大同特殊鋼:JSE/大和ﾘﾃｯｸ | BD1: 大同特殊鋼:JSE/第二＠2.3 | BE1: 大同特殊鋼:JSE/岐阜＠1.5 | BF1: 衣浦:産振 | BG1: トピー工業:ＭＭ | BH1: RTA:栗東置場単価 | BI1: RTA:第二置場単価 | BJ1: ﾆｭｰｽｺﾝ稲永:ナベ | BK1: 共英名古屋:ナベ | BL1: 大谷製鉄:ナベ | BM1: 銑ダライ:ナベ | BN1: 大一産業:ナベ | BO1: 日鉄ｽﾁｰﾙ:産振 | BP1: 新日鉄住金和歌山:伊藤忠 | BQ1: 新日鉄住金和歌山:ＭＭ | BR1: 新日鉄住金和歌山:産振 | BS1: 韓国輸出:豊通大都 | BT1: オオハラ尼崎:ナベ | BU1: 名古屋港:水野産業 | BV1: 名古屋港:阪和西三区 | BW1: 名古屋港:ＭＭ | BX1: トヨキン:ナベ・大同特殊・H2ｽﾗｲﾄﾞ | BY1: 寺田:ナベ・大同特殊・H2ｽﾗｲﾄﾞ
A2: 2026(R8)年4月16日～ | B2: 関 西 方 面 | AM2: 姫路方面 | AV2: 愛 知 方 面 | BL2: そ の 他
A3: 製鋼メーカー | B3: 東鐵関西 | C3: 中山製鋼 | G3: 中山鋼業 | H3: 合同大阪 | J3: 産振ﾔｰﾄﾞ | K3: 大鉄 堺 | P3: 岸和田 | T3: ｸﾎﾞﾀ | U3: 栗本鐵工 | V3: 共英枚方 | Y3: 南港 | AA3: 北港 | AC3: 泉北中谷 | AF3: 泉北大都 | AI3: ﾆｭｰｽｺﾝ尼崎 | AJ3: 大阪鋼業 | AL3: 大阪港埠頭 | AM3: 東鐵岡山 | AN3: ﾏｷｳﾗ鋼業 | AO3: ﾔﾏﾄ | AP3: 合同姫路 | AQ3: 山陽特殊 | AT3: ＪＦＥ条鋼 | AV3: 東鐵名古屋 | AW3: 東鐵田原 | AX3: 愛知 | AZ3: 山口鋼業 | BB3: 大同特殊鋼 | BF3: 衣浦 | BG3: トピー工業 | BH3: RTA | BJ3: ﾆｭｰｽｺﾝ稲永 | BK3: 共英名古屋 | BL3: 大谷製鉄 | BM3: 銑ダライ | BN3: 大一産業 | BO3: 日鉄 ｽﾁｰﾙ | BP3: 新日鉄住金和歌山 | BS3: 韓国輸出 | BT3: オオハラ尼崎 | BU3: 名古屋港 | BX3: トヨキン | BY3: 寺田
A4: 商 社 | B4: 直納 | C4: 阪和 | D4: 豊通 | G4: ナベ | H4: 伊藤忠 | I4: 阪和 | J4: 産振 | K4: 大鉄堺 | L4: 豊通 | M4: 産振 | N4: 伊藤忠 | O4: ナベ | P4: 豊通 | Q4: 阪和 | R4: 岡谷鋼機 | S4: リバイブ | T4: 伊藤忠 | U4: 豊通 | V4: ナベ | Y4: ﾅﾝｾｲ | Z4: 産振 | AA4: リバイブ | AB4: ナベ | AC4: 産振 | AD4: 豊通 | AE4: ナベ双葉 | AF4: 産振 | AG4: リバイブ | AH4: GRM | AI4: ナベ | AJ4: ナベ | AK4: リバイブ | AL4: 日鉄物産 | AM4: 直納 | AN4: 直納 | AO4: 阪和 | AP4: 阪和 | AQ4: 産振 | AR4: MM | AS4: 大同 | AT4: リバイブ | AU4: 阪和 | AV4: 直納 | AW4: 直納 | AX4: 阪和 | AY4: ナベ | AZ4: MM建材 | BA4: 阪和 | BB4: 大同興業 | BC4: JSE | BF4: 産振 | BG4: ＭＭ | BH4: RTA | BJ4: ナベ | BL4: ナベ | BM4: ナベ | BN4: ナベ | BO4: 産振 | BP4: 伊藤忠 | BQ4: ＭＭ | BR4: 産振 | BS4: 豊通大都 | BT4: ナベ | BU4: 水野産業 | BV4: 阪和西三区 | BW4: ＭＭ | BX4: ナベ 大同特殊 H2ｽﾗｲﾄﾞ
A5: 備 考 | E5: 出張商店 ▲1 | F5: 中川嘉弘商店 ▲3 | J5: ＣＰのみ東鐵ｽﾗｲﾄﾞ | O5: 置場 単価 | R5: ｴｺﾒﾀﾙ ﾘﾀｰﾝ分 | S5: 運賃 1.8 | V5: 置場単価 | X5: リバイブ京都置場 | Y5: 大都Ｊ1 | AB5: 大阪▲0.8 第2 ▲2.2 | AD5: 泉北助松埠頭 | AK5: 東鐵岡山ｽﾗｲﾄﾞ | AR5: 2月度 200t | AS5: 4月度 200t | AT5: 運賃 置場 ▲2.5 | AV5: ナベ置場▲2.0 | AW5: ナベ置場▲2.4 | AX5: 4月度 ｽﾎﾟｯﾄ 300t～ | AY5: 置場 東鐵ｽﾗｲﾄﾞ | BA5: 下記単価不明 | BB5: 持込 | BC5: 大和ﾘﾃｯｸ | BD5: 第二 ＠2.3 | BE5: 岐阜 ＠1.5 | BG5: 置場単価 | BH5: 栗東置場単価 | BI5: 第二置場単価 | BL5: 置場単価 | BM5: 置場単価 | BO5: 置場 単価 | BP5: 200ｔ | BS5: 完納 | BU5: 西三区 | BV5: 9/7～100ｔ | BW5: 7/1～
A6: スポットなど | D6: 新断 | G6: 期間 | M6: 期間 | P6: 期間 | Z6: 期間 | AR6: 期間 | AX6: 57.5 | BC6: 東海 | BF6: ＨＳ
D7: 泉北 | P7: 59 | Z7: 大都 | AX7: 57 | BC7: ＨＳ
P8: 58 | AX8: 52.5
P9: 55 | AX9: 52
AX10: 51
A11: ＨＳ１(単体H1/電特A/HS)) | B11: =IF(MAXIFS('単価履歴'!$H:$H,'単価履歴'!$E:$E,B$1,'単価履歴'!$F:$F,$A11,'単価履歴'!$O:$O, MAXIFS('単価履歴'!$O:$O,'単価履歴'!$E:$E,B$1,'単価履歴'!$F:$F,$A11))=0,"", MAXIFS('単価履歴'!$H:$H,'単価履歴'!$E:$E,B$1,'単価履歴'!$F:$F,$A11,'単価履歴'!$O:$O, MAXIFS('単価履歴'!$O:$O,'単価履歴'!$E:$E,B$1,'単価履歴'!$F:$F,$A11))) -> 55.5 | D11: =IF(MAXIFS('単価履歴'!$H:$H,'単価履歴'!$E:$E,D$1,'単価履歴'!$F:$F,$A11,'単価履歴'!$O:$O, MAXIFS('単価履歴'!$O:$O,'単価履歴'!$E:$E,D$1,'単価履歴'!$F:$F,$A11))=0,"", MAXIFS('単価履歴'!$H:$H,'単価履歴'!$E:$E,D$1,'単価履歴'!$F:$F,$A11,'単価履歴'!$O:$O, MAXIFS('単価履歴'!$O:$O,'単価履歴'!$E:$E,D$1,'単価履歴'!$F:$F,$A11))) -> 57.3 | H11: =IF(MAXIFS('単価履歴'!$H:$H,'単価履歴'!$E:$E,H$1,'単価履歴'!$F:$F,$A11,'単価履歴'!$O:$O, MAXIFS('単価履歴'!$O:$O,'単価履歴'!$E:$E,H$1,'単価履歴'!$F:$F,$A11))=0,"", MAXIFS('単価履歴'!$H:$H,'単価履歴'!$E:$E,H$1,'単価履歴'!$F:$F,$A11,'単価履歴'!$O:$O, MAXIFS('単価履歴'!$O:$O,'単価履歴'!$E:$E,H$1,'単価履歴'!$F:$F,$A11))) -> 55.8 | O11: =IF(MAXIFS('単価履歴'!$H:$H,'単価履歴'!$E:$E,O$1,'単価履歴'!$F:$F,$A11,'単価履歴'!$O:$O, MAXIFS('単価履歴'!$O:$O,'単価履歴'!$E:$E,O$1,'単価履歴'!$F:$F,$A11))=0,"", MAXIFS('単価履歴'!$H:$H,'単価履歴'!$E:$E,O$1,'単価履歴'!$F:$F,$A11,'単価履歴'!$O:$O, MAXIFS('単価履歴'!$O:$O,'単価履歴'!$E:$E,O$1,'単価履歴'!$F:$F,$A11))) | P11: =IF(MAXIFS('単価履歴'!$H:$H,'単価履歴'!$E:$E,P$1,'単価履歴'!$F:$F,$A11,'単価履歴'!$O:$O, MAXIFS('単価履歴'!$O:$O,'単価履歴'!$E:$E,P$1,'単価履歴'!$F:$F,$A11))=0,"", MAXIFS('単価履歴'!$H:$H,'単価履歴'!$E:$E,P$1,'単価履歴'!$F:$F,$A11,'単価履歴'!$O:$O, MAXIFS('単価履歴'!$O:$O,'単価履歴'!$E:$E,P$1,'単価履歴'!$F:$F,$A11))) | Q11: =IF(MAXIFS('単価履歴'!$H:$H,'単価履歴'!$E:$E,Q$1,'単価履歴'!$F:$F,$A11,'単価履歴'!$O:$O, MAXIFS('単価履歴'!$O:$O,'単価履歴'!$E:$E,Q$1,'単価履歴'!$F:$F,$A11))=0,"", MAXIFS('単価履歴'!$H:$H,'単価履歴'!$E:$E,Q$1,'単価履歴'!$F:$F,$A11,'単価履歴'!$O:$O, MAXIFS('単価履歴'!$O:$O,'単価履歴'!$E:$E,Q$1,'単価履歴'!$F:$F,$A11))) | R11: =IF(MAXIFS('単価履歴'!$H:$H,'単価履歴'!$E:$E,R$1,'単価履歴'!$F:$F,$A11,'単価履歴'!$O:$O, MAXIFS('単価履歴'!$O:$O,'単価履歴'!$E:$E,R$1,'単価履歴'!$F:$F,$A11))=0,"", MAXIFS('単価履歴'!$H:$H,'単価履歴'!$E:$E,R$1,'単価履歴'!$F:$F,$A11,'単価履歴'!$O:$O, MAXIFS('単価履歴'!$O:$O,'単価履歴'!$E:$E,R$1,'単価履歴'!$F:$F,$A11))) | S11: =IF(MAXIFS('単価履歴'!$H:$H,'単価履歴'!$E:$E,S$1,'単価履歴'!$F:$F,$A11,'単価履歴'!$O:$O, MAXIFS('単価履歴'!$O:$O,'単価履歴'!$E:$E,S$1,'単価履歴'!$F:$F,$A11))=0,"", MAXIFS('単価履歴'!$H:$H,'単価履歴'!$E:$E,S$1,'単価履歴'!$F:$F,$A11,'単価履歴'!$O:$O, MAXIFS('単価履歴'!$O:$O,'単価履歴'!$E:$E,S$1,'単価履歴'!$F:$F,$A11))) | T11: =IF(MAXIFS('単価履歴'!$H:$H,'単価履歴'!$E:$E,T$1,'単価履歴'!$F:$F,$A11,'単価履歴'!$O:$O, MAXIFS('単価履歴'!$O:$O,'単価履歴'!$E:$E,T$1,'単価履歴'!$F:$F,$A11))=0,"", MAXIFS('単価履歴'!$H:$H,'単価履歴'!$E:$E,T$1,'単価履歴'!$F:$F,$A11,'単価履歴'!$O:$O, MAXIFS('単価履歴'!$O:$O,'単価履歴'!$E:$E,T$1,'単価履歴'!$F:$F,$A11))) | U11: =IF(MAXIFS('単価履歴'!$H:$H,'単価履歴'!$E:$E,U$1,'単価履歴'!$F:$F,$A11,'単価履歴'!$O:$O, MAXIFS('単価履歴'!$O:$O,'単価履歴'!$E:$E,U$1,'単価履歴'!$F:$F,$A11))=0,"", MAXIFS('単価履歴'!$H:$H,'単価履歴'!$E:$E,U$1,'単価履歴'!$F:$F,$A11,'単価履歴'!$O:$O, MAXIFS('単価履歴'!$O:$O,'単価履歴'!$E:$E,U$1,'単価履歴'!$F:$F,$A11))) -> 58.8 | V11: =IF(MAXIFS('単価履歴'!$H:$H,'単価履歴'!$E:$E,V$1,'単価履歴'!$F:$F,$A11,'単価履歴'!$O:$O, MAXIFS('単価履歴'!$O:$O,'単価履歴'!$E:$E,V$1,'単価履歴'!$F:$F,$A11))=0,"", MAXIFS('単価履歴'!$H:$H,'単価履歴'!$E:$E,V$1,'単価履歴'!$F:$F,$A11,'単価履歴'!$O:$O, MAXIFS('単価履歴'!$O:$O,'単価履歴'!$E:$E,V$1,'単価履歴'!$F:$F,$A11))) | ... Y11: =IF(MAXIFS('単価履歴'!$H:$H,'単価履歴'!$E:$E,Y$1,'単価履歴'!$F:$F,$A11,'単価履歴'!$O:$O, MAXIFS('単価履歴'!$O:$O,'単価履歴'!$E:$E,Y$1,'単価履歴'!$F:$F,$A11))=0,"", MAXIFS('単価履歴'!$H:$H,'単価履歴'!$E:$E,Y$1,'単価履歴'!$F:$F,$A11,'単価履歴'!$O:$O, MAXIFS('単価履歴'!$O:$O,'単価履歴'!$E:$E,Y$1,'単価履歴'!$F:$F,$A11))) -> 48.5 | AA11: =IF(MAXIFS('単価履歴'!$H:$H,'単価履歴'!$E:$E,AA$1,'単価履歴'!$F:$F,$A11,'単価履歴'!$O:$O, MAXIFS('単価履歴'!$O:$O,'単価履歴'!$E:$E,AA$1,'単価履歴'!$F:$F,$A11))=0,"", MAXIFS('単価履歴'!$H:$H,'単価履歴'!$E:$E,AA$1,'単価履歴'!$F:$F,$A11,'単価履歴'!$O:$O, MAXIFS('単価履歴'!$O:$O,'単価履歴'!$E:$E,AA$1,'単価履歴'!$F:$F,$A11))) -> 53 | AB11: =IF(MAXIFS('単価履歴'!$H:$H,'単価履歴'!$E:$E,AB$1,'単価履歴'!$F:$F,$A11,'単価履歴'!$O:$O, MAXIFS('単価履歴'!$O:$O,'単価履歴'!$E:$E,AB$1,'単価履歴'!$F:$F,$A11))=0,"", MAXIFS('単価履歴'!$H:$H,'単価履歴'!$E:$E,AB$1,'単価履歴'!$F:$F,$A11,'単価履歴'!$O:$O, MAXIFS('単価履歴'!$O:$O,'単価履歴'!$E:$E,AB$1,'単価履歴'!$F:$F,$A11))) | AC11: =IF(MAXIFS('単価履歴'!$H:$H,'単価履歴'!$E:$E,AC$1,'単価履歴'!$F:$F,$A11,'単価履歴'!$O:$O, MAXIFS('単価履歴'!$O:$O,'単価履歴'!$E:$E,AC$1,'単価履歴'!$F:$F,$A11))=0,"", MAXIFS('単価履歴'!$H:$H,'単価履歴'!$E:$E,AC$1,'単価履歴'!$F:$F,$A11,'単価履歴'!$O:$O, MAXIFS('単価履歴'!$O:$O,'単価履歴'!$E:$E,AC$1,'単価履歴'!$F:$F,$A11))) | AD11: =IF(MAXIFS('単価履歴'!$H:$H,'単価履歴'!$E:$E,AD$1,'単価履歴'!$F:$F,$A11,'単価履歴'!$O:$O, MAXIFS('単価履歴'!$O:$O,'単価履歴'!$E:$E,AD$1,'単価履歴'!$F:$F,$A11))=0,"", MAXIFS('単価履歴'!$H:$H,'単価履歴'!$E:$E,AD$1,'単価履歴'!$F:$F,$A11,'単価履歴'!$O:$O, MAXIFS('単価履歴'!$O:$O,'単価履歴'!$E:$E,AD$1,'単価履歴'!$F:$F,$A11))) | AE11: =IF(MAXIFS('単価履歴'!$H:$H,'単価履歴'!$E:$E,AE$1,'単価履歴'!$F:$F,$A11,'単価履歴'!$O:$O, MAXIFS('単価履歴'!$O:$O,'単価履歴'!$E:$E,AE$1,'単価履歴'!$F:$F,$A11))=0,"", MAXIFS('単価履歴'!$H:$H,'単価履歴'!$E:$E,AE$1,'単価履歴'!$F:$F,$A11,'単価履歴'!$O:$O, MAXIFS('単価履歴'!$O:$O,'単価履歴'!$E:$E,AE$1,'単価履歴'!$F:$F,$A11))) -> 47 | AF11: =IF(MAXIFS('単価履歴'!$H:$H,'単価履歴'!$E:$E,AF$1,'単価履歴'!$F:$F,$A11,'単価履歴'!$O:$O, MAXIFS('単価履歴'!$O:$O,'単価履歴'!$E:$E,AF$1,'単価履歴'!$F:$F,$A11))=0,"", MAXIFS('単価履歴'!$H:$H,'単価履歴'!$E:$E,AF$1,'単価履歴'!$F:$F,$A11,'単価履歴'!$O:$O, MAXIFS('単価履歴'!$O:$O,'単価履歴'!$E:$E,AF$1,'単価履歴'!$F:$F,$A11))) -> 45 | AG11: =IF(MAXIFS('単価履歴'!$H:$H,'単価履歴'!$E:$E,AG$1,'単価履歴'!$F:$F,$A11,'単価履歴'!$O:$O, MAXIFS('単価履歴'!$O:$O,'単価履歴'!$E:$E,AG$1,'単価履歴'!$F:$F,$A11))=0,"", MAXIFS('単価履歴'!$H:$H,'単価履歴'!$E:$E,AG$1,'単価履歴'!$F:$F,$A11,'単価履歴'!$O:$O, MAXIFS('単価履歴'!$O:$O,'単価履歴'!$E:$E,AG$1,'単価履歴'!$F:$F,$A11))) | AH11: =IF(MAXIFS('単価履歴'!$H:$H,'単価履歴'!$E:$E,AH$1,'単価履歴'!$F:$F,$A11,'単価履歴'!$O:$O, MAXIFS('単価履歴'!$O:$O,'単価履歴'!$E:$E,AH$1,'単価履歴'!$F:$F,$A11))=0,"", MAXIFS('単価履歴'!$H:$H,'単価履歴'!$E:$E,AH$1,'単価履歴'!$F:$F,$A11,'単価履歴'!$O:$O, MAXIFS('単価履歴'!$O:$O,'単価履歴'!$E:$E,AH$1,'単価履歴'!$F:$F,$A11))) | ... BY11: =IF(MAXIFS('単価履歴'!$H:$H,'単価履歴'!$E:$E,BY$1,'単価履歴'!$F:$F,$A11,'単価履歴'!$O:$O, MAXIFS('単価履歴'!$O:$O,'単価履歴'!$E:$E,BY$1,'単価履歴'!$F:$F,$A11))=0,"", MAXIFS('単価履歴'!$H:$H,'単価履歴'!$E:$E,BY$1,'単価履歴'!$F:$F,$A11,'単価履歴'!$O:$O, MAXIFS('単価履歴'!$O:$O,'単価履歴'!$E:$E,BY$1,'単価履歴'!$F:$F,$A11)))
A12: ＨＳ２ | C12: =IF(MAXIFS('単価履歴'!$H:$H,'単価履歴'!$E:$E,C$1,'単価履歴'!$F:$F,$A12,'単価履歴'!$O:$O, MAXIFS('単価履歴'!$O:$O,'単価履歴'!$E:$E,C$1,'単価履歴'!$F:$F,$A12))=0,"", MAXIFS('単価履歴'!$H:$H,'単価履歴'!$E:$E,C$1,'単価履歴'!$F:$F,$A12,'単価履歴'!$O:$O, MAXIFS('単価履歴'!$O:$O,'単価履歴'!$E:$E,C$1,'単価履歴'!$F:$F,$A12))) -> 57.4 | D12: =IF(MAXIFS('単価履歴'!$H:$H,'単価履歴'!$E:$E,D$1,'単価履歴'!$F:$F,$A12,'単価履歴'!$O:$O, MAXIFS('単価履歴'!$O:$O,'単価履歴'!$E:$E,D$1,'単価履歴'!$F:$F,$A12))=0,"", MAXIFS('単価履歴'!$H:$H,'単価履歴'!$E:$E,D$1,'単価履歴'!$F:$F,$A12,'単価履歴'!$O:$O, MAXIFS('単価履歴'!$O:$O,'単価履歴'!$E:$E,D$1,'単価履歴'!$F:$F,$A12))) -> 57.3 | H12: =IF(MAXIFS('単価履歴'!$H:$H,'単価履歴'!$E:$E,H$1,'単価履歴'!$F:$F,$A12,'単価履歴'!$O:$O, MAXIFS('単価履歴'!$O:$O,'単価履歴'!$E:$E,H$1,'単価履歴'!$F:$F,$A12))=0,"", MAXIFS('単価履歴'!$H:$H,'単価履歴'!$E:$E,H$1,'単価履歴'!$F:$F,$A12,'単価履歴'!$O:$O, MAXIFS('単価履歴'!$O:$O,'単価履歴'!$E:$E,H$1,'単価履歴'!$F:$F,$A12))) -> 55.3 | O12: =IF(MAXIFS('単価履歴'!$H:$H,'単価履歴'!$E:$E,O$1,'単価履歴'!$F:$F,$A12,'単価履歴'!$O:$O, MAXIFS('単価履歴'!$O:$O,'単価履歴'!$E:$E,O$1,'単価履歴'!$F:$F,$A12))=0,"", MAXIFS('単価履歴'!$H:$H,'単価履歴'!$E:$E,O$1,'単価履歴'!$F:$F,$A12,'単価履歴'!$O:$O, MAXIFS('単価履歴'!$O:$O,'単価履歴'!$E:$E,O$1,'単価履歴'!$F:$F,$A12))) | P12: =IF(MAXIFS('単価履歴'!$H:$H,'単価履歴'!$E:$E,P$1,'単価履歴'!$F:$F,$A12,'単価履歴'!$O:$O, MAXIFS('単価履歴'!$O:$O,'単価履歴'!$E:$E,P$1,'単価履歴'!$F:$F,$A12))=0,"", MAXIFS('単価履歴'!$H:$H,'単価履歴'!$E:$E,P$1,'単価履歴'!$F:$F,$A12,'単価履歴'!$O:$O, MAXIFS('単価履歴'!$O:$O,'単価履歴'!$E:$E,P$1,'単価履歴'!$F:$F,$A12))) | Q12: =IF(MAXIFS('単価履歴'!$H:$H,'単価履歴'!$E:$E,Q$1,'単価履歴'!$F:$F,$A12,'単価履歴'!$O:$O, MAXIFS('単価履歴'!$O:$O,'単価履歴'!$E:$E,Q$1,'単価履歴'!$F:$F,$A12))=0,"", MAXIFS('単価履歴'!$H:$H,'単価履歴'!$E:$E,Q$1,'単価履歴'!$F:$F,$A12,'単価履歴'!$O:$O, MAXIFS('単価履歴'!$O:$O,'単価履歴'!$E:$E,Q$1,'単価履歴'!$F:$F,$A12))) | R12: =IF(MAXIFS('単価履歴'!$H:$H,'単価履歴'!$E:$E,R$1,'単価履歴'!$F:$F,$A12,'単価履歴'!$O:$O, MAXIFS('単価履歴'!$O:$O,'単価履歴'!$E:$E,R$1,'単価履歴'!$F:$F,$A12))=0,"", MAXIFS('単価履歴'!$H:$H,'単価履歴'!$E:$E,R$1,'単価履歴'!$F:$F,$A12,'単価履歴'!$O:$O, MAXIFS('単価履歴'!$O:$O,'単価履歴'!$E:$E,R$1,'単価履歴'!$F:$F,$A12))) | S12: =IF(MAXIFS('単価履歴'!$H:$H,'単価履歴'!$E:$E,S$1,'単価履歴'!$F:$F,$A12,'単価履歴'!$O:$O, MAXIFS('単価履歴'!$O:$O,'単価履歴'!$E:$E,S$1,'単価履歴'!$F:$F,$A12))=0,"", MAXIFS('単価履歴'!$H:$H,'単価履歴'!$E:$E,S$1,'単価履歴'!$F:$F,$A12,'単価履歴'!$O:$O, MAXIFS('単価履歴'!$O:$O,'単価履歴'!$E:$E,S$1,'単価履歴'!$F:$F,$A12))) | T12: =IF(MAXIFS('単価履歴'!$H:$H,'単価履歴'!$E:$E,T$1,'単価履歴'!$F:$F,$A12,'単価履歴'!$O:$O, MAXIFS('単価履歴'!$O:$O,'単価履歴'!$E:$E,T$1,'単価履歴'!$F:$F,$A12))=0,"", MAXIFS('単価履歴'!$H:$H,'単価履歴'!$E:$E,T$1,'単価履歴'!$F:$F,$A12,'単価履歴'!$O:$O, MAXIFS('単価履歴'!$O:$O,'単価履歴'!$E:$E,T$1,'単価履歴'!$F:$F,$A12))) | U12: =IF(MAXIFS('単価履歴'!$H:$H,'単価履歴'!$E:$E,U$1,'単価履歴'!$F:$F,$A12,'単価履歴'!$O:$O, MAXIFS('単価履歴'!$O:$O,'単価履歴'!$E:$E,U$1,'単価履歴'!$F:$F,$A12))=0,"", MAXIFS('単価履歴'!$H:$H,'単価履歴'!$E:$E,U$1,'単価履歴'!$F:$F,$A12,'単価履歴'!$O:$O, MAXIFS('単価履歴'!$O:$O,'単価履歴'!$E:$E,U$1,'単価履歴'!$F:$F,$A12))) -> 58.5 | V12: =IF(MAXIFS('単価履歴'!$H:$H,'単価履歴'!$E:$E,V$1,'単価履歴'!$F:$F,$A12,'単価履歴'!$O:$O, MAXIFS('単価履歴'!$O:$O,'単価履歴'!$E:$E,V$1,'単価履歴'!$F:$F,$A12))=0,"", MAXIFS('単価履歴'!$H:$H,'単価履歴'!$E:$E,V$1,'単価履歴'!$F:$F,$A12,'単価履歴'!$O:$O, MAXIFS('単価履歴'!$O:$O,'単価履歴'!$E:$E,V$1,'単価履歴'!$F:$F,$A12))) | ... BY12: =IF(MAXIFS('単価履歴'!$H:$H,'単価履歴'!$E:$E,BY$1,'単価履歴'!$F:$F,$A12,'単価履歴'!$O:$O, MAXIFS('単価履歴'!$O:$O,'単価履歴'!$E:$E,BY$1,'単価履歴'!$F:$F,$A12))=0,"", MAXIFS('単価履歴'!$H:$H,'単価履歴'!$E:$E,BY$1,'単価履歴'!$F:$F,$A12,'単価履歴'!$O:$O, MAXIFS('単価履歴'!$O:$O,'単価履歴'!$E:$E,BY$1,'単価履歴'!$F:$F,$A12)))
A13: ＨＳ３ | D13: =IF(MAXIFS('単価履歴'!$H:$H,'単価履歴'!$E:$E,D$1,'単価履歴'!$F:$F,$A13,'単価履歴'!$O:$O, MAXIFS('単価履歴'!$O:$O,'単価履歴'!$E:$E,D$1,'単価履歴'!$F:$F,$A13))=0,"", MAXIFS('単価履歴'!$H:$H,'単価履歴'!$E:$E,D$1,'単価履歴'!$F:$F,$A13,'単価履歴'!$O:$O, MAXIFS('単価履歴'!$O:$O,'単価履歴'!$E:$E,D$1,'単価履歴'!$F:$F,$A13))) | O13: =IF(MAXIFS('単価履歴'!$H:$H,'単価履歴'!$E:$E,O$1,'単価履歴'!$F:$F,$A13,'単価履歴'!$O:$O, MAXIFS('単価履歴'!$O:$O,'単価履歴'!$E:$E,O$1,'単価履歴'!$F:$F,$A13))=0,"", MAXIFS('単価履歴'!$H:$H,'単価履歴'!$E:$E,O$1,'単価履歴'!$F:$F,$A13,'単価履歴'!$O:$O, MAXIFS('単価履歴'!$O:$O,'単価履歴'!$E:$E,O$1,'単価履歴'!$F:$F,$A13))) | P13: =IF(MAXIFS('単価履歴'!$H:$H,'単価履歴'!$E:$E,P$1,'単価履歴'!$F:$F,$A13,'単価履歴'!$O:$O, MAXIFS('単価履歴'!$O:$O,'単価履歴'!$E:$E,P$1,'単価履歴'!$F:$F,$A13))=0,"", MAXIFS('単価履歴'!$H:$H,'単価履歴'!$E:$E,P$1,'単価履歴'!$F:$F,$A13,'単価履歴'!$O:$O, MAXIFS('単価履歴'!$O:$O,'単価履歴'!$E:$E,P$1,'単価履歴'!$F:$F,$A13))) | Q13: =IF(MAXIFS('単価履歴'!$H:$H,'単価履歴'!$E:$E,Q$1,'単価履歴'!$F:$F,$A13,'単価履歴'!$O:$O, MAXIFS('単価履歴'!$O:$O,'単価履歴'!$E:$E,Q$1,'単価履歴'!$F:$F,$A13))=0,"", MAXIFS('単価履歴'!$H:$H,'単価履歴'!$E:$E,Q$1,'単価履歴'!$F:$F,$A13,'単価履歴'!$O:$O, MAXIFS('単価履歴'!$O:$O,'単価履歴'!$E:$E,Q$1,'単価履歴'!$F:$F,$A13))) | R13: =IF(MAXIFS('単価履歴'!$H:$H,'単価履歴'!$E:$E,R$1,'単価履歴'!$F:$F,$A13,'単価履歴'!$O:$O, MAXIFS('単価履歴'!$O:$O,'単価履歴'!$E:$E,R$1,'単価履歴'!$F:$F,$A13))=0,"", MAXIFS('単価履歴'!$H:$H,'単価履歴'!$E:$E,R$1,'単価履歴'!$F:$F,$A13,'単価履歴'!$O:$O, MAXIFS('単価履歴'!$O:$O,'単価履歴'!$E:$E,R$1,'単価履歴'!$F:$F,$A13))) | S13: =IF(MAXIFS('単価履歴'!$H:$H,'単価履歴'!$E:$E,S$1,'単価履歴'!$F:$F,$A13,'単価履歴'!$O:$O, MAXIFS('単価履歴'!$O:$O,'単価履歴'!$E:$E,S$1,'単価履歴'!$F:$F,$A13))=0,"", MAXIFS('単価履歴'!$H:$H,'単価履歴'!$E:$E,S$1,'単価履歴'!$F:$F,$A13,'単価履歴'!$O:$O, MAXIFS('単価履歴'!$O:$O,'単価履歴'!$E:$E,S$1,'単価履歴'!$F:$F,$A13))) | T13: =IF(MAXIFS('単価履歴'!$H:$H,'単価履歴'!$E:$E,T$1,'単価履歴'!$F:$F,$A13,'単価履歴'!$O:$O, MAXIFS('単価履歴'!$O:$O,'単価履歴'!$E:$E,T$1,'単価履歴'!$F:$F,$A13))=0,"", MAXIFS('単価履歴'!$H:$H,'単価履歴'!$E:$E,T$1,'単価履歴'!$F:$F,$A13,'単価履歴'!$O:$O, MAXIFS('単価履歴'!$O:$O,'単価履歴'!$E:$E,T$1,'単価履歴'!$F:$F,$A13))) | U13: =IF(MAXIFS('単価履歴'!$H:$H,'単価履歴'!$E:$E,U$1,'単価履歴'!$F:$F,$A13,'単価履歴'!$O:$O, MAXIFS('単価履歴'!$O:$O,'単価履歴'!$E:$E,U$1,'単価履歴'!$F:$F,$A13))=0,"", MAXIFS('単価履歴'!$H:$H,'単価履歴'!$E:$E,U$1,'単価履歴'!$F:$F,$A13,'単価履歴'!$O:$O, MAXIFS('単価履歴'!$O:$O,'単価履歴'!$E:$E,U$1,'単価履歴'!$F:$F,$A13))) -> 57.6 | V13: =IF(MAXIFS('単価履歴'!$H:$H,'単価履歴'!$E:$E,V$1,'単価履歴'!$F:$F,$A13,'単価履歴'!$O:$O, MAXIFS('単価履歴'!$O:$O,'単価履歴'!$E:$E,V$1,'単価履歴'!$F:$F,$A13))=0,"", MAXIFS('単価履歴'!$H:$H,'単価履歴'!$E:$E,V$1,'単価履歴'!$F:$F,$A13,'単価履歴'!$O:$O, MAXIFS('単価履歴'!$O:$O,'単価履歴'!$E:$E,V$1,'単価履歴'!$F:$F,$A13))) | ... BY13: =IF(MAXIFS('単価履歴'!$H:$H,'単価履歴'!$E:$E,BY$1,'単価履歴'!$F:$F,$A13,'単価履歴'!$O:$O, MAXIFS('単価履歴'!$O:$O,'単価履歴'!$E:$E,BY$1,'単価履歴'!$F:$F,$A13))=0,"", MAXIFS('単価履歴'!$H:$H,'単価履歴'!$E:$E,BY$1,'単価履歴'!$F:$F,$A13,'単価履歴'!$O:$O, MAXIFS('単価履歴'!$O:$O,'単価履歴'!$E:$E,BY$1,'単価履歴'!$F:$F,$A13)))
A14: Ｈ１(特A) | B14: =IF(MAXIFS('単価履歴'!$H:$H,'単価履歴'!$E:$E,B$1,'単価履歴'!$F:$F,$A14,'単価履歴'!$O:$O, MAXIFS('単価履歴'!$O:$O,'単価履歴'!$E:$E,B$1,'単価履歴'!$F:$F,$A14))=0,"", MAXIFS('単価履歴'!$H:$H,'単価履歴'!$E:$E,B$1,'単価履歴'!$F:$F,$A14,'単価履歴'!$O:$O, MAXIFS('単価履歴'!$O:$O,'単価履歴'!$E:$E,B$1,'単価履歴'!$F:$F,$A14))) -> 55 | C14: =IF(MAXIFS('単価履歴'!$H:$H,'単価履歴'!$E:$E,C$1,'単価履歴'!$F:$F,$A14,'単価履歴'!$O:$O, MAXIFS('単価履歴'!$O:$O,'単価履歴'!$E:$E,C$1,'単価履歴'!$F:$F,$A14))=0,"", MAXIFS('単価履歴'!$H:$H,'単価履歴'!$E:$E,C$1,'単価履歴'!$F:$F,$A14,'単価履歴'!$O:$O, MAXIFS('単価履歴'!$O:$O,'単価履歴'!$E:$E,C$1,'単価履歴'!$F:$F,$A14))) -> 55.3 | D14: =IF(MAXIFS('単価履歴'!$H:$H,'単価履歴'!$E:$E,D$1,'単価履歴'!$F:$F,$A14,'単価履歴'!$O:$O, MAXIFS('単価履歴'!$O:$O,'単価履歴'!$E:$E,D$1,'単価履歴'!$F:$F,$A14))=0,"", MAXIFS('単価履歴'!$H:$H,'単価履歴'!$E:$E,D$1,'単価履歴'!$F:$F,$A14,'単価履歴'!$O:$O, MAXIFS('単価履歴'!$O:$O,'単価履歴'!$E:$E,D$1,'単価履歴'!$F:$F,$A14))) -> 55.3 | G14: =IF(MAXIFS('単価履歴'!$H:$H,'単価履歴'!$E:$E,G$1,'単価履歴'!$F:$F,$A14,'単価履歴'!$O:$O, MAXIFS('単価履歴'!$O:$O,'単価履歴'!$E:$E,G$1,'単価履歴'!$F:$F,$A14))=0,"", MAXIFS('単価履歴'!$H:$H,'単価履歴'!$E:$E,G$1,'単価履歴'!$F:$F,$A14,'単価履歴'!$O:$O, MAXIFS('単価履歴'!$O:$O,'単価履歴'!$E:$E,G$1,'単価履歴'!$F:$F,$A14))) -> 55.5 | H14: =IF(MAXIFS('単価履歴'!$H:$H,'単価履歴'!$E:$E,H$1,'単価履歴'!$F:$F,$A14,'単価履歴'!$O:$O, MAXIFS('単価履歴'!$O:$O,'単価履歴'!$E:$E,H$1,'単価履歴'!$F:$F,$A14))=0,"", MAXIFS('単価履歴'!$H:$H,'単価履歴'!$E:$E,H$1,'単価履歴'!$F:$F,$A14,'単価履歴'!$O:$O, MAXIFS('単価履歴'!$O:$O,'単価履歴'!$E:$E,H$1,'単価履歴'!$F:$F,$A14))) -> 55.8 | K14: =IF(MAXIFS('単価履歴'!$H:$H,'単価履歴'!$E:$E,K$1,'単価履歴'!$F:$F,$A14,'単価履歴'!$O:$O, MAXIFS('単価履歴'!$O:$O,'単価履歴'!$E:$E,K$1,'単価履歴'!$F:$F,$A14))=0,"", MAXIFS('単価履歴'!$H:$H,'単価履歴'!$E:$E,K$1,'単価履歴'!$F:$F,$A14,'単価履歴'!$O:$O, MAXIFS('単価履歴'!$O:$O,'単価履歴'!$E:$E,K$1,'単価履歴'!$F:$F,$A14))) -> 54 | L14: =IF(MAXIFS('単価履歴'!$H:$H,'単価履歴'!$E:$E,L$1,'単価履歴'!$F:$F,$A14,'単価履歴'!$O:$O, MAXIFS('単価履歴'!$O:$O,'単価履歴'!$E:$E,L$1,'単価履歴'!$F:$F,$A14))=0,"", MAXIFS('単価履歴'!$H:$H,'単価履歴'!$E:$E,L$1,'単価履歴'!$F:$F,$A14,'単価履歴'!$O:$O, MAXIFS('単価履歴'!$O:$O,'単価履歴'!$E:$E,L$1,'単価履歴'!$F:$F,$A14))) -> 39.4 | M14: =IF(MAXIFS('単価履歴'!$H:$H,'単価履歴'!$E:$E,M$1,'単価履歴'!$F:$F,$A14,'単価履歴'!$O:$O, MAXIFS('単価履歴'!$O:$O,'単価履歴'!$E:$E,M$1,'単価履歴'!$F:$F,$A14))=0,"", MAXIFS('単価履歴'!$H:$H,'単価履歴'!$E:$E,M$1,'単価履歴'!$F:$F,$A14,'単価履歴'!$O:$O, MAXIFS('単価履歴'!$O:$O,'単価履歴'!$E:$E,M$1,'単価履歴'!$F:$F,$A14))) -> 56.2 | N14: =IF(MAXIFS('単価履歴'!$H:$H,'単価履歴'!$E:$E,N$1,'単価履歴'!$F:$F,$A14,'単価履歴'!$O:$O, MAXIFS('単価履歴'!$O:$O,'単価履歴'!$E:$E,N$1,'単価履歴'!$F:$F,$A14))=0,"", MAXIFS('単価履歴'!$H:$H,'単価履歴'!$E:$E,N$1,'単価履歴'!$F:$F,$A14,'単価履歴'!$O:$O, MAXIFS('単価履歴'!$O:$O,'単価履歴'!$E:$E,N$1,'単価履歴'!$F:$F,$A14))) -> 38.3 | O14: =IF(MAXIFS('単価履歴'!$H:$H,'単価履歴'!$E:$E,O$1,'単価履歴'!$F:$F,$A14,'単価履歴'!$O:$O, MAXIFS('単価履歴'!$O:$O,'単価履歴'!$E:$E,O$1,'単価履歴'!$F:$F,$A14))=0,"", MAXIFS('単価履歴'!$H:$H,'単価履歴'!$E:$E,O$1,'単価履歴'!$F:$F,$A14,'単価履歴'!$O:$O, MAXIFS('単価履歴'!$O:$O,'単価履歴'!$E:$E,O$1,'単価履歴'!$F:$F,$A14))) | P14: =IF(MAXIFS('単価履歴'!$H:$H,'単価履歴'!$E:$E,P$1,'単価履歴'!$F:$F,$A14,'単価履歴'!$O:$O, MAXIFS('単価履歴'!$O:$O,'単価履歴'!$E:$E,P$1,'単価履歴'!$F:$F,$A14))=0,"", MAXIFS('単価履歴'!$H:$H,'単価履歴'!$E:$E,P$1,'単価履歴'!$F:$F,$A14,'単価履歴'!$O:$O, MAXIFS('単価履歴'!$O:$O,'単価履歴'!$E:$E,P$1,'単価履歴'!$F:$F,$A14))) -> 58.5 | Q14: =IF(MAXIFS('単価履歴'!$H:$H,'単価履歴'!$E:$E,Q$1,'単価履歴'!$F:$F,$A14,'単価履歴'!$O:$O, MAXIFS('単価履歴'!$O:$O,'単価履歴'!$E:$E,Q$1,'単価履歴'!$F:$F,$A14))=0,"", MAXIFS('単価履歴'!$H:$H,'単価履歴'!$E:$E,Q$1,'単価履歴'!$F:$F,$A14,'単価履歴'!$O:$O, MAXIFS('単価履歴'!$O:$O,'単価履歴'!$E:$E,Q$1,'単価履歴'!$F:$F,$A14))) | R14: =IF(MAXIFS('単価履歴'!$H:$H,'単価履歴'!$E:$E,R$1,'単価履歴'!$F:$F,$A14,'単価履歴'!$O:$O, MAXIFS('単価履歴'!$O:$O,'単価履歴'!$E:$E,R$1,'単価履歴'!$F:$F,$A14))=0,"", MAXIFS('単価履歴'!$H:$H,'単価履歴'!$E:$E,R$1,'単価履歴'!$F:$F,$A14,'単価履歴'!$O:$O, MAXIFS('単価履歴'!$O:$O,'単価履歴'!$E:$E,R$1,'単価履歴'!$F:$F,$A14))) -> 58.2 | ... BY14: =IF(MAXIFS('単価履歴'!$H:$H,'単価履歴'!$E:$E,BY$1,'単価履歴'!$F:$F,$A14,'単価履歴'!$O:$O, MAXIFS('単価履歴'!$O:$O,'単価履歴'!$E:$E,BY$1,'単価履歴'!$F:$F,$A14))=0,"", MAXIFS('単価履歴'!$H:$H,'単価履歴'!$E:$E,BY$1,'単価履歴'!$F:$F,$A14,'単価履歴'!$O:$O, MAXIFS('単価履歴'!$O:$O,'単価履歴'!$E:$E,BY$1,'単価履歴'!$F:$F,$A14)))
A15: ＪＨ１(H2T山口)鍛造ﾊﾞﾘ | D15: =IF(MAXIFS('単価履歴'!$H:$H,'単価履歴'!$E:$E,D$1,'単価履歴'!$F:$F,$A15,'単価履歴'!$O:$O, MAXIFS('単価履歴'!$O:$O,'単価履歴'!$E:$E,D$1,'単価履歴'!$F:$F,$A15))=0,"", MAXIFS('単価履歴'!$H:$H,'単価履歴'!$E:$E,D$1,'単価履歴'!$F:$F,$A15,'単価履歴'!$O:$O, MAXIFS('単価履歴'!$O:$O,'単価履歴'!$E:$E,D$1,'単価履歴'!$F:$F,$A15))) | G15: =IF(MAXIFS('単価履歴'!$H:$H,'単価履歴'!$E:$E,G$1,'単価履歴'!$F:$F,$A15,'単価履歴'!$O:$O, MAXIFS('単価履歴'!$O:$O,'単価履歴'!$E:$E,G$1,'単価履歴'!$F:$F,$A15))=0,"", MAXIFS('単価履歴'!$H:$H,'単価履歴'!$E:$E,G$1,'単価履歴'!$F:$F,$A15,'単価履歴'!$O:$O, MAXIFS('単価履歴'!$O:$O,'単価履歴'!$E:$E,G$1,'単価履歴'!$F:$F,$A15))) -> 52.7 | K15: =IF(MAXIFS('単価履歴'!$H:$H,'単価履歴'!$E:$E,K$1,'単価履歴'!$F:$F,$A15,'単価履歴'!$O:$O, MAXIFS('単価履歴'!$O:$O,'単価履歴'!$E:$E,K$1,'単価履歴'!$F:$F,$A15))=0,"", MAXIFS('単価履歴'!$H:$H,'単価履歴'!$E:$E,K$1,'単価履歴'!$F:$F,$A15,'単価履歴'!$O:$O, MAXIFS('単価履歴'!$O:$O,'単価履歴'!$E:$E,K$1,'単価履歴'!$F:$F,$A15))) -> 53 | L15: =IF(MAXIFS('単価履歴'!$H:$H,'単価履歴'!$E:$E,L$1,'単価履歴'!$F:$F,$A15,'単価履歴'!$O:$O, MAXIFS('単価履歴'!$O:$O,'単価履歴'!$E:$E,L$1,'単価履歴'!$F:$F,$A15))=0,"", MAXIFS('単価履歴'!$H:$H,'単価履歴'!$E:$E,L$1,'単価履歴'!$F:$F,$A15,'単価履歴'!$O:$O, MAXIFS('単価履歴'!$O:$O,'単価履歴'!$E:$E,L$1,'単価履歴'!$F:$F,$A15))) -> 38.4 | N15: =IF(MAXIFS('単価履歴'!$H:$H,'単価履歴'!$E:$E,N$1,'単価履歴'!$F:$F,$A15,'単価履歴'!$O:$O, MAXIFS('単価履歴'!$O:$O,'単価履歴'!$E:$E,N$1,'単価履歴'!$F:$F,$A15))=0,"", MAXIFS('単価履歴'!$H:$H,'単価履歴'!$E:$E,N$1,'単価履歴'!$F:$F,$A15,'単価履歴'!$O:$O, MAXIFS('単価履歴'!$O:$O,'単価履歴'!$E:$E,N$1,'単価履歴'!$F:$F,$A15))) -> 45.7 | O15: =IF(MAXIFS('単価履歴'!$H:$H,'単価履歴'!$E:$E,O$1,'単価履歴'!$F:$F,$A15,'単価履歴'!$O:$O, MAXIFS('単価履歴'!$O:$O,'単価履歴'!$E:$E,O$1,'単価履歴'!$F:$F,$A15))=0,"", MAXIFS('単価履歴'!$H:$H,'単価履歴'!$E:$E,O$1,'単価履歴'!$F:$F,$A15,'単価履歴'!$O:$O, MAXIFS('単価履歴'!$O:$O,'単価履歴'!$E:$E,O$1,'単価履歴'!$F:$F,$A15))) | P15: =IF(MAXIFS('単価履歴'!$H:$H,'単価履歴'!$E:$E,P$1,'単価履歴'!$F:$F,$A15,'単価履歴'!$O:$O, MAXIFS('単価履歴'!$O:$O,'単価履歴'!$E:$E,P$1,'単価履歴'!$F:$F,$A15))=0,"", MAXIFS('単価履歴'!$H:$H,'単価履歴'!$E:$E,P$1,'単価履歴'!$F:$F,$A15,'単価履歴'!$O:$O, MAXIFS('単価履歴'!$O:$O,'単価履歴'!$E:$E,P$1,'単価履歴'!$F:$F,$A15))) | Q15: =IF(MAXIFS('単価履歴'!$H:$H,'単価履歴'!$E:$E,Q$1,'単価履歴'!$F:$F,$A15,'単価履歴'!$O:$O, MAXIFS('単価履歴'!$O:$O,'単価履歴'!$E:$E,Q$1,'単価履歴'!$F:$F,$A15))=0,"", MAXIFS('単価履歴'!$H:$H,'単価履歴'!$E:$E,Q$1,'単価履歴'!$F:$F,$A15,'単価履歴'!$O:$O, MAXIFS('単価履歴'!$O:$O,'単価履歴'!$E:$E,Q$1,'単価履歴'!$F:$F,$A15))) | R15: =IF(MAXIFS('単価履歴'!$H:$H,'単価履歴'!$E:$E,R$1,'単価履歴'!$F:$F,$A15,'単価履歴'!$O:$O, MAXIFS('単価履歴'!$O:$O,'単価履歴'!$E:$E,R$1,'単価履歴'!$F:$F,$A15))=0,"", MAXIFS('単価履歴'!$H:$H,'単価履歴'!$E:$E,R$1,'単価履歴'!$F:$F,$A15,'単価履歴'!$O:$O, MAXIFS('単価履歴'!$O:$O,'単価履歴'!$E:$E,R$1,'単価履歴'!$F:$F,$A15))) | S15: =IF(MAXIFS('単価履歴'!$H:$H,'単価履歴'!$E:$E,S$1,'単価履歴'!$F:$F,$A15,'単価履歴'!$O:$O, MAXIFS('単価履歴'!$O:$O,'単価履歴'!$E:$E,S$1,'単価履歴'!$F:$F,$A15))=0,"", MAXIFS('単価履歴'!$H:$H,'単価履歴'!$E:$E,S$1,'単価履歴'!$F:$F,$A15,'単価履歴'!$O:$O, MAXIFS('単価履歴'!$O:$O,'単価履歴'!$E:$E,S$1,'単価履歴'!$F:$F,$A15))) | T15: =IF(MAXIFS('単価履歴'!$H:$H,'単価履歴'!$E:$E,T$1,'単価履歴'!$F:$F,$A15,'単価履歴'!$O:$O, MAXIFS('単価履歴'!$O:$O,'単価履歴'!$E:$E,T$1,'単価履歴'!$F:$F,$A15))=0,"", MAXIFS('単価履歴'!$H:$H,'単価履歴'!$E:$E,T$1,'単価履歴'!$F:$F,$A15,'単価履歴'!$O:$O, MAXIFS('単価履歴'!$O:$O,'単価履歴'!$E:$E,T$1,'単価履歴'!$F:$F,$A15))) | U15: =IF(MAXIFS('単価履歴'!$H:$H,'単価履歴'!$E:$E,U$1,'単価履歴'!$F:$F,$A15,'単価履歴'!$O:$O, MAXIFS('単価履歴'!$O:$O,'単価履歴'!$E:$E,U$1,'単価履歴'!$F:$F,$A15))=0,"", MAXIFS('単価履歴'!$H:$H,'単価履歴'!$E:$E,U$1,'単価履歴'!$F:$F,$A15,'単価履歴'!$O:$O, MAXIFS('単価履歴'!$O:$O,'単価履歴'!$E:$E,U$1,'単価履歴'!$F:$F,$A15))) | ... BY15: =IF(MAXIFS('単価履歴'!$H:$H,'単価履歴'!$E:$E,BY$1,'単価履歴'!$F:$F,$A15,'単価履歴'!$O:$O, MAXIFS('単価履歴'!$O:$O,'単価履歴'!$E:$E,BY$1,'単価履歴'!$F:$F,$A15))=0,"", MAXIFS('単価履歴'!$H:$H,'単価履歴'!$E:$E,BY$1,'単価履歴'!$F:$F,$A15,'単価履歴'!$O:$O, MAXIFS('単価履歴'!$O:$O,'単価履歴'!$E:$E,BY$1,'単価履歴'!$F:$F,$A15)))
A16: Ｈ２(特級) | B16: =IF(MAXIFS('単価履歴'!$H:$H,'単価履歴'!$E:$E,B$1,'単価履歴'!$F:$F,$A16,'単価履歴'!$O:$O, MAXIFS('単価履歴'!$O:$O,'単価履歴'!$E:$E,B$1,'単価履歴'!$F:$F,$A16))=0,"", MAXIFS('単価履歴'!$H:$H,'単価履歴'!$E:$E,B$1,'単価履歴'!$F:$F,$A16,'単価履歴'!$O:$O, MAXIFS('単価履歴'!$O:$O,'単価履歴'!$E:$E,B$1,'単価履歴'!$F:$F,$A16))) -> 53 | C16: =IF(MAXIFS('単価履歴'!$H:$H,'単価履歴'!$E:$E,C$1,'単価履歴'!$F:$F,$A16,'単価履歴'!$O:$O, MAXIFS('単価履歴'!$O:$O,'単価履歴'!$E:$E,C$1,'単価履歴'!$F:$F,$A16))=0,"", MAXIFS('単価履歴'!$H:$H,'単価履歴'!$E:$E,C$1,'単価履歴'!$F:$F,$A16,'単価履歴'!$O:$O, MAXIFS('単価履歴'!$O:$O,'単価履歴'!$E:$E,C$1,'単価履歴'!$F:$F,$A16))) -> 52.5 | D16: =IF(MAXIFS('単価履歴'!$H:$H,'単価履歴'!$E:$E,D$1,'単価履歴'!$F:$F,$A16,'単価履歴'!$O:$O, MAXIFS('単価履歴'!$O:$O,'単価履歴'!$E:$E,D$1,'単価履歴'!$F:$F,$A16))=0,"", MAXIFS('単価履歴'!$H:$H,'単価履歴'!$E:$E,D$1,'単価履歴'!$F:$F,$A16,'単価履歴'!$O:$O, MAXIFS('単価履歴'!$O:$O,'単価履歴'!$E:$E,D$1,'単価履歴'!$F:$F,$A16))) -> 49.3 | G16: =IF(MAXIFS('単価履歴'!$H:$H,'単価履歴'!$E:$E,G$1,'単価履歴'!$F:$F,$A16,'単価履歴'!$O:$O, MAXIFS('単価履歴'!$O:$O,'単価履歴'!$E:$E,G$1,'単価履歴'!$F:$F,$A16))=0,"", MAXIFS('単価履歴'!$H:$H,'単価履歴'!$E:$E,G$1,'単価履歴'!$F:$F,$A16,'単価履歴'!$O:$O, MAXIFS('単価履歴'!$O:$O,'単価履歴'!$E:$E,G$1,'単価履歴'!$F:$F,$A16))) -> 54.5 | H16: =IF(MAXIFS('単価履歴'!$H:$H,'単価履歴'!$E:$E,H$1,'単価履歴'!$F:$F,$A16,'単価履歴'!$O:$O, MAXIFS('単価履歴'!$O:$O,'単価履歴'!$E:$E,H$1,'単価履歴'!$F:$F,$A16))=0,"", MAXIFS('単価履歴'!$H:$H,'単価履歴'!$E:$E,H$1,'単価履歴'!$F:$F,$A16,'単価履歴'!$O:$O, MAXIFS('単価履歴'!$O:$O,'単価履歴'!$E:$E,H$1,'単価履歴'!$F:$F,$A16))) -> 53.8 | K16: =IF(MAXIFS('単価履歴'!$H:$H,'単価履歴'!$E:$E,K$1,'単価履歴'!$F:$F,$A16,'単価履歴'!$O:$O, MAXIFS('単価履歴'!$O:$O,'単価履歴'!$E:$E,K$1,'単価履歴'!$F:$F,$A16))=0,"", MAXIFS('単価履歴'!$H:$H,'単価履歴'!$E:$E,K$1,'単価履歴'!$F:$F,$A16,'単価履歴'!$O:$O, MAXIFS('単価履歴'!$O:$O,'単価履歴'!$E:$E,K$1,'単価履歴'!$F:$F,$A16))) -> 51 | L16: =IF(MAXIFS('単価履歴'!$H:$H,'単価履歴'!$E:$E,L$1,'単価履歴'!$F:$F,$A16,'単価履歴'!$O:$O, MAXIFS('単価履歴'!$O:$O,'単価履歴'!$E:$E,L$1,'単価履歴'!$F:$F,$A16))=0,"", MAXIFS('単価履歴'!$H:$H,'単価履歴'!$E:$E,L$1,'単価履歴'!$F:$F,$A16,'単価履歴'!$O:$O, MAXIFS('単価履歴'!$O:$O,'単価履歴'!$E:$E,L$1,'単価履歴'!$F:$F,$A16))) -> 35.2 | M16: =IF(MAXIFS('単価履歴'!$H:$H,'単価履歴'!$E:$E,M$1,'単価履歴'!$F:$F,$A16,'単価履歴'!$O:$O, MAXIFS('単価履歴'!$O:$O,'単価履歴'!$E:$E,M$1,'単価履歴'!$F:$F,$A16))=0,"", MAXIFS('単価履歴'!$H:$H,'単価履歴'!$E:$E,M$1,'単価履歴'!$F:$F,$A16,'単価履歴'!$O:$O, MAXIFS('単価履歴'!$O:$O,'単価履歴'!$E:$E,M$1,'単価履歴'!$F:$F,$A16))) -> 53.7 | N16: =IF(MAXIFS('単価履歴'!$H:$H,'単価履歴'!$E:$E,N$1,'単価履歴'!$F:$F,$A16,'単価履歴'!$O:$O, MAXIFS('単価履歴'!$O:$O,'単価履歴'!$E:$E,N$1,'単価履歴'!$F:$F,$A16))=0,"", MAXIFS('単価履歴'!$H:$H,'単価履歴'!$E:$E,N$1,'単価履歴'!$F:$F,$A16,'単価履歴'!$O:$O, MAXIFS('単価履歴'!$O:$O,'単価履歴'!$E:$E,N$1,'単価履歴'!$F:$F,$A16))) -> 43.5 | O16: =IF(MAXIFS('単価履歴'!$H:$H,'単価履歴'!$E:$E,O$1,'単価履歴'!$F:$F,$A16,'単価履歴'!$O:$O, MAXIFS('単価履歴'!$O:$O,'単価履歴'!$E:$E,O$1,'単価履歴'!$F:$F,$A16))=0,"", MAXIFS('単価履歴'!$H:$H,'単価履歴'!$E:$E,O$1,'単価履歴'!$F:$F,$A16,'単価履歴'!$O:$O, MAXIFS('単価履歴'!$O:$O,'単価履歴'!$E:$E,O$1,'単価履歴'!$F:$F,$A16))) -> 53.7 | P16: =IF(MAXIFS('単価履歴'!$H:$H,'単価履歴'!$E:$E,P$1,'単価履歴'!$F:$F,$A16,'単価履歴'!$O:$O, MAXIFS('単価履歴'!$O:$O,'単価履歴'!$E:$E,P$1,'単価履歴'!$F:$F,$A16))=0,"", MAXIFS('単価履歴'!$H:$H,'単価履歴'!$E:$E,P$1,'単価履歴'!$F:$F,$A16,'単価履歴'!$O:$O, MAXIFS('単価履歴'!$O:$O,'単価履歴'!$E:$E,P$1,'単価履歴'!$F:$F,$A16))) -> 56.5 | Q16: =IF(MAXIFS('単価履歴'!$H:$H,'単価履歴'!$E:$E,Q$1,'単価履歴'!$F:$F,$A16,'単価履歴'!$O:$O, MAXIFS('単価履歴'!$O:$O,'単価履歴'!$E:$E,Q$1,'単価履歴'!$F:$F,$A16))=0,"", MAXIFS('単価履歴'!$H:$H,'単価履歴'!$E:$E,Q$1,'単価履歴'!$F:$F,$A16,'単価履歴'!$O:$O, MAXIFS('単価履歴'!$O:$O,'単価履歴'!$E:$E,Q$1,'単価履歴'!$F:$F,$A16))) | R16: =IF(MAXIFS('単価履歴'!$H:$H,'単価履歴'!$E:$E,R$1,'単価履歴'!$F:$F,$A16,'単価履歴'!$O:$O, MAXIFS('単価履歴'!$O:$O,'単価履歴'!$E:$E,R$1,'単価履歴'!$F:$F,$A16))=0,"", MAXIFS('単価履歴'!$H:$H,'単価履歴'!$E:$E,R$1,'単価履歴'!$F:$F,$A16,'単価履歴'!$O:$O, MAXIFS('単価履歴'!$O:$O,'単価履歴'!$E:$E,R$1,'単価履歴'!$F:$F,$A16))) -> 56.2 | ... BA16: =IF(MAXIFS('単価履歴'!$H:$H,'単価履歴'!$E:$E,BA$1,'単価履歴'!$F:$F,$A16,'単価履歴'!$O:$O, MAXIFS('単価履歴'!$O:$O,'単価履歴'!$E:$E,BA$1,'単価履歴'!$F:$F,$A16))=0,"", MAXIFS('単価履歴'!$H:$H,'単価履歴'!$E:$E,BA$1,'単価履歴'!$F:$F,$A16,'単価履歴'!$O:$O, MAXIFS('単価履歴'!$O:$O,'単価履歴'!$E:$E,BA$1,'単価履歴'!$F:$F,$A16))) -> 50.5 | BC16: =IF(MAXIFS('単価履歴'!$H:$H,'単価履歴'!$E:$E,BC$1,'単価履歴'!$F:$F,$A16,'単価履歴'!$O:$O, MAXIFS('単価履歴'!$O:$O,'単価履歴'!$E:$E,BC$1,'単価履歴'!$F:$F,$A16))=0,"", MAXIFS('単価履歴'!$H:$H,'単価履歴'!$E:$E,BC$1,'単価履歴'!$F:$F,$A16,'単価履歴'!$O:$O, MAXIFS('単価履歴'!$O:$O,'単価履歴'!$E:$E,BC$1,'単価履歴'!$F:$F,$A16))) -> 52.2 | BD16: =IF(MAXIFS('単価履歴'!$H:$H,'単価履歴'!$E:$E,BD$1,'単価履歴'!$F:$F,$A16,'単価履歴'!$O:$O, MAXIFS('単価履歴'!$O:$O,'単価履歴'!$E:$E,BD$1,'単価履歴'!$F:$F,$A16))=0,"", MAXIFS('単価履歴'!$H:$H,'単価履歴'!$E:$E,BD$1,'単価履歴'!$F:$F,$A16,'単価履歴'!$O:$O, MAXIFS('単価履歴'!$O:$O,'単価履歴'!$E:$E,BD$1,'単価履歴'!$F:$F,$A16))) -> 49.9 | BE16: =IF(MAXIFS('単価履歴'!$H:$H,'単価履歴'!$E:$E,BE$1,'単価履歴'!$F:$F,$A16,'単価履歴'!$O:$O, MAXIFS('単価履歴'!$O:$O,'単価履歴'!$E:$E,BE$1,'単価履歴'!$F:$F,$A16))=0,"", MAXIFS('単価履歴'!$H:$H,'単価履歴'!$E:$E,BE$1,'単価履歴'!$F:$F,$A16,'単価履歴'!$O:$O, MAXIFS('単価履歴'!$O:$O,'単価履歴'!$E:$E,BE$1,'単価履歴'!$F:$F,$A16))) -> 50.7 | BF16: =IF(MAXIFS('単価履歴'!$H:$H,'単価履歴'!$E:$E,BF$1,'単価履歴'!$F:$F,$A16,'単価履歴'!$O:$O, MAXIFS('単価履歴'!$O:$O,'単価履歴'!$E:$E,BF$1,'単価履歴'!$F:$F,$A16))=0,"", MAXIFS('単価履歴'!$H:$H,'単価履歴'!$E:$E,BF$1,'単価履歴'!$F:$F,$A16,'単価履歴'!$O:$O, MAXIFS('単価履歴'!$O:$O,'単価履歴'!$E:$E,BF$1,'単価履歴'!$F:$F,$A16))) | BG16: =IF(MAXIFS('単価履歴'!$H:$H,'単価履歴'!$E:$E,BG$1,'単価履歴'!$F:$F,$A16,'単価履歴'!$O:$O, MAXIFS('単価履歴'!$O:$O,'単価履歴'!$E:$E,BG$1,'単価履歴'!$F:$F,$A16))=0,"", MAXIFS('単価履歴'!$H:$H,'単価履歴'!$E:$E,BG$1,'単価履歴'!$F:$F,$A16,'単価履歴'!$O:$O, MAXIFS('単価履歴'!$O:$O,'単価履歴'!$E:$E,BG$1,'単価履歴'!$F:$F,$A16))) -> 47 | BH16: =IF(MAXIFS('単価履歴'!$H:$H,'単価履歴'!$E:$E,BH$1,'単価履歴'!$F:$F,$A16,'単価履歴'!$O:$O, MAXIFS('単価履歴'!$O:$O,'単価履歴'!$E:$E,BH$1,'単価履歴'!$F:$F,$A16))=0,"", MAXIFS('単価履歴'!$H:$H,'単価履歴'!$E:$E,BH$1,'単価履歴'!$F:$F,$A16,'単価履歴'!$O:$O, MAXIFS('単価履歴'!$O:$O,'単価履歴'!$E:$E,BH$1,'単価履歴'!$F:$F,$A16))) | BI16: =IF(MAXIFS('単価履歴'!$H:$H,'単価履歴'!$E:$E,BI$1,'単価履歴'!$F:$F,$A16,'単価履歴'!$O:$O, MAXIFS('単価履歴'!$O:$O,'単価履歴'!$E:$E,BI$1,'単価履歴'!$F:$F,$A16))=0,"", MAXIFS('単価履歴'!$H:$H,'単価履歴'!$E:$E,BI$1,'単価履歴'!$F:$F,$A16,'単価履歴'!$O:$O, MAXIFS('単価履歴'!$O:$O,'単価履歴'!$E:$E,BI$1,'単価履歴'!$F:$F,$A16))) | BJ16: =IF(MAXIFS('単価履歴'!$H:$H,'単価履歴'!$E:$E,BJ$1,'単価履歴'!$F:$F,$A16,'単価履歴'!$O:$O, MAXIFS('単価履歴'!$O:$O,'単価履歴'!$E:$E,BJ$1,'単価履歴'!$F:$F,$A16))=0,"", MAXIFS('単価履歴'!$H:$H,'単価履歴'!$E:$E,BJ$1,'単価履歴'!$F:$F,$A16,'単価履歴'!$O:$O, MAXIFS('単価履歴'!$O:$O,'単価履歴'!$E:$E,BJ$1,'単価履歴'!$F:$F,$A16))) | ... BY16: =IF(MAXIFS('単価履歴'!$H:$H,'単価履歴'!$E:$E,BY$1,'単価履歴'!$F:$F,$A16,'単価履歴'!$O:$O, MAXIFS('単価履歴'!$O:$O,'単価履歴'!$E:$E,BY$1,'単価履歴'!$F:$F,$A16))=0,"", MAXIFS('単価履歴'!$H:$H,'単価履歴'!$E:$E,BY$1,'単価履歴'!$F:$F,$A16,'単価履歴'!$O:$O, MAXIFS('単価履歴'!$O:$O,'単価履歴'!$E:$E,BY$1,'単価履歴'!$F:$F,$A16)))
A17: Ｈ３(1級) | B17: =IF(MAXIFS('単価履歴'!$H:$H,'単価履歴'!$E:$E,B$1,'単価履歴'!$F:$F,$A17,'単価履歴'!$O:$O, MAXIFS('単価履歴'!$O:$O,'単価履歴'!$E:$E,B$1,'単価履歴'!$F:$F,$A17))=0,"", MAXIFS('単価履歴'!$H:$H,'単価履歴'!$E:$E,B$1,'単価履歴'!$F:$F,$A17,'単価履歴'!$O:$O, MAXIFS('単価履歴'!$O:$O,'単価履歴'!$E:$E,B$1,'単価履歴'!$F:$F,$A17))) -> 53 | C17: =IF(MAXIFS('単価履歴'!$H:$H,'単価履歴'!$E:$E,C$1,'単価履歴'!$F:$F,$A17,'単価履歴'!$O:$O, MAXIFS('単価履歴'!$O:$O,'単価履歴'!$E:$E,C$1,'単価履歴'!$F:$F,$A17))=0,"", MAXIFS('単価履歴'!$H:$H,'単価履歴'!$E:$E,C$1,'単価履歴'!$F:$F,$A17,'単価履歴'!$O:$O, MAXIFS('単価履歴'!$O:$O,'単価履歴'!$E:$E,C$1,'単価履歴'!$F:$F,$A17))) -> 51.5 | D17: =IF(MAXIFS('単価履歴'!$H:$H,'単価履歴'!$E:$E,D$1,'単価履歴'!$F:$F,$A17,'単価履歴'!$O:$O, MAXIFS('単価履歴'!$O:$O,'単価履歴'!$E:$E,D$1,'単価履歴'!$F:$F,$A17))=0,"", MAXIFS('単価履歴'!$H:$H,'単価履歴'!$E:$E,D$1,'単価履歴'!$F:$F,$A17,'単価履歴'!$O:$O, MAXIFS('単価履歴'!$O:$O,'単価履歴'!$E:$E,D$1,'単価履歴'!$F:$F,$A17))) -> 45.3 | G17: =IF(MAXIFS('単価履歴'!$H:$H,'単価履歴'!$E:$E,G$1,'単価履歴'!$F:$F,$A17,'単価履歴'!$O:$O, MAXIFS('単価履歴'!$O:$O,'単価履歴'!$E:$E,G$1,'単価履歴'!$F:$F,$A17))=0,"", MAXIFS('単価履歴'!$H:$H,'単価履歴'!$E:$E,G$1,'単価履歴'!$F:$F,$A17,'単価履歴'!$O:$O, MAXIFS('単価履歴'!$O:$O,'単価履歴'!$E:$E,G$1,'単価履歴'!$F:$F,$A17))) -> 54 | H17: =IF(MAXIFS('単価履歴'!$H:$H,'単価履歴'!$E:$E,H$1,'単価履歴'!$F:$F,$A17,'単価履歴'!$O:$O, MAXIFS('単価履歴'!$O:$O,'単価履歴'!$E:$E,H$1,'単価履歴'!$F:$F,$A17))=0,"", MAXIFS('単価履歴'!$H:$H,'単価履歴'!$E:$E,H$1,'単価履歴'!$F:$F,$A17,'単価履歴'!$O:$O, MAXIFS('単価履歴'!$O:$O,'単価履歴'!$E:$E,H$1,'単価履歴'!$F:$F,$A17))) -> 53.3 | K17: =IF(MAXIFS('単価履歴'!$H:$H,'単価履歴'!$E:$E,K$1,'単価履歴'!$F:$F,$A17,'単価履歴'!$O:$O, MAXIFS('単価履歴'!$O:$O,'単価履歴'!$E:$E,K$1,'単価履歴'!$F:$F,$A17))=0,"", MAXIFS('単価履歴'!$H:$H,'単価履歴'!$E:$E,K$1,'単価履歴'!$F:$F,$A17,'単価履歴'!$O:$O, MAXIFS('単価履歴'!$O:$O,'単価履歴'!$E:$E,K$1,'単価履歴'!$F:$F,$A17))) -> 50.5 | L17: =IF(MAXIFS('単価履歴'!$H:$H,'単価履歴'!$E:$E,L$1,'単価履歴'!$F:$F,$A17,'単価履歴'!$O:$O, MAXIFS('単価履歴'!$O:$O,'単価履歴'!$E:$E,L$1,'単価履歴'!$F:$F,$A17))=0,"", MAXIFS('単価履歴'!$H:$H,'単価履歴'!$E:$E,L$1,'単価履歴'!$F:$F,$A17,'単価履歴'!$O:$O, MAXIFS('単価履歴'!$O:$O,'単価履歴'!$E:$E,L$1,'単価履歴'!$F:$F,$A17))) -> 34.2 | M17: =IF(MAXIFS('単価履歴'!$H:$H,'単価履歴'!$E:$E,M$1,'単価履歴'!$F:$F,$A17,'単価履歴'!$O:$O, MAXIFS('単価履歴'!$O:$O,'単価履歴'!$E:$E,M$1,'単価履歴'!$F:$F,$A17))=0,"", MAXIFS('単価履歴'!$H:$H,'単価履歴'!$E:$E,M$1,'単価履歴'!$F:$F,$A17,'単価履歴'!$O:$O, MAXIFS('単価履歴'!$O:$O,'単価履歴'!$E:$E,M$1,'単価履歴'!$F:$F,$A17))) -> 50.7 | N17: =IF(MAXIFS('単価履歴'!$H:$H,'単価履歴'!$E:$E,N$1,'単価履歴'!$F:$F,$A17,'単価履歴'!$O:$O, MAXIFS('単価履歴'!$O:$O,'単価履歴'!$E:$E,N$1,'単価履歴'!$F:$F,$A17))=0,"", MAXIFS('単価履歴'!$H:$H,'単価履歴'!$E:$E,N$1,'単価履歴'!$F:$F,$A17,'単価履歴'!$O:$O, MAXIFS('単価履歴'!$O:$O,'単価履歴'!$E:$E,N$1,'単価履歴'!$F:$F,$A17))) -> 42.5 | O17: =IF(MAXIFS('単価履歴'!$H:$H,'単価履歴'!$E:$E,O$1,'単価履歴'!$F:$F,$A17,'単価履歴'!$O:$O, MAXIFS('単価履歴'!$O:$O,'単価履歴'!$E:$E,O$1,'単価履歴'!$F:$F,$A17))=0,"", MAXIFS('単価履歴'!$H:$H,'単価履歴'!$E:$E,O$1,'単価履歴'!$F:$F,$A17,'単価履歴'!$O:$O, MAXIFS('単価履歴'!$O:$O,'単価履歴'!$E:$E,O$1,'単価履歴'!$F:$F,$A17))) -> 53.2 | P17: =IF(MAXIFS('単価履歴'!$H:$H,'単価履歴'!$E:$E,P$1,'単価履歴'!$F:$F,$A17,'単価履歴'!$O:$O, MAXIFS('単価履歴'!$O:$O,'単価履歴'!$E:$E,P$1,'単価履歴'!$F:$F,$A17))=0,"", MAXIFS('単価履歴'!$H:$H,'単価履歴'!$E:$E,P$1,'単価履歴'!$F:$F,$A17,'単価履歴'!$O:$O, MAXIFS('単価履歴'!$O:$O,'単価履歴'!$E:$E,P$1,'単価履歴'!$F:$F,$A17))) -> 54.5 | Q17: =IF(MAXIFS('単価履歴'!$H:$H,'単価履歴'!$E:$E,Q$1,'単価履歴'!$F:$F,$A17,'単価履歴'!$O:$O, MAXIFS('単価履歴'!$O:$O,'単価履歴'!$E:$E,Q$1,'単価履歴'!$F:$F,$A17))=0,"", MAXIFS('単価履歴'!$H:$H,'単価履歴'!$E:$E,Q$1,'単価履歴'!$F:$F,$A17,'単価履歴'!$O:$O, MAXIFS('単価履歴'!$O:$O,'単価履歴'!$E:$E,Q$1,'単価履歴'!$F:$F,$A17))) | R17: =IF(MAXIFS('単価履歴'!$H:$H,'単価履歴'!$E:$E,R$1,'単価履歴'!$F:$F,$A17,'単価履歴'!$O:$O, MAXIFS('単価履歴'!$O:$O,'単価履歴'!$E:$E,R$1,'単価履歴'!$F:$F,$A17))=0,"", MAXIFS('単価履歴'!$H:$H,'単価履歴'!$E:$E,R$1,'単価履歴'!$F:$F,$A17,'単価履歴'!$O:$O, MAXIFS('単価履歴'!$O:$O,'単価履歴'!$E:$E,R$1,'単価履歴'!$F:$F,$A17))) -> 54.2 | ... BA17: =IF(MAXIFS('単価履歴'!$H:$H,'単価履歴'!$E:$E,BA$1,'単価履歴'!$F:$F,$A17,'単価履歴'!$O:$O, MAXIFS('単価履歴'!$O:$O,'単価履歴'!$E:$E,BA$1,'単価履歴'!$F:$F,$A17))=0,"", MAXIFS('単価履歴'!$H:$H,'単価履歴'!$E:$E,BA$1,'単価履歴'!$F:$F,$A17,'単価履歴'!$O:$O, MAXIFS('単価履歴'!$O:$O,'単価履歴'!$E:$E,BA$1,'単価履歴'!$F:$F,$A17))) -> 49.5 | BC17: =IF(MAXIFS('単価履歴'!$H:$H,'単価履歴'!$E:$E,BC$1,'単価履歴'!$F:$F,$A17,'単価履歴'!$O:$O, MAXIFS('単価履歴'!$O:$O,'単価履歴'!$E:$E,BC$1,'単価履歴'!$F:$F,$A17))=0,"", MAXIFS('単価履歴'!$H:$H,'単価履歴'!$E:$E,BC$1,'単価履歴'!$F:$F,$A17,'単価履歴'!$O:$O, MAXIFS('単価履歴'!$O:$O,'単価履歴'!$E:$E,BC$1,'単価履歴'!$F:$F,$A17))) | BD17: =IF(MAXIFS('単価履歴'!$H:$H,'単価履歴'!$E:$E,BD$1,'単価履歴'!$F:$F,$A17,'単価履歴'!$O:$O, MAXIFS('単価履歴'!$O:$O,'単価履歴'!$E:$E,BD$1,'単価履歴'!$F:$F,$A17))=0,"", MAXIFS('単価履歴'!$H:$H,'単価履歴'!$E:$E,BD$1,'単価履歴'!$F:$F,$A17,'単価履歴'!$O:$O, MAXIFS('単価履歴'!$O:$O,'単価履歴'!$E:$E,BD$1,'単価履歴'!$F:$F,$A17))) | BE17: =IF(MAXIFS('単価履歴'!$H:$H,'単価履歴'!$E:$E,BE$1,'単価履歴'!$F:$F,$A17,'単価履歴'!$O:$O, MAXIFS('単価履歴'!$O:$O,'単価履歴'!$E:$E,BE$1,'単価履歴'!$F:$F,$A17))=0,"", MAXIFS('単価履歴'!$H:$H,'単価履歴'!$E:$E,BE$1,'単価履歴'!$F:$F,$A17,'単価履歴'!$O:$O, MAXIFS('単価履歴'!$O:$O,'単価履歴'!$E:$E,BE$1,'単価履歴'!$F:$F,$A17))) | BF17: =IF(MAXIFS('単価履歴'!$H:$H,'単価履歴'!$E:$E,BF$1,'単価履歴'!$F:$F,$A17,'単価履歴'!$O:$O, MAXIFS('単価履歴'!$O:$O,'単価履歴'!$E:$E,BF$1,'単価履歴'!$F:$F,$A17))=0,"", MAXIFS('単価履歴'!$H:$H,'単価履歴'!$E:$E,BF$1,'単価履歴'!$F:$F,$A17,'単価履歴'!$O:$O, MAXIFS('単価履歴'!$O:$O,'単価履歴'!$E:$E,BF$1,'単価履歴'!$F:$F,$A17))) | BG17: =IF(MAXIFS('単価履歴'!$H:$H,'単価履歴'!$E:$E,BG$1,'単価履歴'!$F:$F,$A17,'単価履歴'!$O:$O, MAXIFS('単価履歴'!$O:$O,'単価履歴'!$E:$E,BG$1,'単価履歴'!$F:$F,$A17))=0,"", MAXIFS('単価履歴'!$H:$H,'単価履歴'!$E:$E,BG$1,'単価履歴'!$F:$F,$A17,'単価履歴'!$O:$O, MAXIFS('単価履歴'!$O:$O,'単価履歴'!$E:$E,BG$1,'単価履歴'!$F:$F,$A17))) | BH17: =IF(MAXIFS('単価履歴'!$H:$H,'単価履歴'!$E:$E,BH$1,'単価履歴'!$F:$F,$A17,'単価履歴'!$O:$O, MAXIFS('単価履歴'!$O:$O,'単価履歴'!$E:$E,BH$1,'単価履歴'!$F:$F,$A17))=0,"", MAXIFS('単価履歴'!$H:$H,'単価履歴'!$E:$E,BH$1,'単価履歴'!$F:$F,$A17,'単価履歴'!$O:$O, MAXIFS('単価履歴'!$O:$O,'単価履歴'!$E:$E,BH$1,'単価履歴'!$F:$F,$A17))) | BI17: =IF(MAXIFS('単価履歴'!$H:$H,'単価履歴'!$E:$E,BI$1,'単価履歴'!$F:$F,$A17,'単価履歴'!$O:$O, MAXIFS('単価履歴'!$O:$O,'単価履歴'!$E:$E,BI$1,'単価履歴'!$F:$F,$A17))=0,"", MAXIFS('単価履歴'!$H:$H,'単価履歴'!$E:$E,BI$1,'単価履歴'!$F:$F,$A17,'単価履歴'!$O:$O, MAXIFS('単価履歴'!$O:$O,'単価履歴'!$E:$E,BI$1,'単価履歴'!$F:$F,$A17))) | BJ17: =IF(MAXIFS('単価履歴'!$H:$H,'単価履歴'!$E:$E,BJ$1,'単価履歴'!$F:$F,$A17,'単価履歴'!$O:$O, MAXIFS('単価履歴'!$O:$O,'単価履歴'!$E:$E,BJ$1,'単価履歴'!$F:$F,$A17))=0,"", MAXIFS('単価履歴'!$H:$H,'単価履歴'!$E:$E,BJ$1,'単価履歴'!$F:$F,$A17,'単価履歴'!$O:$O, MAXIFS('単価履歴'!$O:$O,'単価履歴'!$E:$E,BJ$1,'単価履歴'!$F:$F,$A17))) | ... BY17: =IF(MAXIFS('単価履歴'!$H:$H,'単価履歴'!$E:$E,BY$1,'単価履歴'!$F:$F,$A17,'単価履歴'!$O:$O, MAXIFS('単価履歴'!$O:$O,'単価履歴'!$E:$E,BY$1,'単価履歴'!$F:$F,$A17))=0,"", MAXIFS('単価履歴'!$H:$H,'単価履歴'!$E:$E,BY$1,'単価履歴'!$F:$F,$A17,'単価履歴'!$O:$O, MAXIFS('単価履歴'!$O:$O,'単価履歴'!$E:$E,BY$1,'単価履歴'!$F:$F,$A17)))
A18: Ｌ１(2級) | B18: =IF(MAXIFS('単価履歴'!$H:$H,'単価履歴'!$E:$E,B$1,'単価履歴'!$F:$F,$A18,'単価履歴'!$O:$O, MAXIFS('単価履歴'!$O:$O,'単価履歴'!$E:$E,B$1,'単価履歴'!$F:$F,$A18))=0,"", MAXIFS('単価履歴'!$H:$H,'単価履歴'!$E:$E,B$1,'単価履歴'!$F:$F,$A18,'単価履歴'!$O:$O, MAXIFS('単価履歴'!$O:$O,'単価履歴'!$E:$E,B$1,'単価履歴'!$F:$F,$A18))) -> 52.5 | C18: =IF(MAXIFS('単価履歴'!$H:$H,'単価履歴'!$E:$E,C$1,'単価履歴'!$F:$F,$A18,'単価履歴'!$O:$O, MAXIFS('単価履歴'!$O:$O,'単価履歴'!$E:$E,C$1,'単価履歴'!$F:$F,$A18))=0,"", MAXIFS('単価履歴'!$H:$H,'単価履歴'!$E:$E,C$1,'単価履歴'!$F:$F,$A18,'単価履歴'!$O:$O, MAXIFS('単価履歴'!$O:$O,'単価履歴'!$E:$E,C$1,'単価履歴'!$F:$F,$A18))) -> 51 | D18: =IF(MAXIFS('単価履歴'!$H:$H,'単価履歴'!$E:$E,D$1,'単価履歴'!$F:$F,$A18,'単価履歴'!$O:$O, MAXIFS('単価履歴'!$O:$O,'単価履歴'!$E:$E,D$1,'単価履歴'!$F:$F,$A18))=0,"", MAXIFS('単価履歴'!$H:$H,'単価履歴'!$E:$E,D$1,'単価履歴'!$F:$F,$A18,'単価履歴'!$O:$O, MAXIFS('単価履歴'!$O:$O,'単価履歴'!$E:$E,D$1,'単価履歴'!$F:$F,$A18))) -> 38.8 | G18: =IF(MAXIFS('単価履歴'!$H:$H,'単価履歴'!$E:$E,G$1,'単価履歴'!$F:$F,$A18,'単価履歴'!$O:$O, MAXIFS('単価履歴'!$O:$O,'単価履歴'!$E:$E,G$1,'単価履歴'!$F:$F,$A18))=0,"", MAXIFS('単価履歴'!$H:$H,'単価履歴'!$E:$E,G$1,'単価履歴'!$F:$F,$A18,'単価履歴'!$O:$O, MAXIFS('単価履歴'!$O:$O,'単価履歴'!$E:$E,G$1,'単価履歴'!$F:$F,$A18))) -> 53.5 | H18: =IF(MAXIFS('単価履歴'!$H:$H,'単価履歴'!$E:$E,H$1,'単価履歴'!$F:$F,$A18,'単価履歴'!$O:$O, MAXIFS('単価履歴'!$O:$O,'単価履歴'!$E:$E,H$1,'単価履歴'!$F:$F,$A18))=0,"", MAXIFS('単価履歴'!$H:$H,'単価履歴'!$E:$E,H$1,'単価履歴'!$F:$F,$A18,'単価履歴'!$O:$O, MAXIFS('単価履歴'!$O:$O,'単価履歴'!$E:$E,H$1,'単価履歴'!$F:$F,$A18))) -> 52.3 | K18: =IF(MAXIFS('単価履歴'!$H:$H,'単価履歴'!$E:$E,K$1,'単価履歴'!$F:$F,$A18,'単価履歴'!$O:$O, MAXIFS('単価履歴'!$O:$O,'単価履歴'!$E:$E,K$1,'単価履歴'!$F:$F,$A18))=0,"", MAXIFS('単価履歴'!$H:$H,'単価履歴'!$E:$E,K$1,'単価履歴'!$F:$F,$A18,'単価履歴'!$O:$O, MAXIFS('単価履歴'!$O:$O,'単価履歴'!$E:$E,K$1,'単価履歴'!$F:$F,$A18))) -> 50 | L18: =IF(MAXIFS('単価履歴'!$H:$H,'単価履歴'!$E:$E,L$1,'単価履歴'!$F:$F,$A18,'単価履歴'!$O:$O, MAXIFS('単価履歴'!$O:$O,'単価履歴'!$E:$E,L$1,'単価履歴'!$F:$F,$A18))=0,"", MAXIFS('単価履歴'!$H:$H,'単価履歴'!$E:$E,L$1,'単価履歴'!$F:$F,$A18,'単価履歴'!$O:$O, MAXIFS('単価履歴'!$O:$O,'単価履歴'!$E:$E,L$1,'単価履歴'!$F:$F,$A18))) -> 32.7 | M18: =IF(MAXIFS('単価履歴'!$H:$H,'単価履歴'!$E:$E,M$1,'単価履歴'!$F:$F,$A18,'単価履歴'!$O:$O, MAXIFS('単価履歴'!$O:$O,'単価履歴'!$E:$E,M$1,'単価履歴'!$F:$F,$A18))=0,"", MAXIFS('単価履歴'!$H:$H,'単価履歴'!$E:$E,M$1,'単価履歴'!$F:$F,$A18,'単価履歴'!$O:$O, MAXIFS('単価履歴'!$O:$O,'単価履歴'!$E:$E,M$1,'単価履歴'!$F:$F,$A18))) -> 49.7 | N18: =IF(MAXIFS('単価履歴'!$H:$H,'単価履歴'!$E:$E,N$1,'単価履歴'!$F:$F,$A18,'単価履歴'!$O:$O, MAXIFS('単価履歴'!$O:$O,'単価履歴'!$E:$E,N$1,'単価履歴'!$F:$F,$A18))=0,"", MAXIFS('単価履歴'!$H:$H,'単価履歴'!$E:$E,N$1,'単価履歴'!$F:$F,$A18,'単価履歴'!$O:$O, MAXIFS('単価履歴'!$O:$O,'単価履歴'!$E:$E,N$1,'単価履歴'!$F:$F,$A18))) -> 41.5 | O18: =IF(MAXIFS('単価履歴'!$H:$H,'単価履歴'!$E:$E,O$1,'単価履歴'!$F:$F,$A18,'単価履歴'!$O:$O, MAXIFS('単価履歴'!$O:$O,'単価履歴'!$E:$E,O$1,'単価履歴'!$F:$F,$A18))=0,"", MAXIFS('単価履歴'!$H:$H,'単価履歴'!$E:$E,O$1,'単価履歴'!$F:$F,$A18,'単価履歴'!$O:$O, MAXIFS('単価履歴'!$O:$O,'単価履歴'!$E:$E,O$1,'単価履歴'!$F:$F,$A18))) -> 52.7 | P18: =IF(MAXIFS('単価履歴'!$H:$H,'単価履歴'!$E:$E,P$1,'単価履歴'!$F:$F,$A18,'単価履歴'!$O:$O, MAXIFS('単価履歴'!$O:$O,'単価履歴'!$E:$E,P$1,'単価履歴'!$F:$F,$A18))=0,"", MAXIFS('単価履歴'!$H:$H,'単価履歴'!$E:$E,P$1,'単価履歴'!$F:$F,$A18,'単価履歴'!$O:$O, MAXIFS('単価履歴'!$O:$O,'単価履歴'!$E:$E,P$1,'単価履歴'!$F:$F,$A18))) -> 50 | Q18: =IF(MAXIFS('単価履歴'!$H:$H,'単価履歴'!$E:$E,Q$1,'単価履歴'!$F:$F,$A18,'単価履歴'!$O:$O, MAXIFS('単価履歴'!$O:$O,'単価履歴'!$E:$E,Q$1,'単価履歴'!$F:$F,$A18))=0,"", MAXIFS('単価履歴'!$H:$H,'単価履歴'!$E:$E,Q$1,'単価履歴'!$F:$F,$A18,'単価履歴'!$O:$O, MAXIFS('単価履歴'!$O:$O,'単価履歴'!$E:$E,Q$1,'単価履歴'!$F:$F,$A18))) | R18: =IF(MAXIFS('単価履歴'!$H:$H,'単価履歴'!$E:$E,R$1,'単価履歴'!$F:$F,$A18,'単価履歴'!$O:$O, MAXIFS('単価履歴'!$O:$O,'単価履歴'!$E:$E,R$1,'単価履歴'!$F:$F,$A18))=0,"", MAXIFS('単価履歴'!$H:$H,'単価履歴'!$E:$E,R$1,'単価履歴'!$F:$F,$A18,'単価履歴'!$O:$O, MAXIFS('単価履歴'!$O:$O,'単価履歴'!$E:$E,R$1,'単価履歴'!$F:$F,$A18))) | ... AQ18: =IF(MAXIFS('単価履歴'!$H:$H,'単価履歴'!$E:$E,AQ$1,'単価履歴'!$F:$F,$A18,'単価履歴'!$O:$O, MAXIFS('単価履歴'!$O:$O,'単価履歴'!$E:$E,AQ$1,'単価履歴'!$F:$F,$A18))=0,"", MAXIFS('単価履歴'!$H:$H,'単価履歴'!$E:$E,AQ$1,'単価履歴'!$F:$F,$A18,'単価履歴'!$O:$O, MAXIFS('単価履歴'!$O:$O,'単価履歴'!$E:$E,AQ$1,'単価履歴'!$F:$F,$A18))) | AT18: =IF(MAXIFS('単価履歴'!$H:$H,'単価履歴'!$E:$E,AT$1,'単価履歴'!$F:$F,$A18,'単価履歴'!$O:$O, MAXIFS('単価履歴'!$O:$O,'単価履歴'!$E:$E,AT$1,'単価履歴'!$F:$F,$A18))=0,"", MAXIFS('単価履歴'!$H:$H,'単価履歴'!$E:$E,AT$1,'単価履歴'!$F:$F,$A18,'単価履歴'!$O:$O, MAXIFS('単価履歴'!$O:$O,'単価履歴'!$E:$E,AT$1,'単価履歴'!$F:$F,$A18))) -> 50 | AU18: =IF(MAXIFS('単価履歴'!$H:$H,'単価履歴'!$E:$E,AU$1,'単価履歴'!$F:$F,$A18,'単価履歴'!$O:$O, MAXIFS('単価履歴'!$O:$O,'単価履歴'!$E:$E,AU$1,'単価履歴'!$F:$F,$A18))=0,"", MAXIFS('単価履歴'!$H:$H,'単価履歴'!$E:$E,AU$1,'単価履歴'!$F:$F,$A18,'単価履歴'!$O:$O, MAXIFS('単価履歴'!$O:$O,'単価履歴'!$E:$E,AU$1,'単価履歴'!$F:$F,$A18))) | AV18: =IF(MAXIFS('単価履歴'!$H:$H,'単価履歴'!$E:$E,AV$1,'単価履歴'!$F:$F,$A18,'単価履歴'!$O:$O, MAXIFS('単価履歴'!$O:$O,'単価履歴'!$E:$E,AV$1,'単価履歴'!$F:$F,$A18))=0,"", MAXIFS('単価履歴'!$H:$H,'単価履歴'!$E:$E,AV$1,'単価履歴'!$F:$F,$A18,'単価履歴'!$O:$O, MAXIFS('単価履歴'!$O:$O,'単価履歴'!$E:$E,AV$1,'単価履歴'!$F:$F,$A18))) -> 52.5 | AW18: =IF(MAXIFS('単価履歴'!$H:$H,'単価履歴'!$E:$E,AW$1,'単価履歴'!$F:$F,$A18,'単価履歴'!$O:$O, MAXIFS('単価履歴'!$O:$O,'単価履歴'!$E:$E,AW$1,'単価履歴'!$F:$F,$A18))=0,"", MAXIFS('単価履歴'!$H:$H,'単価履歴'!$E:$E,AW$1,'単価履歴'!$F:$F,$A18,'単価履歴'!$O:$O, MAXIFS('単価履歴'!$O:$O,'単価履歴'!$E:$E,AW$1,'単価履歴'!$F:$F,$A18))) -> 52.5 | AX18: =IF(MAXIFS('単価履歴'!$H:$H,'単価履歴'!$E:$E,AX$1,'単価履歴'!$F:$F,$A18,'単価履歴'!$O:$O, MAXIFS('単価履歴'!$O:$O,'単価履歴'!$E:$E,AX$1,'単価履歴'!$F:$F,$A18))=0,"", MAXIFS('単価履歴'!$H:$H,'単価履歴'!$E:$E,AX$1,'単価履歴'!$F:$F,$A18,'単価履歴'!$O:$O, MAXIFS('単価履歴'!$O:$O,'単価履歴'!$E:$E,AX$1,'単価履歴'!$F:$F,$A18))) | AY18: =IF(MAXIFS('単価履歴'!$H:$H,'単価履歴'!$E:$E,AY$1,'単価履歴'!$F:$F,$A18,'単価履歴'!$O:$O, MAXIFS('単価履歴'!$O:$O,'単価履歴'!$E:$E,AY$1,'単価履歴'!$F:$F,$A18))=0,"", MAXIFS('単価履歴'!$H:$H,'単価履歴'!$E:$E,AY$1,'単価履歴'!$F:$F,$A18,'単価履歴'!$O:$O, MAXIFS('単価履歴'!$O:$O,'単価履歴'!$E:$E,AY$1,'単価履歴'!$F:$F,$A18))) | AZ18: =IF(MAXIFS('単価履歴'!$H:$H,'単価履歴'!$E:$E,AZ$1,'単価履歴'!$F:$F,$A18,'単価履歴'!$O:$O, MAXIFS('単価履歴'!$O:$O,'単価履歴'!$E:$E,AZ$1,'単価履歴'!$F:$F,$A18))=0,"", MAXIFS('単価履歴'!$H:$H,'単価履歴'!$E:$E,AZ$1,'単価履歴'!$F:$F,$A18,'単価履歴'!$O:$O, MAXIFS('単価履歴'!$O:$O,'単価履歴'!$E:$E,AZ$1,'単価履歴'!$F:$F,$A18))) | BA18: =IF(MAXIFS('単価履歴'!$H:$H,'単価履歴'!$E:$E,BA$1,'単価履歴'!$F:$F,$A18,'単価履歴'!$O:$O, MAXIFS('単価履歴'!$O:$O,'単価履歴'!$E:$E,BA$1,'単価履歴'!$F:$F,$A18))=0,"", MAXIFS('単価履歴'!$H:$H,'単価履歴'!$E:$E,BA$1,'単価履歴'!$F:$F,$A18,'単価履歴'!$O:$O, MAXIFS('単価履歴'!$O:$O,'単価履歴'!$E:$E,BA$1,'単価履歴'!$F:$F,$A18))) | BC18: =IF(MAXIFS('単価履歴'!$H:$H,'単価履歴'!$E:$E,BC$1,'単価履歴'!$F:$F,$A18,'単価履歴'!$O:$O, MAXIFS('単価履歴'!$O:$O,'単価履歴'!$E:$E,BC$1,'単価履歴'!$F:$F,$A18))=0,"", MAXIFS('単価履歴'!$H:$H,'単価履歴'!$E:$E,BC$1,'単価履歴'!$F:$F,$A18,'単価履歴'!$O:$O, MAXIFS('単価履歴'!$O:$O,'単価履歴'!$E:$E,BC$1,'単価履歴'!$F:$F,$A18))) | BD18: =IF(MAXIFS('単価履歴'!$H:$H,'単価履歴'!$E:$E,BD$1,'単価履歴'!$F:$F,$A18,'単価履歴'!$O:$O, MAXIFS('単価履歴'!$O:$O,'単価履歴'!$E:$E,BD$1,'単価履歴'!$F:$F,$A18))=0,"", MAXIFS('単価履歴'!$H:$H,'単価履歴'!$E:$E,BD$1,'単価履歴'!$F:$F,$A18,'単価履歴'!$O:$O, MAXIFS('単価履歴'!$O:$O,'単価履歴'!$E:$E,BD$1,'単価履歴'!$F:$F,$A18))) | BE18: =IF(MAXIFS('単価履歴'!$H:$H,'単価履歴'!$E:$E,BE$1,'単価履歴'!$F:$F,$A18,'単価履歴'!$O:$O, MAXIFS('単価履歴'!$O:$O,'単価履歴'!$E:$E,BE$1,'単価履歴'!$F:$F,$A18))=0,"", MAXIFS('単価履歴'!$H:$H,'単価履歴'!$E:$E,BE$1,'単価履歴'!$F:$F,$A18,'単価履歴'!$O:$O, MAXIFS('単価履歴'!$O:$O,'単価履歴'!$E:$E,BE$1,'単価履歴'!$F:$F,$A18))) | BF18: =IF(MAXIFS('単価履歴'!$H:$H,'単価履歴'!$E:$E,BF$1,'単価履歴'!$F:$F,$A18,'単価履歴'!$O:$O, MAXIFS('単価履歴'!$O:$O,'単価履歴'!$E:$E,BF$1,'単価履歴'!$F:$F,$A18))=0,"", MAXIFS('単価履歴'!$H:$H,'単価履歴'!$E:$E,BF$1,'単価履歴'!$F:$F,$A18,'単価履歴'!$O:$O, MAXIFS('単価履歴'!$O:$O,'単価履歴'!$E:$E,BF$1,'単価履歴'!$F:$F,$A18))) | BG18: =IF(MAXIFS('単価履歴'!$H:$H,'単価履歴'!$E:$E,BG$1,'単価履歴'!$F:$F,$A18,'単価履歴'!$O:$O, MAXIFS('単価履歴'!$O:$O,'単価履歴'!$E:$E,BG$1,'単価履歴'!$F:$F,$A18))=0,"", MAXIFS('単価履歴'!$H:$H,'単価履歴'!$E:$E,BG$1,'単価履歴'!$F:$F,$A18,'単価履歴'!$O:$O, MAXIFS('単価履歴'!$O:$O,'単価履歴'!$E:$E,BG$1,'単価履歴'!$F:$F,$A18))) | BH18: =IF(MAXIFS('単価履歴'!$H:$H,'単価履歴'!$E:$E,BH$1,'単価履歴'!$F:$F,$A18,'単価履歴'!$O:$O, MAXIFS('単価履歴'!$O:$O,'単価履歴'!$E:$E,BH$1,'単価履歴'!$F:$F,$A18))=0,"", MAXIFS('単価履歴'!$H:$H,'単価履歴'!$E:$E,BH$1,'単価履歴'!$F:$F,$A18,'単価履歴'!$O:$O, MAXIFS('単価履歴'!$O:$O,'単価履歴'!$E:$E,BH$1,'単価履歴'!$F:$F,$A18))) | BI18: =IF(MAXIFS('単価履歴'!$H:$H,'単価履歴'!$E:$E,BI$1,'単価履歴'!$F:$F,$A18,'単価履歴'!$O:$O, MAXIFS('単価履歴'!$O:$O,'単価履歴'!$E:$E,BI$1,'単価履歴'!$F:$F,$A18))=0,"", MAXIFS('単価履歴'!$H:$H,'単価履歴'!$E:$E,BI$1,'単価履歴'!$F:$F,$A18,'単価履歴'!$O:$O, MAXIFS('単価履歴'!$O:$O,'単価履歴'!$E:$E,BI$1,'単価履歴'!$F:$F,$A18))) | BJ18: =IF(MAXIFS('単価履歴'!$H:$H,'単価履歴'!$E:$E,BJ$1,'単価履歴'!$F:$F,$A18,'単価履歴'!$O:$O, MAXIFS('単価履歴'!$O:$O,'単価履歴'!$E:$E,BJ$1,'単価履歴'!$F:$F,$A18))=0,"", MAXIFS('単価履歴'!$H:$H,'単価履歴'!$E:$E,BJ$1,'単価履歴'!$F:$F,$A18,'単価履歴'!$O:$O, MAXIFS('単価履歴'!$O:$O,'単価履歴'!$E:$E,BJ$1,'単価履歴'!$F:$F,$A18))) | ... BY18: =IF(MAXIFS('単価履歴'!$H:$H,'単価履歴'!$E:$E,BY$1,'単価履歴'!$F:$F,$A18,'単価履歴'!$O:$O, MAXIFS('単価履歴'!$O:$O,'単価履歴'!$E:$E,BY$1,'単価履歴'!$F:$F,$A18))=0,"", MAXIFS('単価履歴'!$H:$H,'単価履歴'!$E:$E,BY$1,'単価履歴'!$F:$F,$A18,'単価履歴'!$O:$O, MAXIFS('単価履歴'!$O:$O,'単価履歴'!$E:$E,BY$1,'単価履歴'!$F:$F,$A18)))
A19: Ｌ２(H4･級外･L1ﾊﾞﾗ) | B19: =IF(MAXIFS('単価履歴'!$H:$H,'単価履歴'!$E:$E,B$1,'単価履歴'!$F:$F,$A19,'単価履歴'!$O:$O, MAXIFS('単価履歴'!$O:$O,'単価履歴'!$E:$E,B$1,'単価履歴'!$F:$F,$A19))=0,"", MAXIFS('単価履歴'!$H:$H,'単価履歴'!$E:$E,B$1,'単価履歴'!$F:$F,$A19,'単価履歴'!$O:$O, MAXIFS('単価履歴'!$O:$O,'単価履歴'!$E:$E,B$1,'単価履歴'!$F:$F,$A19))) -> 48 | G19: =IF(MAXIFS('単価履歴'!$H:$H,'単価履歴'!$E:$E,G$1,'単価履歴'!$F:$F,$A19,'単価履歴'!$O:$O, MAXIFS('単価履歴'!$O:$O,'単価履歴'!$E:$E,G$1,'単価履歴'!$F:$F,$A19))=0,"", MAXIFS('単価履歴'!$H:$H,'単価履歴'!$E:$E,G$1,'単価履歴'!$F:$F,$A19,'単価履歴'!$O:$O, MAXIFS('単価履歴'!$O:$O,'単価履歴'!$E:$E,G$1,'単価履歴'!$F:$F,$A19))) -> 48 | K19: =IF(MAXIFS('単価履歴'!$H:$H,'単価履歴'!$E:$E,K$1,'単価履歴'!$F:$F,$A19,'単価履歴'!$O:$O, MAXIFS('単価履歴'!$O:$O,'単価履歴'!$E:$E,K$1,'単価履歴'!$F:$F,$A19))=0,"", MAXIFS('単価履歴'!$H:$H,'単価履歴'!$E:$E,K$1,'単価履歴'!$F:$F,$A19,'単価履歴'!$O:$O, MAXIFS('単価履歴'!$O:$O,'単価履歴'!$E:$E,K$1,'単価履歴'!$F:$F,$A19))) | L19: =IF(MAXIFS('単価履歴'!$H:$H,'単価履歴'!$E:$E,L$1,'単価履歴'!$F:$F,$A19,'単価履歴'!$O:$O, MAXIFS('単価履歴'!$O:$O,'単価履歴'!$E:$E,L$1,'単価履歴'!$F:$F,$A19))=0,"", MAXIFS('単価履歴'!$H:$H,'単価履歴'!$E:$E,L$1,'単価履歴'!$F:$F,$A19,'単価履歴'!$O:$O, MAXIFS('単価履歴'!$O:$O,'単価履歴'!$E:$E,L$1,'単価履歴'!$F:$F,$A19))) | M19: =IF(MAXIFS('単価履歴'!$H:$H,'単価履歴'!$E:$E,M$1,'単価履歴'!$F:$F,$A19,'単価履歴'!$O:$O, MAXIFS('単価履歴'!$O:$O,'単価履歴'!$E:$E,M$1,'単価履歴'!$F:$F,$A19))=0,"", MAXIFS('単価履歴'!$H:$H,'単価履歴'!$E:$E,M$1,'単価履歴'!$F:$F,$A19,'単価履歴'!$O:$O, MAXIFS('単価履歴'!$O:$O,'単価履歴'!$E:$E,M$1,'単価履歴'!$F:$F,$A19))) | N19: =IF(MAXIFS('単価履歴'!$H:$H,'単価履歴'!$E:$E,N$1,'単価履歴'!$F:$F,$A19,'単価履歴'!$O:$O, MAXIFS('単価履歴'!$O:$O,'単価履歴'!$E:$E,N$1,'単価履歴'!$F:$F,$A19))=0,"", MAXIFS('単価履歴'!$H:$H,'単価履歴'!$E:$E,N$1,'単価履歴'!$F:$F,$A19,'単価履歴'!$O:$O, MAXIFS('単価履歴'!$O:$O,'単価履歴'!$E:$E,N$1,'単価履歴'!$F:$F,$A19))) | O19: =IF(MAXIFS('単価履歴'!$H:$H,'単価履歴'!$E:$E,O$1,'単価履歴'!$F:$F,$A19,'単価履歴'!$O:$O, MAXIFS('単価履歴'!$O:$O,'単価履歴'!$E:$E,O$1,'単価履歴'!$F:$F,$A19))=0,"", MAXIFS('単価履歴'!$H:$H,'単価履歴'!$E:$E,O$1,'単価履歴'!$F:$F,$A19,'単価履歴'!$O:$O, MAXIFS('単価履歴'!$O:$O,'単価履歴'!$E:$E,O$1,'単価履歴'!$F:$F,$A19))) | P19: =IF(MAXIFS('単価履歴'!$H:$H,'単価履歴'!$E:$E,P$1,'単価履歴'!$F:$F,$A19,'単価履歴'!$O:$O, MAXIFS('単価履歴'!$O:$O,'単価履歴'!$E:$E,P$1,'単価履歴'!$F:$F,$A19))=0,"", MAXIFS('単価履歴'!$H:$H,'単価履歴'!$E:$E,P$1,'単価履歴'!$F:$F,$A19,'単価履歴'!$O:$O, MAXIFS('単価履歴'!$O:$O,'単価履歴'!$E:$E,P$1,'単価履歴'!$F:$F,$A19))) | Q19: =IF(MAXIFS('単価履歴'!$H:$H,'単価履歴'!$E:$E,Q$1,'単価履歴'!$F:$F,$A19,'単価履歴'!$O:$O, MAXIFS('単価履歴'!$O:$O,'単価履歴'!$E:$E,Q$1,'単価履歴'!$F:$F,$A19))=0,"", MAXIFS('単価履歴'!$H:$H,'単価履歴'!$E:$E,Q$1,'単価履歴'!$F:$F,$A19,'単価履歴'!$O:$O, MAXIFS('単価履歴'!$O:$O,'単価履歴'!$E:$E,Q$1,'単価履歴'!$F:$F,$A19))) | R19: =IF(MAXIFS('単価履歴'!$H:$H,'単価履歴'!$E:$E,R$1,'単価履歴'!$F:$F,$A19,'単価履歴'!$O:$O, MAXIFS('単価履歴'!$O:$O,'単価履歴'!$E:$E,R$1,'単価履歴'!$F:$F,$A19))=0,"", MAXIFS('単価履歴'!$H:$H,'単価履歴'!$E:$E,R$1,'単価履歴'!$F:$F,$A19,'単価履歴'!$O:$O, MAXIFS('単価履歴'!$O:$O,'単価履歴'!$E:$E,R$1,'単価履歴'!$F:$F,$A19))) | ... BA19: =IF(MAXIFS('単価履歴'!$H:$H,'単価履歴'!$E:$E,BA$1,'単価履歴'!$F:$F,$A19,'単価履歴'!$O:$O, MAXIFS('単価履歴'!$O:$O,'単価履歴'!$E:$E,BA$1,'単価履歴'!$F:$F,$A19))=0,"", MAXIFS('単価履歴'!$H:$H,'単価履歴'!$E:$E,BA$1,'単価履歴'!$F:$F,$A19,'単価履歴'!$O:$O, MAXIFS('単価履歴'!$O:$O,'単価履歴'!$E:$E,BA$1,'単価履歴'!$F:$F,$A19))) -> 48 | BC19: =IF(MAXIFS('単価履歴'!$H:$H,'単価履歴'!$E:$E,BC$1,'単価履歴'!$F:$F,$A19,'単価履歴'!$O:$O, MAXIFS('単価履歴'!$O:$O,'単価履歴'!$E:$E,BC$1,'単価履歴'!$F:$F,$A19))=0,"", MAXIFS('単価履歴'!$H:$H,'単価履歴'!$E:$E,BC$1,'単価履歴'!$F:$F,$A19,'単価履歴'!$O:$O, MAXIFS('単価履歴'!$O:$O,'単価履歴'!$E:$E,BC$1,'単価履歴'!$F:$F,$A19))) | BD19: =IF(MAXIFS('単価履歴'!$H:$H,'単価履歴'!$E:$E,BD$1,'単価履歴'!$F:$F,$A19,'単価履歴'!$O:$O, MAXIFS('単価履歴'!$O:$O,'単価履歴'!$E:$E,BD$1,'単価履歴'!$F:$F,$A19))=0,"", MAXIFS('単価履歴'!$H:$H,'単価履歴'!$E:$E,BD$1,'単価履歴'!$F:$F,$A19,'単価履歴'!$O:$O, MAXIFS('単価履歴'!$O:$O,'単価履歴'!$E:$E,BD$1,'単価履歴'!$F:$F,$A19))) | BE19: =IF(MAXIFS('単価履歴'!$H:$H,'単価履歴'!$E:$E,BE$1,'単価履歴'!$F:$F,$A19,'単価履歴'!$O:$O, MAXIFS('単価履歴'!$O:$O,'単価履歴'!$E:$E,BE$1,'単価履歴'!$F:$F,$A19))=0,"", MAXIFS('単価履歴'!$H:$H,'単価履歴'!$E:$E,BE$1,'単価履歴'!$F:$F,$A19,'単価履歴'!$O:$O, MAXIFS('単価履歴'!$O:$O,'単価履歴'!$E:$E,BE$1,'単価履歴'!$F:$F,$A19))) | BF19: =IF(MAXIFS('単価履歴'!$H:$H,'単価履歴'!$E:$E,BF$1,'単価履歴'!$F:$F,$A19,'単価履歴'!$O:$O, MAXIFS('単価履歴'!$O:$O,'単価履歴'!$E:$E,BF$1,'単価履歴'!$F:$F,$A19))=0,"", MAXIFS('単価履歴'!$H:$H,'単価履歴'!$E:$E,BF$1,'単価履歴'!$F:$F,$A19,'単価履歴'!$O:$O, MAXIFS('単価履歴'!$O:$O,'単価履歴'!$E:$E,BF$1,'単価履歴'!$F:$F,$A19))) | BG19: =IF(MAXIFS('単価履歴'!$H:$H,'単価履歴'!$E:$E,BG$1,'単価履歴'!$F:$F,$A19,'単価履歴'!$O:$O, MAXIFS('単価履歴'!$O:$O,'単価履歴'!$E:$E,BG$1,'単価履歴'!$F:$F,$A19))=0,"", MAXIFS('単価履歴'!$H:$H,'単価履歴'!$E:$E,BG$1,'単価履歴'!$F:$F,$A19,'単価履歴'!$O:$O, MAXIFS('単価履歴'!$O:$O,'単価履歴'!$E:$E,BG$1,'単価履歴'!$F:$F,$A19))) | BH19: =IF(MAXIFS('単価履歴'!$H:$H,'単価履歴'!$E:$E,BH$1,'単価履歴'!$F:$F,$A19,'単価履歴'!$O:$O, MAXIFS('単価履歴'!$O:$O,'単価履歴'!$E:$E,BH$1,'単価履歴'!$F:$F,$A19))=0,"", MAXIFS('単価履歴'!$H:$H,'単価履歴'!$E:$E,BH$1,'単価履歴'!$F:$F,$A19,'単価履歴'!$O:$O, MAXIFS('単価履歴'!$O:$O,'単価履歴'!$E:$E,BH$1,'単価履歴'!$F:$F,$A19))) | BI19: =IF(MAXIFS('単価履歴'!$H:$H,'単価履歴'!$E:$E,BI$1,'単価履歴'!$F:$F,$A19,'単価履歴'!$O:$O, MAXIFS('単価履歴'!$O:$O,'単価履歴'!$E:$E,BI$1,'単価履歴'!$F:$F,$A19))=0,"", MAXIFS('単価履歴'!$H:$H,'単価履歴'!$E:$E,BI$1,'単価履歴'!$F:$F,$A19,'単価履歴'!$O:$O, MAXIFS('単価履歴'!$O:$O,'単価履歴'!$E:$E,BI$1,'単価履歴'!$F:$F,$A19))) | BJ19: =IF(MAXIFS('単価履歴'!$H:$H,'単価履歴'!$E:$E,BJ$1,'単価履歴'!$F:$F,$A19,'単価履歴'!$O:$O, MAXIFS('単価履歴'!$O:$O,'単価履歴'!$E:$E,BJ$1,'単価履歴'!$F:$F,$A19))=0,"", MAXIFS('単価履歴'!$H:$H,'単価履歴'!$E:$E,BJ$1,'単価履歴'!$F:$F,$A19,'単価履歴'!$O:$O, MAXIFS('単価履歴'!$O:$O,'単価履歴'!$E:$E,BJ$1,'単価履歴'!$F:$F,$A19))) | ... BY19: =IF(MAXIFS('単価履歴'!$H:$H,'単価履歴'!$E:$E,BY$1,'単価履歴'!$F:$F,$A19,'単価履歴'!$O:$O, MAXIFS('単価履歴'!$O:$O,'単価履歴'!$E:$E,BY$1,'単価履歴'!$F:$F,$A19))=0,"", MAXIFS('単価履歴'!$H:$H,'単価履歴'!$E:$E,BY$1,'単価履歴'!$F:$F,$A19,'単価履歴'!$O:$O, MAXIFS('単価履歴'!$O:$O,'単価履歴'!$E:$E,BY$1,'単価履歴'!$F:$F,$A19)))
A20: 新断Ａ | C20: =IF(MAXIFS('単価履歴'!$H:$H,'単価履歴'!$E:$E,C$1,'単価履歴'!$F:$F,$A20,'単価履歴'!$O:$O, MAXIFS('単価履歴'!$O:$O,'単価履歴'!$E:$E,C$1,'単価履歴'!$F:$F,$A20))=0,"", MAXIFS('単価履歴'!$H:$H,'単価履歴'!$E:$E,C$1,'単価履歴'!$F:$F,$A20,'単価履歴'!$O:$O, MAXIFS('単価履歴'!$O:$O,'単価履歴'!$E:$E,C$1,'単価履歴'!$F:$F,$A20))) -> 58.3 | D20: =IF(MAXIFS('単価履歴'!$H:$H,'単価履歴'!$E:$E,D$1,'単価履歴'!$F:$F,$A20,'単価履歴'!$O:$O, MAXIFS('単価履歴'!$O:$O,'単価履歴'!$E:$E,D$1,'単価履歴'!$F:$F,$A20))=0,"", MAXIFS('単価履歴'!$H:$H,'単価履歴'!$E:$E,D$1,'単価履歴'!$F:$F,$A20,'単価履歴'!$O:$O, MAXIFS('単価履歴'!$O:$O,'単価履歴'!$E:$E,D$1,'単価履歴'!$F:$F,$A20))) -> 58.3 | E20: =IF(MAXIFS('単価履歴'!$H:$H,'単価履歴'!$E:$E,E$1,'単価履歴'!$F:$F,$A20,'単価履歴'!$O:$O, MAXIFS('単価履歴'!$O:$O,'単価履歴'!$E:$E,E$1,'単価履歴'!$F:$F,$A20))=0,"", MAXIFS('単価履歴'!$H:$H,'単価履歴'!$E:$E,E$1,'単価履歴'!$F:$F,$A20,'単価履歴'!$O:$O, MAXIFS('単価履歴'!$O:$O,'単価履歴'!$E:$E,E$1,'単価履歴'!$F:$F,$A20))) -> 57.3 | F20: =IF(MAXIFS('単価履歴'!$H:$H,'単価履歴'!$E:$E,F$1,'単価履歴'!$F:$F,$A20,'単価履歴'!$O:$O, MAXIFS('単価履歴'!$O:$O,'単価履歴'!$E:$E,F$1,'単価履歴'!$F:$F,$A20))=0,"", MAXIFS('単価履歴'!$H:$H,'単価履歴'!$E:$E,F$1,'単価履歴'!$F:$F,$A20,'単価履歴'!$O:$O, MAXIFS('単価履歴'!$O:$O,'単価履歴'!$E:$E,F$1,'単価履歴'!$F:$F,$A20))) -> 55.3 | H20: =IF(MAXIFS('単価履歴'!$H:$H,'単価履歴'!$E:$E,H$1,'単価履歴'!$F:$F,$A20,'単価履歴'!$O:$O, MAXIFS('単価履歴'!$O:$O,'単価履歴'!$E:$E,H$1,'単価履歴'!$F:$F,$A20))=0,"", MAXIFS('単価履歴'!$H:$H,'単価履歴'!$E:$E,H$1,'単価履歴'!$F:$F,$A20,'単価履歴'!$O:$O, MAXIFS('単価履歴'!$O:$O,'単価履歴'!$E:$E,H$1,'単価履歴'!$F:$F,$A20))) -> 58.3 | K20: =IF(MAXIFS('単価履歴'!$H:$H,'単価履歴'!$E:$E,K$1,'単価履歴'!$F:$F,$A20,'単価履歴'!$O:$O, MAXIFS('単価履歴'!$O:$O,'単価履歴'!$E:$E,K$1,'単価履歴'!$F:$F,$A20))=0,"", MAXIFS('単価履歴'!$H:$H,'単価履歴'!$E:$E,K$1,'単価履歴'!$F:$F,$A20,'単価履歴'!$O:$O, MAXIFS('単価履歴'!$O:$O,'単価履歴'!$E:$E,K$1,'単価履歴'!$F:$F,$A20))) -> 37.5 | L20: =IF(MAXIFS('単価履歴'!$H:$H,'単価履歴'!$E:$E,L$1,'単価履歴'!$F:$F,$A20,'単価履歴'!$O:$O, MAXIFS('単価履歴'!$O:$O,'単価履歴'!$E:$E,L$1,'単価履歴'!$F:$F,$A20))=0,"", MAXIFS('単価履歴'!$H:$H,'単価履歴'!$E:$E,L$1,'単価履歴'!$F:$F,$A20,'単価履歴'!$O:$O, MAXIFS('単価履歴'!$O:$O,'単価履歴'!$E:$E,L$1,'単価履歴'!$F:$F,$A20))) -> 36.2 | M20: =IF(MAXIFS('単価履歴'!$H:$H,'単価履歴'!$E:$E,M$1,'単価履歴'!$F:$F,$A20,'単価履歴'!$O:$O, MAXIFS('単価履歴'!$O:$O,'単価履歴'!$E:$E,M$1,'単価履歴'!$F:$F,$A20))=0,"", MAXIFS('単価履歴'!$H:$H,'単価履歴'!$E:$E,M$1,'単価履歴'!$F:$F,$A20,'単価履歴'!$O:$O, MAXIFS('単価履歴'!$O:$O,'単価履歴'!$E:$E,M$1,'単価履歴'!$F:$F,$A20))) -> 51.7 | N20: =IF(MAXIFS('単価履歴'!$H:$H,'単価履歴'!$E:$E,N$1,'単価履歴'!$F:$F,$A20,'単価履歴'!$O:$O, MAXIFS('単価履歴'!$O:$O,'単価履歴'!$E:$E,N$1,'単価履歴'!$F:$F,$A20))=0,"", MAXIFS('単価履歴'!$H:$H,'単価履歴'!$E:$E,N$1,'単価履歴'!$F:$F,$A20,'単価履歴'!$O:$O, MAXIFS('単価履歴'!$O:$O,'単価履歴'!$E:$E,N$1,'単価履歴'!$F:$F,$A20))) -> 37.8 | O20: =IF(MAXIFS('単価履歴'!$H:$H,'単価履歴'!$E:$E,O$1,'単価履歴'!$F:$F,$A20,'単価履歴'!$O:$O, MAXIFS('単価履歴'!$O:$O,'単価履歴'!$E:$E,O$1,'単価履歴'!$F:$F,$A20))=0,"", MAXIFS('単価履歴'!$H:$H,'単価履歴'!$E:$E,O$1,'単価履歴'!$F:$F,$A20,'単価履歴'!$O:$O, MAXIFS('単価履歴'!$O:$O,'単価履歴'!$E:$E,O$1,'単価履歴'!$F:$F,$A20))) | P20: =IF(MAXIFS('単価履歴'!$H:$H,'単価履歴'!$E:$E,P$1,'単価履歴'!$F:$F,$A20,'単価履歴'!$O:$O, MAXIFS('単価履歴'!$O:$O,'単価履歴'!$E:$E,P$1,'単価履歴'!$F:$F,$A20))=0,"", MAXIFS('単価履歴'!$H:$H,'単価履歴'!$E:$E,P$1,'単価履歴'!$F:$F,$A20,'単価履歴'!$O:$O, MAXIFS('単価履歴'!$O:$O,'単価履歴'!$E:$E,P$1,'単価履歴'!$F:$F,$A20))) | Q20: =IF(MAXIFS('単価履歴'!$H:$H,'単価履歴'!$E:$E,Q$1,'単価履歴'!$F:$F,$A20,'単価履歴'!$O:$O, MAXIFS('単価履歴'!$O:$O,'単価履歴'!$E:$E,Q$1,'単価履歴'!$F:$F,$A20))=0,"", MAXIFS('単価履歴'!$H:$H,'単価履歴'!$E:$E,Q$1,'単価履歴'!$F:$F,$A20,'単価履歴'!$O:$O, MAXIFS('単価履歴'!$O:$O,'単価履歴'!$E:$E,Q$1,'単価履歴'!$F:$F,$A20))) | R20: =IF(MAXIFS('単価履歴'!$H:$H,'単価履歴'!$E:$E,R$1,'単価履歴'!$F:$F,$A20,'単価履歴'!$O:$O, MAXIFS('単価履歴'!$O:$O,'単価履歴'!$E:$E,R$1,'単価履歴'!$F:$F,$A20))=0,"", MAXIFS('単価履歴'!$H:$H,'単価履歴'!$E:$E,R$1,'単価履歴'!$F:$F,$A20,'単価履歴'!$O:$O, MAXIFS('単価履歴'!$O:$O,'単価履歴'!$E:$E,R$1,'単価履歴'!$F:$F,$A20))) | ... BA20: =IF(MAXIFS('単価履歴'!$H:$H,'単価履歴'!$E:$E,BA$1,'単価履歴'!$F:$F,$A20,'単価履歴'!$O:$O, MAXIFS('単価履歴'!$O:$O,'単価履歴'!$E:$E,BA$1,'単価履歴'!$F:$F,$A20))=0,"", MAXIFS('単価履歴'!$H:$H,'単価履歴'!$E:$E,BA$1,'単価履歴'!$F:$F,$A20,'単価履歴'!$O:$O, MAXIFS('単価履歴'!$O:$O,'単価履歴'!$E:$E,BA$1,'単価履歴'!$F:$F,$A20))) | BC20: =IF(MAXIFS('単価履歴'!$H:$H,'単価履歴'!$E:$E,BC$1,'単価履歴'!$F:$F,$A20,'単価履歴'!$O:$O, MAXIFS('単価履歴'!$O:$O,'単価履歴'!$E:$E,BC$1,'単価履歴'!$F:$F,$A20))=0,"", MAXIFS('単価履歴'!$H:$H,'単価履歴'!$E:$E,BC$1,'単価履歴'!$F:$F,$A20,'単価履歴'!$O:$O, MAXIFS('単価履歴'!$O:$O,'単価履歴'!$E:$E,BC$1,'単価履歴'!$F:$F,$A20))) | BD20: =IF(MAXIFS('単価履歴'!$H:$H,'単価履歴'!$E:$E,BD$1,'単価履歴'!$F:$F,$A20,'単価履歴'!$O:$O, MAXIFS('単価履歴'!$O:$O,'単価履歴'!$E:$E,BD$1,'単価履歴'!$F:$F,$A20))=0,"", MAXIFS('単価履歴'!$H:$H,'単価履歴'!$E:$E,BD$1,'単価履歴'!$F:$F,$A20,'単価履歴'!$O:$O, MAXIFS('単価履歴'!$O:$O,'単価履歴'!$E:$E,BD$1,'単価履歴'!$F:$F,$A20))) | BE20: =IF(MAXIFS('単価履歴'!$H:$H,'単価履歴'!$E:$E,BE$1,'単価履歴'!$F:$F,$A20,'単価履歴'!$O:$O, MAXIFS('単価履歴'!$O:$O,'単価履歴'!$E:$E,BE$1,'単価履歴'!$F:$F,$A20))=0,"", MAXIFS('単価履歴'!$H:$H,'単価履歴'!$E:$E,BE$1,'単価履歴'!$F:$F,$A20,'単価履歴'!$O:$O, MAXIFS('単価履歴'!$O:$O,'単価履歴'!$E:$E,BE$1,'単価履歴'!$F:$F,$A20))) | BF20: =IF(MAXIFS('単価履歴'!$H:$H,'単価履歴'!$E:$E,BF$1,'単価履歴'!$F:$F,$A20,'単価履歴'!$O:$O, MAXIFS('単価履歴'!$O:$O,'単価履歴'!$E:$E,BF$1,'単価履歴'!$F:$F,$A20))=0,"", MAXIFS('単価履歴'!$H:$H,'単価履歴'!$E:$E,BF$1,'単価履歴'!$F:$F,$A20,'単価履歴'!$O:$O, MAXIFS('単価履歴'!$O:$O,'単価履歴'!$E:$E,BF$1,'単価履歴'!$F:$F,$A20))) | BG20: =IF(MAXIFS('単価履歴'!$H:$H,'単価履歴'!$E:$E,BG$1,'単価履歴'!$F:$F,$A20,'単価履歴'!$O:$O, MAXIFS('単価履歴'!$O:$O,'単価履歴'!$E:$E,BG$1,'単価履歴'!$F:$F,$A20))=0,"", MAXIFS('単価履歴'!$H:$H,'単価履歴'!$E:$E,BG$1,'単価履歴'!$F:$F,$A20,'単価履歴'!$O:$O, MAXIFS('単価履歴'!$O:$O,'単価履歴'!$E:$E,BG$1,'単価履歴'!$F:$F,$A20))) | BH20: =IF(MAXIFS('単価履歴'!$H:$H,'単価履歴'!$E:$E,BH$1,'単価履歴'!$F:$F,$A20,'単価履歴'!$O:$O, MAXIFS('単価履歴'!$O:$O,'単価履歴'!$E:$E,BH$1,'単価履歴'!$F:$F,$A20))=0,"", MAXIFS('単価履歴'!$H:$H,'単価履歴'!$E:$E,BH$1,'単価履歴'!$F:$F,$A20,'単価履歴'!$O:$O, MAXIFS('単価履歴'!$O:$O,'単価履歴'!$E:$E,BH$1,'単価履歴'!$F:$F,$A20))) | BI20: =IF(MAXIFS('単価履歴'!$H:$H,'単価履歴'!$E:$E,BI$1,'単価履歴'!$F:$F,$A20,'単価履歴'!$O:$O, MAXIFS('単価履歴'!$O:$O,'単価履歴'!$E:$E,BI$1,'単価履歴'!$F:$F,$A20))=0,"", MAXIFS('単価履歴'!$H:$H,'単価履歴'!$E:$E,BI$1,'単価履歴'!$F:$F,$A20,'単価履歴'!$O:$O, MAXIFS('単価履歴'!$O:$O,'単価履歴'!$E:$E,BI$1,'単価履歴'!$F:$F,$A20))) | BJ20: =IF(MAXIFS('単価履歴'!$H:$H,'単価履歴'!$E:$E,BJ$1,'単価履歴'!$F:$F,$A20,'単価履歴'!$O:$O, MAXIFS('単価履歴'!$O:$O,'単価履歴'!$E:$E,BJ$1,'単価履歴'!$F:$F,$A20))=0,"", MAXIFS('単価履歴'!$H:$H,'単価履歴'!$E:$E,BJ$1,'単価履歴'!$F:$F,$A20,'単価履歴'!$O:$O, MAXIFS('単価履歴'!$O:$O,'単価履歴'!$E:$E,BJ$1,'単価履歴'!$F:$F,$A20))) -> 45 | ... BY20: =IF(MAXIFS('単価履歴'!$H:$H,'単価履歴'!$E:$E,BY$1,'単価履歴'!$F:$F,$A20,'単価履歴'!$O:$O, MAXIFS('単価履歴'!$O:$O,'単価履歴'!$E:$E,BY$1,'単価履歴'!$F:$F,$A20))=0,"", MAXIFS('単価履歴'!$H:$H,'単価履歴'!$E:$E,BY$1,'単価履歴'!$F:$F,$A20,'単価履歴'!$O:$O, MAXIFS('単価履歴'!$O:$O,'単価履歴'!$E:$E,BY$1,'単価履歴'!$F:$F,$A20)))
A21: 新断Ｂ | C21: =IF(MAXIFS('単価履歴'!$H:$H,'単価履歴'!$E:$E,C$1,'単価履歴'!$F:$F,$A21,'単価履歴'!$O:$O, MAXIFS('単価履歴'!$O:$O,'単価履歴'!$E:$E,C$1,'単価履歴'!$F:$F,$A21))=0,"", MAXIFS('単価履歴'!$H:$H,'単価履歴'!$E:$E,C$1,'単価履歴'!$F:$F,$A21,'単価履歴'!$O:$O, MAXIFS('単価履歴'!$O:$O,'単価履歴'!$E:$E,C$1,'単価履歴'!$F:$F,$A21))) -> 57.3 | D21: =IF(MAXIFS('単価履歴'!$H:$H,'単価履歴'!$E:$E,D$1,'単価履歴'!$F:$F,$A21,'単価履歴'!$O:$O, MAXIFS('単価履歴'!$O:$O,'単価履歴'!$E:$E,D$1,'単価履歴'!$F:$F,$A21))=0,"", MAXIFS('単価履歴'!$H:$H,'単価履歴'!$E:$E,D$1,'単価履歴'!$F:$F,$A21,'単価履歴'!$O:$O, MAXIFS('単価履歴'!$O:$O,'単価履歴'!$E:$E,D$1,'単価履歴'!$F:$F,$A21))) -> 57.3 | H21: =IF(MAXIFS('単価履歴'!$H:$H,'単価履歴'!$E:$E,H$1,'単価履歴'!$F:$F,$A21,'単価履歴'!$O:$O, MAXIFS('単価履歴'!$O:$O,'単価履歴'!$E:$E,H$1,'単価履歴'!$F:$F,$A21))=0,"", MAXIFS('単価履歴'!$H:$H,'単価履歴'!$E:$E,H$1,'単価履歴'!$F:$F,$A21,'単価履歴'!$O:$O, MAXIFS('単価履歴'!$O:$O,'単価履歴'!$E:$E,H$1,'単価履歴'!$F:$F,$A21))) -> 57.8 | K21: =IF(MAXIFS('単価履歴'!$H:$H,'単価履歴'!$E:$E,K$1,'単価履歴'!$F:$F,$A21,'単価履歴'!$O:$O, MAXIFS('単価履歴'!$O:$O,'単価履歴'!$E:$E,K$1,'単価履歴'!$F:$F,$A21))=0,"", MAXIFS('単価履歴'!$H:$H,'単価履歴'!$E:$E,K$1,'単価履歴'!$F:$F,$A21,'単価履歴'!$O:$O, MAXIFS('単価履歴'!$O:$O,'単価履歴'!$E:$E,K$1,'単価履歴'!$F:$F,$A21))) -> 37 | L21: =IF(MAXIFS('単価履歴'!$H:$H,'単価履歴'!$E:$E,L$1,'単価履歴'!$F:$F,$A21,'単価履歴'!$O:$O, MAXIFS('単価履歴'!$O:$O,'単価履歴'!$E:$E,L$1,'単価履歴'!$F:$F,$A21))=0,"", MAXIFS('単価履歴'!$H:$H,'単価履歴'!$E:$E,L$1,'単価履歴'!$F:$F,$A21,'単価履歴'!$O:$O, MAXIFS('単価履歴'!$O:$O,'単価履歴'!$E:$E,L$1,'単価履歴'!$F:$F,$A21))) -> 35.7 | M21: =IF(MAXIFS('単価履歴'!$H:$H,'単価履歴'!$E:$E,M$1,'単価履歴'!$F:$F,$A21,'単価履歴'!$O:$O, MAXIFS('単価履歴'!$O:$O,'単価履歴'!$E:$E,M$1,'単価履歴'!$F:$F,$A21))=0,"", MAXIFS('単価履歴'!$H:$H,'単価履歴'!$E:$E,M$1,'単価履歴'!$F:$F,$A21,'単価履歴'!$O:$O, MAXIFS('単価履歴'!$O:$O,'単価履歴'!$E:$E,M$1,'単価履歴'!$F:$F,$A21))) -> 51.2 | N21: =IF(MAXIFS('単価履歴'!$H:$H,'単価履歴'!$E:$E,N$1,'単価履歴'!$F:$F,$A21,'単価履歴'!$O:$O, MAXIFS('単価履歴'!$O:$O,'単価履歴'!$E:$E,N$1,'単価履歴'!$F:$F,$A21))=0,"", MAXIFS('単価履歴'!$H:$H,'単価履歴'!$E:$E,N$1,'単価履歴'!$F:$F,$A21,'単価履歴'!$O:$O, MAXIFS('単価履歴'!$O:$O,'単価履歴'!$E:$E,N$1,'単価履歴'!$F:$F,$A21))) -> 37.3 | O21: =IF(MAXIFS('単価履歴'!$H:$H,'単価履歴'!$E:$E,O$1,'単価履歴'!$F:$F,$A21,'単価履歴'!$O:$O, MAXIFS('単価履歴'!$O:$O,'単価履歴'!$E:$E,O$1,'単価履歴'!$F:$F,$A21))=0,"", MAXIFS('単価履歴'!$H:$H,'単価履歴'!$E:$E,O$1,'単価履歴'!$F:$F,$A21,'単価履歴'!$O:$O, MAXIFS('単価履歴'!$O:$O,'単価履歴'!$E:$E,O$1,'単価履歴'!$F:$F,$A21))) | P21: =IF(MAXIFS('単価履歴'!$H:$H,'単価履歴'!$E:$E,P$1,'単価履歴'!$F:$F,$A21,'単価履歴'!$O:$O, MAXIFS('単価履歴'!$O:$O,'単価履歴'!$E:$E,P$1,'単価履歴'!$F:$F,$A21))=0,"", MAXIFS('単価履歴'!$H:$H,'単価履歴'!$E:$E,P$1,'単価履歴'!$F:$F,$A21,'単価履歴'!$O:$O, MAXIFS('単価履歴'!$O:$O,'単価履歴'!$E:$E,P$1,'単価履歴'!$F:$F,$A21))) | Q21: =IF(MAXIFS('単価履歴'!$H:$H,'単価履歴'!$E:$E,Q$1,'単価履歴'!$F:$F,$A21,'単価履歴'!$O:$O, MAXIFS('単価履歴'!$O:$O,'単価履歴'!$E:$E,Q$1,'単価履歴'!$F:$F,$A21))=0,"", MAXIFS('単価履歴'!$H:$H,'単価履歴'!$E:$E,Q$1,'単価履歴'!$F:$F,$A21,'単価履歴'!$O:$O, MAXIFS('単価履歴'!$O:$O,'単価履歴'!$E:$E,Q$1,'単価履歴'!$F:$F,$A21))) | R21: =IF(MAXIFS('単価履歴'!$H:$H,'単価履歴'!$E:$E,R$1,'単価履歴'!$F:$F,$A21,'単価履歴'!$O:$O, MAXIFS('単価履歴'!$O:$O,'単価履歴'!$E:$E,R$1,'単価履歴'!$F:$F,$A21))=0,"", MAXIFS('単価履歴'!$H:$H,'単価履歴'!$E:$E,R$1,'単価履歴'!$F:$F,$A21,'単価履歴'!$O:$O, MAXIFS('単価履歴'!$O:$O,'単価履歴'!$E:$E,R$1,'単価履歴'!$F:$F,$A21))) | ... BY21: =IF(MAXIFS('単価履歴'!$H:$H,'単価履歴'!$E:$E,BY$1,'単価履歴'!$F:$F,$A21,'単価履歴'!$O:$O, MAXIFS('単価履歴'!$O:$O,'単価履歴'!$E:$E,BY$1,'単価履歴'!$F:$F,$A21))=0,"", MAXIFS('単価履歴'!$H:$H,'単価履歴'!$E:$E,BY$1,'単価履歴'!$F:$F,$A21,'単価履歴'!$O:$O, MAXIFS('単価履歴'!$O:$O,'単価履歴'!$E:$E,BY$1,'単価履歴'!$F:$F,$A21)))
A22: 新断Ｃ | C22: =IF(MAXIFS('単価履歴'!$H:$H,'単価履歴'!$E:$E,C$1,'単価履歴'!$F:$F,$A22,'単価履歴'!$O:$O, MAXIFS('単価履歴'!$O:$O,'単価履歴'!$E:$E,C$1,'単価履歴'!$F:$F,$A22))=0,"", MAXIFS('単価履歴'!$H:$H,'単価履歴'!$E:$E,C$1,'単価履歴'!$F:$F,$A22,'単価履歴'!$O:$O, MAXIFS('単価履歴'!$O:$O,'単価履歴'!$E:$E,C$1,'単価履歴'!$F:$F,$A22))) -> 56.3 | D22: =IF(MAXIFS('単価履歴'!$H:$H,'単価履歴'!$E:$E,D$1,'単価履歴'!$F:$F,$A22,'単価履歴'!$O:$O, MAXIFS('単価履歴'!$O:$O,'単価履歴'!$E:$E,D$1,'単価履歴'!$F:$F,$A22))=0,"", MAXIFS('単価履歴'!$H:$H,'単価履歴'!$E:$E,D$1,'単価履歴'!$F:$F,$A22,'単価履歴'!$O:$O, MAXIFS('単価履歴'!$O:$O,'単価履歴'!$E:$E,D$1,'単価履歴'!$F:$F,$A22))) -> 56.3 | K22: =IF(MAXIFS('単価履歴'!$H:$H,'単価履歴'!$E:$E,K$1,'単価履歴'!$F:$F,$A22,'単価履歴'!$O:$O, MAXIFS('単価履歴'!$O:$O,'単価履歴'!$E:$E,K$1,'単価履歴'!$F:$F,$A22))=0,"", MAXIFS('単価履歴'!$H:$H,'単価履歴'!$E:$E,K$1,'単価履歴'!$F:$F,$A22,'単価履歴'!$O:$O, MAXIFS('単価履歴'!$O:$O,'単価履歴'!$E:$E,K$1,'単価履歴'!$F:$F,$A22))) | L22: =IF(MAXIFS('単価履歴'!$H:$H,'単価履歴'!$E:$E,L$1,'単価履歴'!$F:$F,$A22,'単価履歴'!$O:$O, MAXIFS('単価履歴'!$O:$O,'単価履歴'!$E:$E,L$1,'単価履歴'!$F:$F,$A22))=0,"", MAXIFS('単価履歴'!$H:$H,'単価履歴'!$E:$E,L$1,'単価履歴'!$F:$F,$A22,'単価履歴'!$O:$O, MAXIFS('単価履歴'!$O:$O,'単価履歴'!$E:$E,L$1,'単価履歴'!$F:$F,$A22))) | M22: =IF(MAXIFS('単価履歴'!$H:$H,'単価履歴'!$E:$E,M$1,'単価履歴'!$F:$F,$A22,'単価履歴'!$O:$O, MAXIFS('単価履歴'!$O:$O,'単価履歴'!$E:$E,M$1,'単価履歴'!$F:$F,$A22))=0,"", MAXIFS('単価履歴'!$H:$H,'単価履歴'!$E:$E,M$1,'単価履歴'!$F:$F,$A22,'単価履歴'!$O:$O, MAXIFS('単価履歴'!$O:$O,'単価履歴'!$E:$E,M$1,'単価履歴'!$F:$F,$A22))) | N22: =IF(MAXIFS('単価履歴'!$H:$H,'単価履歴'!$E:$E,N$1,'単価履歴'!$F:$F,$A22,'単価履歴'!$O:$O, MAXIFS('単価履歴'!$O:$O,'単価履歴'!$E:$E,N$1,'単価履歴'!$F:$F,$A22))=0,"", MAXIFS('単価履歴'!$H:$H,'単価履歴'!$E:$E,N$1,'単価履歴'!$F:$F,$A22,'単価履歴'!$O:$O, MAXIFS('単価履歴'!$O:$O,'単価履歴'!$E:$E,N$1,'単価履歴'!$F:$F,$A22))) | O22: =IF(MAXIFS('単価履歴'!$H:$H,'単価履歴'!$E:$E,O$1,'単価履歴'!$F:$F,$A22,'単価履歴'!$O:$O, MAXIFS('単価履歴'!$O:$O,'単価履歴'!$E:$E,O$1,'単価履歴'!$F:$F,$A22))=0,"", MAXIFS('単価履歴'!$H:$H,'単価履歴'!$E:$E,O$1,'単価履歴'!$F:$F,$A22,'単価履歴'!$O:$O, MAXIFS('単価履歴'!$O:$O,'単価履歴'!$E:$E,O$1,'単価履歴'!$F:$F,$A22))) | P22: =IF(MAXIFS('単価履歴'!$H:$H,'単価履歴'!$E:$E,P$1,'単価履歴'!$F:$F,$A22,'単価履歴'!$O:$O, MAXIFS('単価履歴'!$O:$O,'単価履歴'!$E:$E,P$1,'単価履歴'!$F:$F,$A22))=0,"", MAXIFS('単価履歴'!$H:$H,'単価履歴'!$E:$E,P$1,'単価履歴'!$F:$F,$A22,'単価履歴'!$O:$O, MAXIFS('単価履歴'!$O:$O,'単価履歴'!$E:$E,P$1,'単価履歴'!$F:$F,$A22))) | Q22: =IF(MAXIFS('単価履歴'!$H:$H,'単価履歴'!$E:$E,Q$1,'単価履歴'!$F:$F,$A22,'単価履歴'!$O:$O, MAXIFS('単価履歴'!$O:$O,'単価履歴'!$E:$E,Q$1,'単価履歴'!$F:$F,$A22))=0,"", MAXIFS('単価履歴'!$H:$H,'単価履歴'!$E:$E,Q$1,'単価履歴'!$F:$F,$A22,'単価履歴'!$O:$O, MAXIFS('単価履歴'!$O:$O,'単価履歴'!$E:$E,Q$1,'単価履歴'!$F:$F,$A22))) | R22: =IF(MAXIFS('単価履歴'!$H:$H,'単価履歴'!$E:$E,R$1,'単価履歴'!$F:$F,$A22,'単価履歴'!$O:$O, MAXIFS('単価履歴'!$O:$O,'単価履歴'!$E:$E,R$1,'単価履歴'!$F:$F,$A22))=0,"", MAXIFS('単価履歴'!$H:$H,'単価履歴'!$E:$E,R$1,'単価履歴'!$F:$F,$A22,'単価履歴'!$O:$O, MAXIFS('単価履歴'!$O:$O,'単価履歴'!$E:$E,R$1,'単価履歴'!$F:$F,$A22))) | ... BY22: =IF(MAXIFS('単価履歴'!$H:$H,'単価履歴'!$E:$E,BY$1,'単価履歴'!$F:$F,$A22,'単価履歴'!$O:$O, MAXIFS('単価履歴'!$O:$O,'単価履歴'!$E:$E,BY$1,'単価履歴'!$F:$F,$A22))=0,"", MAXIFS('単価履歴'!$H:$H,'単価履歴'!$E:$E,BY$1,'単価履歴'!$F:$F,$A22,'単価履歴'!$O:$O, MAXIFS('単価履歴'!$O:$O,'単価履歴'!$E:$E,BY$1,'単価履歴'!$F:$F,$A22)))
A23: 鋼ダライＡ | G23: =IF(MAXIFS('単価履歴'!$H:$H,'単価履歴'!$E:$E,G$1,'単価履歴'!$F:$F,$A23,'単価履歴'!$O:$O, MAXIFS('単価履歴'!$O:$O,'単価履歴'!$E:$E,G$1,'単価履歴'!$F:$F,$A23))=0,"", MAXIFS('単価履歴'!$H:$H,'単価履歴'!$E:$E,G$1,'単価履歴'!$F:$F,$A23,'単価履歴'!$O:$O, MAXIFS('単価履歴'!$O:$O,'単価履歴'!$E:$E,G$1,'単価履歴'!$F:$F,$A23))) -> 44.2 | H23: =IF(MAXIFS('単価履歴'!$H:$H,'単価履歴'!$E:$E,H$1,'単価履歴'!$F:$F,$A23,'単価履歴'!$O:$O, MAXIFS('単価履歴'!$O:$O,'単価履歴'!$E:$E,H$1,'単価履歴'!$F:$F,$A23))=0,"", MAXIFS('単価履歴'!$H:$H,'単価履歴'!$E:$E,H$1,'単価履歴'!$F:$F,$A23,'単価履歴'!$O:$O, MAXIFS('単価履歴'!$O:$O,'単価履歴'!$E:$E,H$1,'単価履歴'!$F:$F,$A23))) -> 44.3 | K23: =IF(MAXIFS('単価履歴'!$H:$H,'単価履歴'!$E:$E,K$1,'単価履歴'!$F:$F,$A23,'単価履歴'!$O:$O, MAXIFS('単価履歴'!$O:$O,'単価履歴'!$E:$E,K$1,'単価履歴'!$F:$F,$A23))=0,"", MAXIFS('単価履歴'!$H:$H,'単価履歴'!$E:$E,K$1,'単価履歴'!$F:$F,$A23,'単価履歴'!$O:$O, MAXIFS('単価履歴'!$O:$O,'単価履歴'!$E:$E,K$1,'単価履歴'!$F:$F,$A23))) -> 37 | L23: =IF(MAXIFS('単価履歴'!$H:$H,'単価履歴'!$E:$E,L$1,'単価履歴'!$F:$F,$A23,'単価履歴'!$O:$O, MAXIFS('単価履歴'!$O:$O,'単価履歴'!$E:$E,L$1,'単価履歴'!$F:$F,$A23))=0,"", MAXIFS('単価履歴'!$H:$H,'単価履歴'!$E:$E,L$1,'単価履歴'!$F:$F,$A23,'単価履歴'!$O:$O, MAXIFS('単価履歴'!$O:$O,'単価履歴'!$E:$E,L$1,'単価履歴'!$F:$F,$A23))) -> 37.2 | M23: =IF(MAXIFS('単価履歴'!$H:$H,'単価履歴'!$E:$E,M$1,'単価履歴'!$F:$F,$A23,'単価履歴'!$O:$O, MAXIFS('単価履歴'!$O:$O,'単価履歴'!$E:$E,M$1,'単価履歴'!$F:$F,$A23))=0,"", MAXIFS('単価履歴'!$H:$H,'単価履歴'!$E:$E,M$1,'単価履歴'!$F:$F,$A23,'単価履歴'!$O:$O, MAXIFS('単価履歴'!$O:$O,'単価履歴'!$E:$E,M$1,'単価履歴'!$F:$F,$A23))) -> 47.2 | O23: =IF(MAXIFS('単価履歴'!$H:$H,'単価履歴'!$E:$E,O$1,'単価履歴'!$F:$F,$A23,'単価履歴'!$O:$O, MAXIFS('単価履歴'!$O:$O,'単価履歴'!$E:$E,O$1,'単価履歴'!$F:$F,$A23))=0,"", MAXIFS('単価履歴'!$H:$H,'単価履歴'!$E:$E,O$1,'単価履歴'!$F:$F,$A23,'単価履歴'!$O:$O, MAXIFS('単価履歴'!$O:$O,'単価履歴'!$E:$E,O$1,'単価履歴'!$F:$F,$A23))) | P23: =IF(MAXIFS('単価履歴'!$H:$H,'単価履歴'!$E:$E,P$1,'単価履歴'!$F:$F,$A23,'単価履歴'!$O:$O, MAXIFS('単価履歴'!$O:$O,'単価履歴'!$E:$E,P$1,'単価履歴'!$F:$F,$A23))=0,"", MAXIFS('単価履歴'!$H:$H,'単価履歴'!$E:$E,P$1,'単価履歴'!$F:$F,$A23,'単価履歴'!$O:$O, MAXIFS('単価履歴'!$O:$O,'単価履歴'!$E:$E,P$1,'単価履歴'!$F:$F,$A23))) | Q23: =IF(MAXIFS('単価履歴'!$H:$H,'単価履歴'!$E:$E,Q$1,'単価履歴'!$F:$F,$A23,'単価履歴'!$O:$O, MAXIFS('単価履歴'!$O:$O,'単価履歴'!$E:$E,Q$1,'単価履歴'!$F:$F,$A23))=0,"", MAXIFS('単価履歴'!$H:$H,'単価履歴'!$E:$E,Q$1,'単価履歴'!$F:$F,$A23,'単価履歴'!$O:$O, MAXIFS('単価履歴'!$O:$O,'単価履歴'!$E:$E,Q$1,'単価履歴'!$F:$F,$A23))) | R23: =IF(MAXIFS('単価履歴'!$H:$H,'単価履歴'!$E:$E,R$1,'単価履歴'!$F:$F,$A23,'単価履歴'!$O:$O, MAXIFS('単価履歴'!$O:$O,'単価履歴'!$E:$E,R$1,'単価履歴'!$F:$F,$A23))=0,"", MAXIFS('単価履歴'!$H:$H,'単価履歴'!$E:$E,R$1,'単価履歴'!$F:$F,$A23,'単価履歴'!$O:$O, MAXIFS('単価履歴'!$O:$O,'単価履歴'!$E:$E,R$1,'単価履歴'!$F:$F,$A23))) | S23: =IF(MAXIFS('単価履歴'!$H:$H,'単価履歴'!$E:$E,S$1,'単価履歴'!$F:$F,$A23,'単価履歴'!$O:$O, MAXIFS('単価履歴'!$O:$O,'単価履歴'!$E:$E,S$1,'単価履歴'!$F:$F,$A23))=0,"", MAXIFS('単価履歴'!$H:$H,'単価履歴'!$E:$E,S$1,'単価履歴'!$F:$F,$A23,'単価履歴'!$O:$O, MAXIFS('単価履歴'!$O:$O,'単価履歴'!$E:$E,S$1,'単価履歴'!$F:$F,$A23))) | T23: =IF(MAXIFS('単価履歴'!$H:$H,'単価履歴'!$E:$E,T$1,'単価履歴'!$F:$F,$A23,'単価履歴'!$O:$O, MAXIFS('単価履歴'!$O:$O,'単価履歴'!$E:$E,T$1,'単価履歴'!$F:$F,$A23))=0,"", MAXIFS('単価履歴'!$H:$H,'単価履歴'!$E:$E,T$1,'単価履歴'!$F:$F,$A23,'単価履歴'!$O:$O, MAXIFS('単価履歴'!$O:$O,'単価履歴'!$E:$E,T$1,'単価履歴'!$F:$F,$A23))) | U23: =IF(MAXIFS('単価履歴'!$H:$H,'単価履歴'!$E:$E,U$1,'単価履歴'!$F:$F,$A23,'単価履歴'!$O:$O, MAXIFS('単価履歴'!$O:$O,'単価履歴'!$E:$E,U$1,'単価履歴'!$F:$F,$A23))=0,"", MAXIFS('単価履歴'!$H:$H,'単価履歴'!$E:$E,U$1,'単価履歴'!$F:$F,$A23,'単価履歴'!$O:$O, MAXIFS('単価履歴'!$O:$O,'単価履歴'!$E:$E,U$1,'単価履歴'!$F:$F,$A23))) | V23: =IF(MAXIFS('単価履歴'!$H:$H,'単価履歴'!$E:$E,V$1,'単価履歴'!$F:$F,$A23,'単価履歴'!$O:$O, MAXIFS('単価履歴'!$O:$O,'単価履歴'!$E:$E,V$1,'単価履歴'!$F:$F,$A23))=0,"", MAXIFS('単価履歴'!$H:$H,'単価履歴'!$E:$E,V$1,'単価履歴'!$F:$F,$A23,'単価履歴'!$O:$O, MAXIFS('単価履歴'!$O:$O,'単価履歴'!$E:$E,V$1,'単価履歴'!$F:$F,$A23))) | ... AW23: =IF(MAXIFS('単価履歴'!$H:$H,'単価履歴'!$E:$E,AW$1,'単価履歴'!$F:$F,$A23,'単価履歴'!$O:$O, MAXIFS('単価履歴'!$O:$O,'単価履歴'!$E:$E,AW$1,'単価履歴'!$F:$F,$A23))=0,"", MAXIFS('単価履歴'!$H:$H,'単価履歴'!$E:$E,AW$1,'単価履歴'!$F:$F,$A23,'単価履歴'!$O:$O, MAXIFS('単価履歴'!$O:$O,'単価履歴'!$E:$E,AW$1,'単価履歴'!$F:$F,$A23))) -> 51.5 | AZ23: =IF(MAXIFS('単価履歴'!$H:$H,'単価履歴'!$E:$E,AZ$1,'単価履歴'!$F:$F,$A23,'単価履歴'!$O:$O, MAXIFS('単価履歴'!$O:$O,'単価履歴'!$E:$E,AZ$1,'単価履歴'!$F:$F,$A23))=0,"", MAXIFS('単価履歴'!$H:$H,'単価履歴'!$E:$E,AZ$1,'単価履歴'!$F:$F,$A23,'単価履歴'!$O:$O, MAXIFS('単価履歴'!$O:$O,'単価履歴'!$E:$E,AZ$1,'単価履歴'!$F:$F,$A23))) -> 47.6 | BB23: =IF(MAXIFS('単価履歴'!$H:$H,'単価履歴'!$E:$E,BB$1,'単価履歴'!$F:$F,$A23,'単価履歴'!$O:$O, MAXIFS('単価履歴'!$O:$O,'単価履歴'!$E:$E,BB$1,'単価履歴'!$F:$F,$A23))=0,"", MAXIFS('単価履歴'!$H:$H,'単価履歴'!$E:$E,BB$1,'単価履歴'!$F:$F,$A23,'単価履歴'!$O:$O, MAXIFS('単価履歴'!$O:$O,'単価履歴'!$E:$E,BB$1,'単価履歴'!$F:$F,$A23))) -> 48.4 | BC23: =IF(MAXIFS('単価履歴'!$H:$H,'単価履歴'!$E:$E,BC$1,'単価履歴'!$F:$F,$A23,'単価履歴'!$O:$O, MAXIFS('単価履歴'!$O:$O,'単価履歴'!$E:$E,BC$1,'単価履歴'!$F:$F,$A23))=0,"", MAXIFS('単価履歴'!$H:$H,'単価履歴'!$E:$E,BC$1,'単価履歴'!$F:$F,$A23,'単価履歴'!$O:$O, MAXIFS('単価履歴'!$O:$O,'単価履歴'!$E:$E,BC$1,'単価履歴'!$F:$F,$A23))) -> 50.5 | BD23: =IF(MAXIFS('単価履歴'!$H:$H,'単価履歴'!$E:$E,BD$1,'単価履歴'!$F:$F,$A23,'単価履歴'!$O:$O, MAXIFS('単価履歴'!$O:$O,'単価履歴'!$E:$E,BD$1,'単価履歴'!$F:$F,$A23))=0,"", MAXIFS('単価履歴'!$H:$H,'単価履歴'!$E:$E,BD$1,'単価履歴'!$F:$F,$A23,'単価履歴'!$O:$O, MAXIFS('単価履歴'!$O:$O,'単価履歴'!$E:$E,BD$1,'単価履歴'!$F:$F,$A23))) -> 48.2 | BE23: =IF(MAXIFS('単価履歴'!$H:$H,'単価履歴'!$E:$E,BE$1,'単価履歴'!$F:$F,$A23,'単価履歴'!$O:$O, MAXIFS('単価履歴'!$O:$O,'単価履歴'!$E:$E,BE$1,'単価履歴'!$F:$F,$A23))=0,"", MAXIFS('単価履歴'!$H:$H,'単価履歴'!$E:$E,BE$1,'単価履歴'!$F:$F,$A23,'単価履歴'!$O:$O, MAXIFS('単価履歴'!$O:$O,'単価履歴'!$E:$E,BE$1,'単価履歴'!$F:$F,$A23))) -> 49 | BF23: =IF(MAXIFS('単価履歴'!$H:$H,'単価履歴'!$E:$E,BF$1,'単価履歴'!$F:$F,$A23,'単価履歴'!$O:$O, MAXIFS('単価履歴'!$O:$O,'単価履歴'!$E:$E,BF$1,'単価履歴'!$F:$F,$A23))=0,"", MAXIFS('単価履歴'!$H:$H,'単価履歴'!$E:$E,BF$1,'単価履歴'!$F:$F,$A23,'単価履歴'!$O:$O, MAXIFS('単価履歴'!$O:$O,'単価履歴'!$E:$E,BF$1,'単価履歴'!$F:$F,$A23))) | BG23: =IF(MAXIFS('単価履歴'!$H:$H,'単価履歴'!$E:$E,BG$1,'単価履歴'!$F:$F,$A23,'単価履歴'!$O:$O, MAXIFS('単価履歴'!$O:$O,'単価履歴'!$E:$E,BG$1,'単価履歴'!$F:$F,$A23))=0,"", MAXIFS('単価履歴'!$H:$H,'単価履歴'!$E:$E,BG$1,'単価履歴'!$F:$F,$A23,'単価履歴'!$O:$O, MAXIFS('単価履歴'!$O:$O,'単価履歴'!$E:$E,BG$1,'単価履歴'!$F:$F,$A23))) | BH23: =IF(MAXIFS('単価履歴'!$H:$H,'単価履歴'!$E:$E,BH$1,'単価履歴'!$F:$F,$A23,'単価履歴'!$O:$O, MAXIFS('単価履歴'!$O:$O,'単価履歴'!$E:$E,BH$1,'単価履歴'!$F:$F,$A23))=0,"", MAXIFS('単価履歴'!$H:$H,'単価履歴'!$E:$E,BH$1,'単価履歴'!$F:$F,$A23,'単価履歴'!$O:$O, MAXIFS('単価履歴'!$O:$O,'単価履歴'!$E:$E,BH$1,'単価履歴'!$F:$F,$A23))) -> 37 | BI23: =IF(MAXIFS('単価履歴'!$H:$H,'単価履歴'!$E:$E,BI$1,'単価履歴'!$F:$F,$A23,'単価履歴'!$O:$O, MAXIFS('単価履歴'!$O:$O,'単価履歴'!$E:$E,BI$1,'単価履歴'!$F:$F,$A23))=0,"", MAXIFS('単価履歴'!$H:$H,'単価履歴'!$E:$E,BI$1,'単価履歴'!$F:$F,$A23,'単価履歴'!$O:$O, MAXIFS('単価履歴'!$O:$O,'単価履歴'!$E:$E,BI$1,'単価履歴'!$F:$F,$A23))) -> 37.5 | ... BY23: =IF(MAXIFS('単価履歴'!$H:$H,'単価履歴'!$E:$E,BY$1,'単価履歴'!$F:$F,$A23,'単価履歴'!$O:$O, MAXIFS('単価履歴'!$O:$O,'単価履歴'!$E:$E,BY$1,'単価履歴'!$F:$F,$A23))=0,"", MAXIFS('単価履歴'!$H:$H,'単価履歴'!$E:$E,BY$1,'単価履歴'!$F:$F,$A23,'単価履歴'!$O:$O, MAXIFS('単価履歴'!$O:$O,'単価履歴'!$E:$E,BY$1,'単価履歴'!$F:$F,$A23)))
A24: 鋼ダライＢ | H24: =IF(MAXIFS('単価履歴'!$H:$H,'単価履歴'!$E:$E,H$1,'単価履歴'!$F:$F,$A24,'単価履歴'!$O:$O, MAXIFS('単価履歴'!$O:$O,'単価履歴'!$E:$E,H$1,'単価履歴'!$F:$F,$A24))=0,"", MAXIFS('単価履歴'!$H:$H,'単価履歴'!$E:$E,H$1,'単価履歴'!$F:$F,$A24,'単価履歴'!$O:$O, MAXIFS('単価履歴'!$O:$O,'単価履歴'!$E:$E,H$1,'単価履歴'!$F:$F,$A24))) -> 43.8 | K24: =IF(MAXIFS('単価履歴'!$H:$H,'単価履歴'!$E:$E,K$1,'単価履歴'!$F:$F,$A24,'単価履歴'!$O:$O, MAXIFS('単価履歴'!$O:$O,'単価履歴'!$E:$E,K$1,'単価履歴'!$F:$F,$A24))=0,"", MAXIFS('単価履歴'!$H:$H,'単価履歴'!$E:$E,K$1,'単価履歴'!$F:$F,$A24,'単価履歴'!$O:$O, MAXIFS('単価履歴'!$O:$O,'単価履歴'!$E:$E,K$1,'単価履歴'!$F:$F,$A24))) -> 37 | L24: =IF(MAXIFS('単価履歴'!$H:$H,'単価履歴'!$E:$E,L$1,'単価履歴'!$F:$F,$A24,'単価履歴'!$O:$O, MAXIFS('単価履歴'!$O:$O,'単価履歴'!$E:$E,L$1,'単価履歴'!$F:$F,$A24))=0,"", MAXIFS('単価履歴'!$H:$H,'単価履歴'!$E:$E,L$1,'単価履歴'!$F:$F,$A24,'単価履歴'!$O:$O, MAXIFS('単価履歴'!$O:$O,'単価履歴'!$E:$E,L$1,'単価履歴'!$F:$F,$A24))) -> 37.2 | O24: =IF(MAXIFS('単価履歴'!$H:$H,'単価履歴'!$E:$E,O$1,'単価履歴'!$F:$F,$A24,'単価履歴'!$O:$O, MAXIFS('単価履歴'!$O:$O,'単価履歴'!$E:$E,O$1,'単価履歴'!$F:$F,$A24))=0,"", MAXIFS('単価履歴'!$H:$H,'単価履歴'!$E:$E,O$1,'単価履歴'!$F:$F,$A24,'単価履歴'!$O:$O, MAXIFS('単価履歴'!$O:$O,'単価履歴'!$E:$E,O$1,'単価履歴'!$F:$F,$A24))) | P24: =IF(MAXIFS('単価履歴'!$H:$H,'単価履歴'!$E:$E,P$1,'単価履歴'!$F:$F,$A24,'単価履歴'!$O:$O, MAXIFS('単価履歴'!$O:$O,'単価履歴'!$E:$E,P$1,'単価履歴'!$F:$F,$A24))=0,"", MAXIFS('単価履歴'!$H:$H,'単価履歴'!$E:$E,P$1,'単価履歴'!$F:$F,$A24,'単価履歴'!$O:$O, MAXIFS('単価履歴'!$O:$O,'単価履歴'!$E:$E,P$1,'単価履歴'!$F:$F,$A24))) | Q24: =IF(MAXIFS('単価履歴'!$H:$H,'単価履歴'!$E:$E,Q$1,'単価履歴'!$F:$F,$A24,'単価履歴'!$O:$O, MAXIFS('単価履歴'!$O:$O,'単価履歴'!$E:$E,Q$1,'単価履歴'!$F:$F,$A24))=0,"", MAXIFS('単価履歴'!$H:$H,'単価履歴'!$E:$E,Q$1,'単価履歴'!$F:$F,$A24,'単価履歴'!$O:$O, MAXIFS('単価履歴'!$O:$O,'単価履歴'!$E:$E,Q$1,'単価履歴'!$F:$F,$A24))) | R24: =IF(MAXIFS('単価履歴'!$H:$H,'単価履歴'!$E:$E,R$1,'単価履歴'!$F:$F,$A24,'単価履歴'!$O:$O, MAXIFS('単価履歴'!$O:$O,'単価履歴'!$E:$E,R$1,'単価履歴'!$F:$F,$A24))=0,"", MAXIFS('単価履歴'!$H:$H,'単価履歴'!$E:$E,R$1,'単価履歴'!$F:$F,$A24,'単価履歴'!$O:$O, MAXIFS('単価履歴'!$O:$O,'単価履歴'!$E:$E,R$1,'単価履歴'!$F:$F,$A24))) | S24: =IF(MAXIFS('単価履歴'!$H:$H,'単価履歴'!$E:$E,S$1,'単価履歴'!$F:$F,$A24,'単価履歴'!$O:$O, MAXIFS('単価履歴'!$O:$O,'単価履歴'!$E:$E,S$1,'単価履歴'!$F:$F,$A24))=0,"", MAXIFS('単価履歴'!$H:$H,'単価履歴'!$E:$E,S$1,'単価履歴'!$F:$F,$A24,'単価履歴'!$O:$O, MAXIFS('単価履歴'!$O:$O,'単価履歴'!$E:$E,S$1,'単価履歴'!$F:$F,$A24))) | T24: =IF(MAXIFS('単価履歴'!$H:$H,'単価履歴'!$E:$E,T$1,'単価履歴'!$F:$F,$A24,'単価履歴'!$O:$O, MAXIFS('単価履歴'!$O:$O,'単価履歴'!$E:$E,T$1,'単価履歴'!$F:$F,$A24))=0,"", MAXIFS('単価履歴'!$H:$H,'単価履歴'!$E:$E,T$1,'単価履歴'!$F:$F,$A24,'単価履歴'!$O:$O, MAXIFS('単価履歴'!$O:$O,'単価履歴'!$E:$E,T$1,'単価履歴'!$F:$F,$A24))) | U24: =IF(MAXIFS('単価履歴'!$H:$H,'単価履歴'!$E:$E,U$1,'単価履歴'!$F:$F,$A24,'単価履歴'!$O:$O, MAXIFS('単価履歴'!$O:$O,'単価履歴'!$E:$E,U$1,'単価履歴'!$F:$F,$A24))=0,"", MAXIFS('単価履歴'!$H:$H,'単価履歴'!$E:$E,U$1,'単価履歴'!$F:$F,$A24,'単価履歴'!$O:$O, MAXIFS('単価履歴'!$O:$O,'単価履歴'!$E:$E,U$1,'単価履歴'!$F:$F,$A24))) | V24: =IF(MAXIFS('単価履歴'!$H:$H,'単価履歴'!$E:$E,V$1,'単価履歴'!$F:$F,$A24,'単価履歴'!$O:$O, MAXIFS('単価履歴'!$O:$O,'単価履歴'!$E:$E,V$1,'単価履歴'!$F:$F,$A24))=0,"", MAXIFS('単価履歴'!$H:$H,'単価履歴'!$E:$E,V$1,'単価履歴'!$F:$F,$A24,'単価履歴'!$O:$O, MAXIFS('単価履歴'!$O:$O,'単価履歴'!$E:$E,V$1,'単価履歴'!$F:$F,$A24))) | ... BY24: =IF(MAXIFS('単価履歴'!$H:$H,'単価履歴'!$E:$E,BY$1,'単価履歴'!$F:$F,$A24,'単価履歴'!$O:$O, MAXIFS('単価履歴'!$O:$O,'単価履歴'!$E:$E,BY$1,'単価履歴'!$F:$F,$A24))=0,"", MAXIFS('単価履歴'!$H:$H,'単価履歴'!$E:$E,BY$1,'単価履歴'!$F:$F,$A24,'単価履歴'!$O:$O, MAXIFS('単価履歴'!$O:$O,'単価履歴'!$E:$E,BY$1,'単価履歴'!$F:$F,$A24)))
A25: 銑ダライ | K25: =IF(MAXIFS('単価履歴'!$H:$H,'単価履歴'!$E:$E,K$1,'単価履歴'!$F:$F,$A25,'単価履歴'!$O:$O, MAXIFS('単価履歴'!$O:$O,'単価履歴'!$E:$E,K$1,'単価履歴'!$F:$F,$A25))=0,"", MAXIFS('単価履歴'!$H:$H,'単価履歴'!$E:$E,K$1,'単価履歴'!$F:$F,$A25,'単価履歴'!$O:$O, MAXIFS('単価履歴'!$O:$O,'単価履歴'!$E:$E,K$1,'単価履歴'!$F:$F,$A25))) | L25: =IF(MAXIFS('単価履歴'!$H:$H,'単価履歴'!$E:$E,L$1,'単価履歴'!$F:$F,$A25,'単価履歴'!$O:$O, MAXIFS('単価履歴'!$O:$O,'単価履歴'!$E:$E,L$1,'単価履歴'!$F:$F,$A25))=0,"", MAXIFS('単価履歴'!$H:$H,'単価履歴'!$E:$E,L$1,'単価履歴'!$F:$F,$A25,'単価履歴'!$O:$O, MAXIFS('単価履歴'!$O:$O,'単価履歴'!$E:$E,L$1,'単価履歴'!$F:$F,$A25))) | M25: =IF(MAXIFS('単価履歴'!$H:$H,'単価履歴'!$E:$E,M$1,'単価履歴'!$F:$F,$A25,'単価履歴'!$O:$O, MAXIFS('単価履歴'!$O:$O,'単価履歴'!$E:$E,M$1,'単価履歴'!$F:$F,$A25))=0,"", MAXIFS('単価履歴'!$H:$H,'単価履歴'!$E:$E,M$1,'単価履歴'!$F:$F,$A25,'単価履歴'!$O:$O, MAXIFS('単価履歴'!$O:$O,'単価履歴'!$E:$E,M$1,'単価履歴'!$F:$F,$A25))) | N25: =IF(MAXIFS('単価履歴'!$H:$H,'単価履歴'!$E:$E,N$1,'単価履歴'!$F:$F,$A25,'単価履歴'!$O:$O, MAXIFS('単価履歴'!$O:$O,'単価履歴'!$E:$E,N$1,'単価履歴'!$F:$F,$A25))=0,"", MAXIFS('単価履歴'!$H:$H,'単価履歴'!$E:$E,N$1,'単価履歴'!$F:$F,$A25,'単価履歴'!$O:$O, MAXIFS('単価履歴'!$O:$O,'単価履歴'!$E:$E,N$1,'単価履歴'!$F:$F,$A25))) | O25: =IF(MAXIFS('単価履歴'!$H:$H,'単価履歴'!$E:$E,O$1,'単価履歴'!$F:$F,$A25,'単価履歴'!$O:$O, MAXIFS('単価履歴'!$O:$O,'単価履歴'!$E:$E,O$1,'単価履歴'!$F:$F,$A25))=0,"", MAXIFS('単価履歴'!$H:$H,'単価履歴'!$E:$E,O$1,'単価履歴'!$F:$F,$A25,'単価履歴'!$O:$O, MAXIFS('単価履歴'!$O:$O,'単価履歴'!$E:$E,O$1,'単価履歴'!$F:$F,$A25))) | P25: =IF(MAXIFS('単価履歴'!$H:$H,'単価履歴'!$E:$E,P$1,'単価履歴'!$F:$F,$A25,'単価履歴'!$O:$O, MAXIFS('単価履歴'!$O:$O,'単価履歴'!$E:$E,P$1,'単価履歴'!$F:$F,$A25))=0,"", MAXIFS('単価履歴'!$H:$H,'単価履歴'!$E:$E,P$1,'単価履歴'!$F:$F,$A25,'単価履歴'!$O:$O, MAXIFS('単価履歴'!$O:$O,'単価履歴'!$E:$E,P$1,'単価履歴'!$F:$F,$A25))) | Q25: =IF(MAXIFS('単価履歴'!$H:$H,'単価履歴'!$E:$E,Q$1,'単価履歴'!$F:$F,$A25,'単価履歴'!$O:$O, MAXIFS('単価履歴'!$O:$O,'単価履歴'!$E:$E,Q$1,'単価履歴'!$F:$F,$A25))=0,"", MAXIFS('単価履歴'!$H:$H,'単価履歴'!$E:$E,Q$1,'単価履歴'!$F:$F,$A25,'単価履歴'!$O:$O, MAXIFS('単価履歴'!$O:$O,'単価履歴'!$E:$E,Q$1,'単価履歴'!$F:$F,$A25))) | R25: =IF(MAXIFS('単価履歴'!$H:$H,'単価履歴'!$E:$E,R$1,'単価履歴'!$F:$F,$A25,'単価履歴'!$O:$O, MAXIFS('単価履歴'!$O:$O,'単価履歴'!$E:$E,R$1,'単価履歴'!$F:$F,$A25))=0,"", MAXIFS('単価履歴'!$H:$H,'単価履歴'!$E:$E,R$1,'単価履歴'!$F:$F,$A25,'単価履歴'!$O:$O, MAXIFS('単価履歴'!$O:$O,'単価履歴'!$E:$E,R$1,'単価履歴'!$F:$F,$A25))) | ... AY25: =IF(MAXIFS('単価履歴'!$H:$H,'単価履歴'!$E:$E,AY$1,'単価履歴'!$F:$F,$A25,'単価履歴'!$O:$O, MAXIFS('単価履歴'!$O:$O,'単価履歴'!$E:$E,AY$1,'単価履歴'!$F:$F,$A25))=0,"", MAXIFS('単価履歴'!$H:$H,'単価履歴'!$E:$E,AY$1,'単価履歴'!$F:$F,$A25,'単価履歴'!$O:$O, MAXIFS('単価履歴'!$O:$O,'単価履歴'!$E:$E,AY$1,'単価履歴'!$F:$F,$A25))) | BA25: =IF(MAXIFS('単価履歴'!$H:$H,'単価履歴'!$E:$E,BA$1,'単価履歴'!$F:$F,$A25,'単価履歴'!$O:$O, MAXIFS('単価履歴'!$O:$O,'単価履歴'!$E:$E,BA$1,'単価履歴'!$F:$F,$A25))=0,"", MAXIFS('単価履歴'!$H:$H,'単価履歴'!$E:$E,BA$1,'単価履歴'!$F:$F,$A25,'単価履歴'!$O:$O, MAXIFS('単価履歴'!$O:$O,'単価履歴'!$E:$E,BA$1,'単価履歴'!$F:$F,$A25))) | BB25: =IF(MAXIFS('単価履歴'!$H:$H,'単価履歴'!$E:$E,BB$1,'単価履歴'!$F:$F,$A25,'単価履歴'!$O:$O, MAXIFS('単価履歴'!$O:$O,'単価履歴'!$E:$E,BB$1,'単価履歴'!$F:$F,$A25))=0,"", MAXIFS('単価履歴'!$H:$H,'単価履歴'!$E:$E,BB$1,'単価履歴'!$F:$F,$A25,'単価履歴'!$O:$O, MAXIFS('単価履歴'!$O:$O,'単価履歴'!$E:$E,BB$1,'単価履歴'!$F:$F,$A25))) | BC25: =IF(MAXIFS('単価履歴'!$H:$H,'単価履歴'!$E:$E,BC$1,'単価履歴'!$F:$F,$A25,'単価履歴'!$O:$O, MAXIFS('単価履歴'!$O:$O,'単価履歴'!$E:$E,BC$1,'単価履歴'!$F:$F,$A25))=0,"", MAXIFS('単価履歴'!$H:$H,'単価履歴'!$E:$E,BC$1,'単価履歴'!$F:$F,$A25,'単価履歴'!$O:$O, MAXIFS('単価履歴'!$O:$O,'単価履歴'!$E:$E,BC$1,'単価履歴'!$F:$F,$A25))) | BD25: =IF(MAXIFS('単価履歴'!$H:$H,'単価履歴'!$E:$E,BD$1,'単価履歴'!$F:$F,$A25,'単価履歴'!$O:$O, MAXIFS('単価履歴'!$O:$O,'単価履歴'!$E:$E,BD$1,'単価履歴'!$F:$F,$A25))=0,"", MAXIFS('単価履歴'!$H:$H,'単価履歴'!$E:$E,BD$1,'単価履歴'!$F:$F,$A25,'単価履歴'!$O:$O, MAXIFS('単価履歴'!$O:$O,'単価履歴'!$E:$E,BD$1,'単価履歴'!$F:$F,$A25))) | BE25: =IF(MAXIFS('単価履歴'!$H:$H,'単価履歴'!$E:$E,BE$1,'単価履歴'!$F:$F,$A25,'単価履歴'!$O:$O, MAXIFS('単価履歴'!$O:$O,'単価履歴'!$E:$E,BE$1,'単価履歴'!$F:$F,$A25))=0,"", MAXIFS('単価履歴'!$H:$H,'単価履歴'!$E:$E,BE$1,'単価履歴'!$F:$F,$A25,'単価履歴'!$O:$O, MAXIFS('単価履歴'!$O:$O,'単価履歴'!$E:$E,BE$1,'単価履歴'!$F:$F,$A25))) | BF25: =IF(MAXIFS('単価履歴'!$H:$H,'単価履歴'!$E:$E,BF$1,'単価履歴'!$F:$F,$A25,'単価履歴'!$O:$O, MAXIFS('単価履歴'!$O:$O,'単価履歴'!$E:$E,BF$1,'単価履歴'!$F:$F,$A25))=0,"", MAXIFS('単価履歴'!$H:$H,'単価履歴'!$E:$E,BF$1,'単価履歴'!$F:$F,$A25,'単価履歴'!$O:$O, MAXIFS('単価履歴'!$O:$O,'単価履歴'!$E:$E,BF$1,'単価履歴'!$F:$F,$A25))) | BG25: =IF(MAXIFS('単価履歴'!$H:$H,'単価履歴'!$E:$E,BG$1,'単価履歴'!$F:$F,$A25,'単価履歴'!$O:$O, MAXIFS('単価履歴'!$O:$O,'単価履歴'!$E:$E,BG$1,'単価履歴'!$F:$F,$A25))=0,"", MAXIFS('単価履歴'!$H:$H,'単価履歴'!$E:$E,BG$1,'単価履歴'!$F:$F,$A25,'単価履歴'!$O:$O, MAXIFS('単価履歴'!$O:$O,'単価履歴'!$E:$E,BG$1,'単価履歴'!$F:$F,$A25))) | BH25: =IF(MAXIFS('単価履歴'!$H:$H,'単価履歴'!$E:$E,BH$1,'単価履歴'!$F:$F,$A25,'単価履歴'!$O:$O, MAXIFS('単価履歴'!$O:$O,'単価履歴'!$E:$E,BH$1,'単価履歴'!$F:$F,$A25))=0,"", MAXIFS('単価履歴'!$H:$H,'単価履歴'!$E:$E,BH$1,'単価履歴'!$F:$F,$A25,'単価履歴'!$O:$O, MAXIFS('単価履歴'!$O:$O,'単価履歴'!$E:$E,BH$1,'単価履歴'!$F:$F,$A25))) | ... BY25: =IF(MAXIFS('単価履歴'!$H:$H,'単価履歴'!$E:$E,BY$1,'単価履歴'!$F:$F,$A25,'単価履歴'!$O:$O, MAXIFS('単価履歴'!$O:$O,'単価履歴'!$E:$E,BY$1,'単価履歴'!$F:$F,$A25))=0,"", MAXIFS('単価履歴'!$H:$H,'単価履歴'!$E:$E,BY$1,'単価履歴'!$F:$F,$A25,'単価履歴'!$O:$O, MAXIFS('単価履歴'!$O:$O,'単価履歴'!$E:$E,BY$1,'単価履歴'!$F:$F,$A25)))
A26: シュレＡ | B26: =IF(MAXIFS('単価履歴'!$H:$H,'単価履歴'!$E:$E,B$1,'単価履歴'!$F:$F,$A26,'単価履歴'!$O:$O, MAXIFS('単価履歴'!$O:$O,'単価履歴'!$E:$E,B$1,'単価履歴'!$F:$F,$A26))=0,"", MAXIFS('単価履歴'!$H:$H,'単価履歴'!$E:$E,B$1,'単価履歴'!$F:$F,$A26,'単価履歴'!$O:$O, MAXIFS('単価履歴'!$O:$O,'単価履歴'!$E:$E,B$1,'単価履歴'!$F:$F,$A26))) -> 54.5 | K26: =IF(MAXIFS('単価履歴'!$H:$H,'単価履歴'!$E:$E,K$1,'単価履歴'!$F:$F,$A26,'単価履歴'!$O:$O, MAXIFS('単価履歴'!$O:$O,'単価履歴'!$E:$E,K$1,'単価履歴'!$F:$F,$A26))=0,"", MAXIFS('単価履歴'!$H:$H,'単価履歴'!$E:$E,K$1,'単価履歴'!$F:$F,$A26,'単価履歴'!$O:$O, MAXIFS('単価履歴'!$O:$O,'単価履歴'!$E:$E,K$1,'単価履歴'!$F:$F,$A26))) -> 40 | L26: =IF(MAXIFS('単価履歴'!$H:$H,'単価履歴'!$E:$E,L$1,'単価履歴'!$F:$F,$A26,'単価履歴'!$O:$O, MAXIFS('単価履歴'!$O:$O,'単価履歴'!$E:$E,L$1,'単価履歴'!$F:$F,$A26))=0,"", MAXIFS('単価履歴'!$H:$H,'単価履歴'!$E:$E,L$1,'単価履歴'!$F:$F,$A26,'単価履歴'!$O:$O, MAXIFS('単価履歴'!$O:$O,'単価履歴'!$E:$E,L$1,'単価履歴'!$F:$F,$A26))) -> 39.7 | O26: =IF(MAXIFS('単価履歴'!$H:$H,'単価履歴'!$E:$E,O$1,'単価履歴'!$F:$F,$A26,'単価履歴'!$O:$O, MAXIFS('単価履歴'!$O:$O,'単価履歴'!$E:$E,O$1,'単価履歴'!$F:$F,$A26))=0,"", MAXIFS('単価履歴'!$H:$H,'単価履歴'!$E:$E,O$1,'単価履歴'!$F:$F,$A26,'単価履歴'!$O:$O, MAXIFS('単価履歴'!$O:$O,'単価履歴'!$E:$E,O$1,'単価履歴'!$F:$F,$A26))) | P26: =IF(MAXIFS('単価履歴'!$H:$H,'単価履歴'!$E:$E,P$1,'単価履歴'!$F:$F,$A26,'単価履歴'!$O:$O, MAXIFS('単価履歴'!$O:$O,'単価履歴'!$E:$E,P$1,'単価履歴'!$F:$F,$A26))=0,"", MAXIFS('単価履歴'!$H:$H,'単価履歴'!$E:$E,P$1,'単価履歴'!$F:$F,$A26,'単価履歴'!$O:$O, MAXIFS('単価履歴'!$O:$O,'単価履歴'!$E:$E,P$1,'単価履歴'!$F:$F,$A26))) | Q26: =IF(MAXIFS('単価履歴'!$H:$H,'単価履歴'!$E:$E,Q$1,'単価履歴'!$F:$F,$A26,'単価履歴'!$O:$O, MAXIFS('単価履歴'!$O:$O,'単価履歴'!$E:$E,Q$1,'単価履歴'!$F:$F,$A26))=0,"", MAXIFS('単価履歴'!$H:$H,'単価履歴'!$E:$E,Q$1,'単価履歴'!$F:$F,$A26,'単価履歴'!$O:$O, MAXIFS('単価履歴'!$O:$O,'単価履歴'!$E:$E,Q$1,'単価履歴'!$F:$F,$A26))) | R26: =IF(MAXIFS('単価履歴'!$H:$H,'単価履歴'!$E:$E,R$1,'単価履歴'!$F:$F,$A26,'単価履歴'!$O:$O, MAXIFS('単価履歴'!$O:$O,'単価履歴'!$E:$E,R$1,'単価履歴'!$F:$F,$A26))=0,"", MAXIFS('単価履歴'!$H:$H,'単価履歴'!$E:$E,R$1,'単価履歴'!$F:$F,$A26,'単価履歴'!$O:$O, MAXIFS('単価履歴'!$O:$O,'単価履歴'!$E:$E,R$1,'単価履歴'!$F:$F,$A26))) | S26: =IF(MAXIFS('単価履歴'!$H:$H,'単価履歴'!$E:$E,S$1,'単価履歴'!$F:$F,$A26,'単価履歴'!$O:$O, MAXIFS('単価履歴'!$O:$O,'単価履歴'!$E:$E,S$1,'単価履歴'!$F:$F,$A26))=0,"", MAXIFS('単価履歴'!$H:$H,'単価履歴'!$E:$E,S$1,'単価履歴'!$F:$F,$A26,'単価履歴'!$O:$O, MAXIFS('単価履歴'!$O:$O,'単価履歴'!$E:$E,S$1,'単価履歴'!$F:$F,$A26))) | T26: =IF(MAXIFS('単価履歴'!$H:$H,'単価履歴'!$E:$E,T$1,'単価履歴'!$F:$F,$A26,'単価履歴'!$O:$O, MAXIFS('単価履歴'!$O:$O,'単価履歴'!$E:$E,T$1,'単価履歴'!$F:$F,$A26))=0,"", MAXIFS('単価履歴'!$H:$H,'単価履歴'!$E:$E,T$1,'単価履歴'!$F:$F,$A26,'単価履歴'!$O:$O, MAXIFS('単価履歴'!$O:$O,'単価履歴'!$E:$E,T$1,'単価履歴'!$F:$F,$A26))) | U26: =IF(MAXIFS('単価履歴'!$H:$H,'単価履歴'!$E:$E,U$1,'単価履歴'!$F:$F,$A26,'単価履歴'!$O:$O, MAXIFS('単価履歴'!$O:$O,'単価履歴'!$E:$E,U$1,'単価履歴'!$F:$F,$A26))=0,"", MAXIFS('単価履歴'!$H:$H,'単価履歴'!$E:$E,U$1,'単価履歴'!$F:$F,$A26,'単価履歴'!$O:$O, MAXIFS('単価履歴'!$O:$O,'単価履歴'!$E:$E,U$1,'単価履歴'!$F:$F,$A26))) | V26: =IF(MAXIFS('単価履歴'!$H:$H,'単価履歴'!$E:$E,V$1,'単価履歴'!$F:$F,$A26,'単価履歴'!$O:$O, MAXIFS('単価履歴'!$O:$O,'単価履歴'!$E:$E,V$1,'単価履歴'!$F:$F,$A26))=0,"", MAXIFS('単価履歴'!$H:$H,'単価履歴'!$E:$E,V$1,'単価履歴'!$F:$F,$A26,'単価履歴'!$O:$O, MAXIFS('単価履歴'!$O:$O,'単価履歴'!$E:$E,V$1,'単価履歴'!$F:$F,$A26))) | ... BY26: =IF(MAXIFS('単価履歴'!$H:$H,'単価履歴'!$E:$E,BY$1,'単価履歴'!$F:$F,$A26,'単価履歴'!$O:$O, MAXIFS('単価履歴'!$O:$O,'単価履歴'!$E:$E,BY$1,'単価履歴'!$F:$F,$A26))=0,"", MAXIFS('単価履歴'!$H:$H,'単価履歴'!$E:$E,BY$1,'単価履歴'!$F:$F,$A26,'単価履歴'!$O:$O, MAXIFS('単価履歴'!$O:$O,'単価履歴'!$E:$E,BY$1,'単価履歴'!$F:$F,$A26)))
A27: シュレＢ | K27: =IF(MAXIFS('単価履歴'!$H:$H,'単価履歴'!$E:$E,K$1,'単価履歴'!$F:$F,$A27,'単価履歴'!$O:$O, MAXIFS('単価履歴'!$O:$O,'単価履歴'!$E:$E,K$1,'単価履歴'!$F:$F,$A27))=0,"", MAXIFS('単価履歴'!$H:$H,'単価履歴'!$E:$E,K$1,'単価履歴'!$F:$F,$A27,'単価履歴'!$O:$O, MAXIFS('単価履歴'!$O:$O,'単価履歴'!$E:$E,K$1,'単価履歴'!$F:$F,$A27))) -> 39.3 | L27: =IF(MAXIFS('単価履歴'!$H:$H,'単価履歴'!$E:$E,L$1,'単価履歴'!$F:$F,$A27,'単価履歴'!$O:$O, MAXIFS('単価履歴'!$O:$O,'単価履歴'!$E:$E,L$1,'単価履歴'!$F:$F,$A27))=0,"", MAXIFS('単価履歴'!$H:$H,'単価履歴'!$E:$E,L$1,'単価履歴'!$F:$F,$A27,'単価履歴'!$O:$O, MAXIFS('単価履歴'!$O:$O,'単価履歴'!$E:$E,L$1,'単価履歴'!$F:$F,$A27))) -> 39 | O27: =IF(MAXIFS('単価履歴'!$H:$H,'単価履歴'!$E:$E,O$1,'単価履歴'!$F:$F,$A27,'単価履歴'!$O:$O, MAXIFS('単価履歴'!$O:$O,'単価履歴'!$E:$E,O$1,'単価履歴'!$F:$F,$A27))=0,"", MAXIFS('単価履歴'!$H:$H,'単価履歴'!$E:$E,O$1,'単価履歴'!$F:$F,$A27,'単価履歴'!$O:$O, MAXIFS('単価履歴'!$O:$O,'単価履歴'!$E:$E,O$1,'単価履歴'!$F:$F,$A27))) | P27: =IF(MAXIFS('単価履歴'!$H:$H,'単価履歴'!$E:$E,P$1,'単価履歴'!$F:$F,$A27,'単価履歴'!$O:$O, MAXIFS('単価履歴'!$O:$O,'単価履歴'!$E:$E,P$1,'単価履歴'!$F:$F,$A27))=0,"", MAXIFS('単価履歴'!$H:$H,'単価履歴'!$E:$E,P$1,'単価履歴'!$F:$F,$A27,'単価履歴'!$O:$O, MAXIFS('単価履歴'!$O:$O,'単価履歴'!$E:$E,P$1,'単価履歴'!$F:$F,$A27))) | Q27: =IF(MAXIFS('単価履歴'!$H:$H,'単価履歴'!$E:$E,Q$1,'単価履歴'!$F:$F,$A27,'単価履歴'!$O:$O, MAXIFS('単価履歴'!$O:$O,'単価履歴'!$E:$E,Q$1,'単価履歴'!$F:$F,$A27))=0,"", MAXIFS('単価履歴'!$H:$H,'単価履歴'!$E:$E,Q$1,'単価履歴'!$F:$F,$A27,'単価履歴'!$O:$O, MAXIFS('単価履歴'!$O:$O,'単価履歴'!$E:$E,Q$1,'単価履歴'!$F:$F,$A27))) -> 51.8 | R27: =IF(MAXIFS('単価履歴'!$H:$H,'単価履歴'!$E:$E,R$1,'単価履歴'!$F:$F,$A27,'単価履歴'!$O:$O, MAXIFS('単価履歴'!$O:$O,'単価履歴'!$E:$E,R$1,'単価履歴'!$F:$F,$A27))=0,"", MAXIFS('単価履歴'!$H:$H,'単価履歴'!$E:$E,R$1,'単価履歴'!$F:$F,$A27,'単価履歴'!$O:$O, MAXIFS('単価履歴'!$O:$O,'単価履歴'!$E:$E,R$1,'単価履歴'!$F:$F,$A27))) | S27: =IF(MAXIFS('単価履歴'!$H:$H,'単価履歴'!$E:$E,S$1,'単価履歴'!$F:$F,$A27,'単価履歴'!$O:$O, MAXIFS('単価履歴'!$O:$O,'単価履歴'!$E:$E,S$1,'単価履歴'!$F:$F,$A27))=0,"", MAXIFS('単価履歴'!$H:$H,'単価履歴'!$E:$E,S$1,'単価履歴'!$F:$F,$A27,'単価履歴'!$O:$O, MAXIFS('単価履歴'!$O:$O,'単価履歴'!$E:$E,S$1,'単価履歴'!$F:$F,$A27))) | T27: =IF(MAXIFS('単価履歴'!$H:$H,'単価履歴'!$E:$E,T$1,'単価履歴'!$F:$F,$A27,'単価履歴'!$O:$O, MAXIFS('単価履歴'!$O:$O,'単価履歴'!$E:$E,T$1,'単価履歴'!$F:$F,$A27))=0,"", MAXIFS('単価履歴'!$H:$H,'単価履歴'!$E:$E,T$1,'単価履歴'!$F:$F,$A27,'単価履歴'!$O:$O, MAXIFS('単価履歴'!$O:$O,'単価履歴'!$E:$E,T$1,'単価履歴'!$F:$F,$A27))) | U27: =IF(MAXIFS('単価履歴'!$H:$H,'単価履歴'!$E:$E,U$1,'単価履歴'!$F:$F,$A27,'単価履歴'!$O:$O, MAXIFS('単価履歴'!$O:$O,'単価履歴'!$E:$E,U$1,'単価履歴'!$F:$F,$A27))=0,"", MAXIFS('単価履歴'!$H:$H,'単価履歴'!$E:$E,U$1,'単価履歴'!$F:$F,$A27,'単価履歴'!$O:$O, MAXIFS('単価履歴'!$O:$O,'単価履歴'!$E:$E,U$1,'単価履歴'!$F:$F,$A27))) | V27: =IF(MAXIFS('単価履歴'!$H:$H,'単価履歴'!$E:$E,V$1,'単価履歴'!$F:$F,$A27,'単価履歴'!$O:$O, MAXIFS('単価履歴'!$O:$O,'単価履歴'!$E:$E,V$1,'単価履歴'!$F:$F,$A27))=0,"", MAXIFS('単価履歴'!$H:$H,'単価履歴'!$E:$E,V$1,'単価履歴'!$F:$F,$A27,'単価履歴'!$O:$O, MAXIFS('単価履歴'!$O:$O,'単価履歴'!$E:$E,V$1,'単価履歴'!$F:$F,$A27))) | ... BY27: =IF(MAXIFS('単価履歴'!$H:$H,'単価履歴'!$E:$E,BY$1,'単価履歴'!$F:$F,$A27,'単価履歴'!$O:$O, MAXIFS('単価履歴'!$O:$O,'単価履歴'!$E:$E,BY$1,'単価履歴'!$F:$F,$A27))=0,"", MAXIFS('単価履歴'!$H:$H,'単価履歴'!$E:$E,BY$1,'単価履歴'!$F:$F,$A27,'単価履歴'!$O:$O, MAXIFS('単価履歴'!$O:$O,'単価履歴'!$E:$E,BY$1,'単価履歴'!$F:$F,$A27)))
A28: シュレＣ | B28: =IF(MAXIFS('単価履歴'!$H:$H,'単価履歴'!$E:$E,B$1,'単価履歴'!$F:$F,$A28,'単価履歴'!$O:$O, MAXIFS('単価履歴'!$O:$O,'単価履歴'!$E:$E,B$1,'単価履歴'!$F:$F,$A28))=0,"", MAXIFS('単価履歴'!$H:$H,'単価履歴'!$E:$E,B$1,'単価履歴'!$F:$F,$A28,'単価履歴'!$O:$O, MAXIFS('単価履歴'!$O:$O,'単価履歴'!$E:$E,B$1,'単価履歴'!$F:$F,$A28))) -> 53.5 | K28: =IF(MAXIFS('単価履歴'!$H:$H,'単価履歴'!$E:$E,K$1,'単価履歴'!$F:$F,$A28,'単価履歴'!$O:$O, MAXIFS('単価履歴'!$O:$O,'単価履歴'!$E:$E,K$1,'単価履歴'!$F:$F,$A28))=0,"", MAXIFS('単価履歴'!$H:$H,'単価履歴'!$E:$E,K$1,'単価履歴'!$F:$F,$A28,'単価履歴'!$O:$O, MAXIFS('単価履歴'!$O:$O,'単価履歴'!$E:$E,K$1,'単価履歴'!$F:$F,$A28))) -> 37.9 | L28: =IF(MAXIFS('単価履歴'!$H:$H,'単価履歴'!$E:$E,L$1,'単価履歴'!$F:$F,$A28,'単価履歴'!$O:$O, MAXIFS('単価履歴'!$O:$O,'単価履歴'!$E:$E,L$1,'単価履歴'!$F:$F,$A28))=0,"", MAXIFS('単価履歴'!$H:$H,'単価履歴'!$E:$E,L$1,'単価履歴'!$F:$F,$A28,'単価履歴'!$O:$O, MAXIFS('単価履歴'!$O:$O,'単価履歴'!$E:$E,L$1,'単価履歴'!$F:$F,$A28))) -> 37.6 | O28: =IF(MAXIFS('単価履歴'!$H:$H,'単価履歴'!$E:$E,O$1,'単価履歴'!$F:$F,$A28,'単価履歴'!$O:$O, MAXIFS('単価履歴'!$O:$O,'単価履歴'!$E:$E,O$1,'単価履歴'!$F:$F,$A28))=0,"", MAXIFS('単価履歴'!$H:$H,'単価履歴'!$E:$E,O$1,'単価履歴'!$F:$F,$A28,'単価履歴'!$O:$O, MAXIFS('単価履歴'!$O:$O,'単価履歴'!$E:$E,O$1,'単価履歴'!$F:$F,$A28))) | P28: =IF(MAXIFS('単価履歴'!$H:$H,'単価履歴'!$E:$E,P$1,'単価履歴'!$F:$F,$A28,'単価履歴'!$O:$O, MAXIFS('単価履歴'!$O:$O,'単価履歴'!$E:$E,P$1,'単価履歴'!$F:$F,$A28))=0,"", MAXIFS('単価履歴'!$H:$H,'単価履歴'!$E:$E,P$1,'単価履歴'!$F:$F,$A28,'単価履歴'!$O:$O, MAXIFS('単価履歴'!$O:$O,'単価履歴'!$E:$E,P$1,'単価履歴'!$F:$F,$A28))) | Q28: =IF(MAXIFS('単価履歴'!$H:$H,'単価履歴'!$E:$E,Q$1,'単価履歴'!$F:$F,$A28,'単価履歴'!$O:$O, MAXIFS('単価履歴'!$O:$O,'単価履歴'!$E:$E,Q$1,'単価履歴'!$F:$F,$A28))=0,"", MAXIFS('単価履歴'!$H:$H,'単価履歴'!$E:$E,Q$1,'単価履歴'!$F:$F,$A28,'単価履歴'!$O:$O, MAXIFS('単価履歴'!$O:$O,'単価履歴'!$E:$E,Q$1,'単価履歴'!$F:$F,$A28))) | R28: =IF(MAXIFS('単価履歴'!$H:$H,'単価履歴'!$E:$E,R$1,'単価履歴'!$F:$F,$A28,'単価履歴'!$O:$O, MAXIFS('単価履歴'!$O:$O,'単価履歴'!$E:$E,R$1,'単価履歴'!$F:$F,$A28))=0,"", MAXIFS('単価履歴'!$H:$H,'単価履歴'!$E:$E,R$1,'単価履歴'!$F:$F,$A28,'単価履歴'!$O:$O, MAXIFS('単価履歴'!$O:$O,'単価履歴'!$E:$E,R$1,'単価履歴'!$F:$F,$A28))) | S28: =IF(MAXIFS('単価履歴'!$H:$H,'単価履歴'!$E:$E,S$1,'単価履歴'!$F:$F,$A28,'単価履歴'!$O:$O, MAXIFS('単価履歴'!$O:$O,'単価履歴'!$E:$E,S$1,'単価履歴'!$F:$F,$A28))=0,"", MAXIFS('単価履歴'!$H:$H,'単価履歴'!$E:$E,S$1,'単価履歴'!$F:$F,$A28,'単価履歴'!$O:$O, MAXIFS('単価履歴'!$O:$O,'単価履歴'!$E:$E,S$1,'単価履歴'!$F:$F,$A28))) | T28: =IF(MAXIFS('単価履歴'!$H:$H,'単価履歴'!$E:$E,T$1,'単価履歴'!$F:$F,$A28,'単価履歴'!$O:$O, MAXIFS('単価履歴'!$O:$O,'単価履歴'!$E:$E,T$1,'単価履歴'!$F:$F,$A28))=0,"", MAXIFS('単価履歴'!$H:$H,'単価履歴'!$E:$E,T$1,'単価履歴'!$F:$F,$A28,'単価履歴'!$O:$O, MAXIFS('単価履歴'!$O:$O,'単価履歴'!$E:$E,T$1,'単価履歴'!$F:$F,$A28))) | U28: =IF(MAXIFS('単価履歴'!$H:$H,'単価履歴'!$E:$E,U$1,'単価履歴'!$F:$F,$A28,'単価履歴'!$O:$O, MAXIFS('単価履歴'!$O:$O,'単価履歴'!$E:$E,U$1,'単価履歴'!$F:$F,$A28))=0,"", MAXIFS('単価履歴'!$H:$H,'単価履歴'!$E:$E,U$1,'単価履歴'!$F:$F,$A28,'単価履歴'!$O:$O, MAXIFS('単価履歴'!$O:$O,'単価履歴'!$E:$E,U$1,'単価履歴'!$F:$F,$A28))) | V28: =IF(MAXIFS('単価履歴'!$H:$H,'単価履歴'!$E:$E,V$1,'単価履歴'!$F:$F,$A28,'単価履歴'!$O:$O, MAXIFS('単価履歴'!$O:$O,'単価履歴'!$E:$E,V$1,'単価履歴'!$F:$F,$A28))=0,"", MAXIFS('単価履歴'!$H:$H,'単価履歴'!$E:$E,V$1,'単価履歴'!$F:$F,$A28,'単価履歴'!$O:$O, MAXIFS('単価履歴'!$O:$O,'単価履歴'!$E:$E,V$1,'単価履歴'!$F:$F,$A28))) | ... BY28: =IF(MAXIFS('単価履歴'!$H:$H,'単価履歴'!$E:$E,BY$1,'単価履歴'!$F:$F,$A28,'単価履歴'!$O:$O, MAXIFS('単価履歴'!$O:$O,'単価履歴'!$E:$E,BY$1,'単価履歴'!$F:$F,$A28))=0,"", MAXIFS('単価履歴'!$H:$H,'単価履歴'!$E:$E,BY$1,'単価履歴'!$F:$F,$A28,'単価履歴'!$O:$O, MAXIFS('単価履歴'!$O:$O,'単価履歴'!$E:$E,BY$1,'単価履歴'!$F:$F,$A28)))
A29: ＣＰ Ａ | K29: =IF(MAXIFS('単価履歴'!$H:$H,'単価履歴'!$E:$E,K$1,'単価履歴'!$F:$F,$A29,'単価履歴'!$O:$O, MAXIFS('単価履歴'!$O:$O,'単価履歴'!$E:$E,K$1,'単価履歴'!$F:$F,$A29))=0,"", MAXIFS('単価履歴'!$H:$H,'単価履歴'!$E:$E,K$1,'単価履歴'!$F:$F,$A29,'単価履歴'!$O:$O, MAXIFS('単価履歴'!$O:$O,'単価履歴'!$E:$E,K$1,'単価履歴'!$F:$F,$A29))) -> 45.5 | L29: =IF(MAXIFS('単価履歴'!$H:$H,'単価履歴'!$E:$E,L$1,'単価履歴'!$F:$F,$A29,'単価履歴'!$O:$O, MAXIFS('単価履歴'!$O:$O,'単価履歴'!$E:$E,L$1,'単価履歴'!$F:$F,$A29))=0,"", MAXIFS('単価履歴'!$H:$H,'単価履歴'!$E:$E,L$1,'単価履歴'!$F:$F,$A29,'単価履歴'!$O:$O, MAXIFS('単価履歴'!$O:$O,'単価履歴'!$E:$E,L$1,'単価履歴'!$F:$F,$A29))) -> 50.2 | M29: =IF(MAXIFS('単価履歴'!$H:$H,'単価履歴'!$E:$E,M$1,'単価履歴'!$F:$F,$A29,'単価履歴'!$O:$O, MAXIFS('単価履歴'!$O:$O,'単価履歴'!$E:$E,M$1,'単価履歴'!$F:$F,$A29))=0,"", MAXIFS('単価履歴'!$H:$H,'単価履歴'!$E:$E,M$1,'単価履歴'!$F:$F,$A29,'単価履歴'!$O:$O, MAXIFS('単価履歴'!$O:$O,'単価履歴'!$E:$E,M$1,'単価履歴'!$F:$F,$A29))) -> 55.7 | O29: =IF(MAXIFS('単価履歴'!$H:$H,'単価履歴'!$E:$E,O$1,'単価履歴'!$F:$F,$A29,'単価履歴'!$O:$O, MAXIFS('単価履歴'!$O:$O,'単価履歴'!$E:$E,O$1,'単価履歴'!$F:$F,$A29))=0,"", MAXIFS('単価履歴'!$H:$H,'単価履歴'!$E:$E,O$1,'単価履歴'!$F:$F,$A29,'単価履歴'!$O:$O, MAXIFS('単価履歴'!$O:$O,'単価履歴'!$E:$E,O$1,'単価履歴'!$F:$F,$A29))) | P29: =IF(MAXIFS('単価履歴'!$H:$H,'単価履歴'!$E:$E,P$1,'単価履歴'!$F:$F,$A29,'単価履歴'!$O:$O, MAXIFS('単価履歴'!$O:$O,'単価履歴'!$E:$E,P$1,'単価履歴'!$F:$F,$A29))=0,"", MAXIFS('単価履歴'!$H:$H,'単価履歴'!$E:$E,P$1,'単価履歴'!$F:$F,$A29,'単価履歴'!$O:$O, MAXIFS('単価履歴'!$O:$O,'単価履歴'!$E:$E,P$1,'単価履歴'!$F:$F,$A29))) -> 53.2 | Q29: =IF(MAXIFS('単価履歴'!$H:$H,'単価履歴'!$E:$E,Q$1,'単価履歴'!$F:$F,$A29,'単価履歴'!$O:$O, MAXIFS('単価履歴'!$O:$O,'単価履歴'!$E:$E,Q$1,'単価履歴'!$F:$F,$A29))=0,"", MAXIFS('単価履歴'!$H:$H,'単価履歴'!$E:$E,Q$1,'単価履歴'!$F:$F,$A29,'単価履歴'!$O:$O, MAXIFS('単価履歴'!$O:$O,'単価履歴'!$E:$E,Q$1,'単価履歴'!$F:$F,$A29))) | R29: =IF(MAXIFS('単価履歴'!$H:$H,'単価履歴'!$E:$E,R$1,'単価履歴'!$F:$F,$A29,'単価履歴'!$O:$O, MAXIFS('単価履歴'!$O:$O,'単価履歴'!$E:$E,R$1,'単価履歴'!$F:$F,$A29))=0,"", MAXIFS('単価履歴'!$H:$H,'単価履歴'!$E:$E,R$1,'単価履歴'!$F:$F,$A29,'単価履歴'!$O:$O, MAXIFS('単価履歴'!$O:$O,'単価履歴'!$E:$E,R$1,'単価履歴'!$F:$F,$A29))) | S29: =IF(MAXIFS('単価履歴'!$H:$H,'単価履歴'!$E:$E,S$1,'単価履歴'!$F:$F,$A29,'単価履歴'!$O:$O, MAXIFS('単価履歴'!$O:$O,'単価履歴'!$E:$E,S$1,'単価履歴'!$F:$F,$A29))=0,"", MAXIFS('単価履歴'!$H:$H,'単価履歴'!$E:$E,S$1,'単価履歴'!$F:$F,$A29,'単価履歴'!$O:$O, MAXIFS('単価履歴'!$O:$O,'単価履歴'!$E:$E,S$1,'単価履歴'!$F:$F,$A29))) | T29: =IF(MAXIFS('単価履歴'!$H:$H,'単価履歴'!$E:$E,T$1,'単価履歴'!$F:$F,$A29,'単価履歴'!$O:$O, MAXIFS('単価履歴'!$O:$O,'単価履歴'!$E:$E,T$1,'単価履歴'!$F:$F,$A29))=0,"", MAXIFS('単価履歴'!$H:$H,'単価履歴'!$E:$E,T$1,'単価履歴'!$F:$F,$A29,'単価履歴'!$O:$O, MAXIFS('単価履歴'!$O:$O,'単価履歴'!$E:$E,T$1,'単価履歴'!$F:$F,$A29))) | U29: =IF(MAXIFS('単価履歴'!$H:$H,'単価履歴'!$E:$E,U$1,'単価履歴'!$F:$F,$A29,'単価履歴'!$O:$O, MAXIFS('単価履歴'!$O:$O,'単価履歴'!$E:$E,U$1,'単価履歴'!$F:$F,$A29))=0,"", MAXIFS('単価履歴'!$H:$H,'単価履歴'!$E:$E,U$1,'単価履歴'!$F:$F,$A29,'単価履歴'!$O:$O, MAXIFS('単価履歴'!$O:$O,'単価履歴'!$E:$E,U$1,'単価履歴'!$F:$F,$A29))) | V29: =IF(MAXIFS('単価履歴'!$H:$H,'単価履歴'!$E:$E,V$1,'単価履歴'!$F:$F,$A29,'単価履歴'!$O:$O, MAXIFS('単価履歴'!$O:$O,'単価履歴'!$E:$E,V$1,'単価履歴'!$F:$F,$A29))=0,"", MAXIFS('単価履歴'!$H:$H,'単価履歴'!$E:$E,V$1,'単価履歴'!$F:$F,$A29,'単価履歴'!$O:$O, MAXIFS('単価履歴'!$O:$O,'単価履歴'!$E:$E,V$1,'単価履歴'!$F:$F,$A29))) -> 54.5 | ... AN29: =IF(MAXIFS('単価履歴'!$H:$H,'単価履歴'!$E:$E,AN$1,'単価履歴'!$F:$F,$A29,'単価履歴'!$O:$O, MAXIFS('単価履歴'!$O:$O,'単価履歴'!$E:$E,AN$1,'単価履歴'!$F:$F,$A29))=0,"", MAXIFS('単価履歴'!$H:$H,'単価履歴'!$E:$E,AN$1,'単価履歴'!$F:$F,$A29,'単価履歴'!$O:$O, MAXIFS('単価履歴'!$O:$O,'単価履歴'!$E:$E,AN$1,'単価履歴'!$F:$F,$A29))) | AQ29: =IF(MAXIFS('単価履歴'!$H:$H,'単価履歴'!$E:$E,AQ$1,'単価履歴'!$F:$F,$A29,'単価履歴'!$O:$O, MAXIFS('単価履歴'!$O:$O,'単価履歴'!$E:$E,AQ$1,'単価履歴'!$F:$F,$A29))=0,"", MAXIFS('単価履歴'!$H:$H,'単価履歴'!$E:$E,AQ$1,'単価履歴'!$F:$F,$A29,'単価履歴'!$O:$O, MAXIFS('単価履歴'!$O:$O,'単価履歴'!$E:$E,AQ$1,'単価履歴'!$F:$F,$A29))) | AR29: =IF(MAXIFS('単価履歴'!$H:$H,'単価履歴'!$E:$E,AR$1,'単価履歴'!$F:$F,$A29,'単価履歴'!$O:$O, MAXIFS('単価履歴'!$O:$O,'単価履歴'!$E:$E,AR$1,'単価履歴'!$F:$F,$A29))=0,"", MAXIFS('単価履歴'!$H:$H,'単価履歴'!$E:$E,AR$1,'単価履歴'!$F:$F,$A29,'単価履歴'!$O:$O, MAXIFS('単価履歴'!$O:$O,'単価履歴'!$E:$E,AR$1,'単価履歴'!$F:$F,$A29))) | AS29: =IF(MAXIFS('単価履歴'!$H:$H,'単価履歴'!$E:$E,AS$1,'単価履歴'!$F:$F,$A29,'単価履歴'!$O:$O, MAXIFS('単価履歴'!$O:$O,'単価履歴'!$E:$E,AS$1,'単価履歴'!$F:$F,$A29))=0,"", MAXIFS('単価履歴'!$H:$H,'単価履歴'!$E:$E,AS$1,'単価履歴'!$F:$F,$A29,'単価履歴'!$O:$O, MAXIFS('単価履歴'!$O:$O,'単価履歴'!$E:$E,AS$1,'単価履歴'!$F:$F,$A29))) | AT29: =IF(MAXIFS('単価履歴'!$H:$H,'単価履歴'!$E:$E,AT$1,'単価履歴'!$F:$F,$A29,'単価履歴'!$O:$O, MAXIFS('単価履歴'!$O:$O,'単価履歴'!$E:$E,AT$1,'単価履歴'!$F:$F,$A29))=0,"", MAXIFS('単価履歴'!$H:$H,'単価履歴'!$E:$E,AT$1,'単価履歴'!$F:$F,$A29,'単価履歴'!$O:$O, MAXIFS('単価履歴'!$O:$O,'単価履歴'!$E:$E,AT$1,'単価履歴'!$F:$F,$A29))) -> 55 | AU29: =IF(MAXIFS('単価履歴'!$H:$H,'単価履歴'!$E:$E,AU$1,'単価履歴'!$F:$F,$A29,'単価履歴'!$O:$O, MAXIFS('単価履歴'!$O:$O,'単価履歴'!$E:$E,AU$1,'単価履歴'!$F:$F,$A29))=0,"", MAXIFS('単価履歴'!$H:$H,'単価履歴'!$E:$E,AU$1,'単価履歴'!$F:$F,$A29,'単価履歴'!$O:$O, MAXIFS('単価履歴'!$O:$O,'単価履歴'!$E:$E,AU$1,'単価履歴'!$F:$F,$A29))) | AV29: =IF(MAXIFS('単価履歴'!$H:$H,'単価履歴'!$E:$E,AV$1,'単価履歴'!$F:$F,$A29,'単価履歴'!$O:$O, MAXIFS('単価履歴'!$O:$O,'単価履歴'!$E:$E,AV$1,'単価履歴'!$F:$F,$A29))=0,"", MAXIFS('単価履歴'!$H:$H,'単価履歴'!$E:$E,AV$1,'単価履歴'!$F:$F,$A29,'単価履歴'!$O:$O, MAXIFS('単価履歴'!$O:$O,'単価履歴'!$E:$E,AV$1,'単価履歴'!$F:$F,$A29))) | AW29: =IF(MAXIFS('単価履歴'!$H:$H,'単価履歴'!$E:$E,AW$1,'単価履歴'!$F:$F,$A29,'単価履歴'!$O:$O, MAXIFS('単価履歴'!$O:$O,'単価履歴'!$E:$E,AW$1,'単価履歴'!$F:$F,$A29))=0,"", MAXIFS('単価履歴'!$H:$H,'単価履歴'!$E:$E,AW$1,'単価履歴'!$F:$F,$A29,'単価履歴'!$O:$O, MAXIFS('単価履歴'!$O:$O,'単価履歴'!$E:$E,AW$1,'単価履歴'!$F:$F,$A29))) -> 51.5 | AX29: =IF(MAXIFS('単価履歴'!$H:$H,'単価履歴'!$E:$E,AX$1,'単価履歴'!$F:$F,$A29,'単価履歴'!$O:$O, MAXIFS('単価履歴'!$O:$O,'単価履歴'!$E:$E,AX$1,'単価履歴'!$F:$F,$A29))=0,"", MAXIFS('単価履歴'!$H:$H,'単価履歴'!$E:$E,AX$1,'単価履歴'!$F:$F,$A29,'単価履歴'!$O:$O, MAXIFS('単価履歴'!$O:$O,'単価履歴'!$E:$E,AX$1,'単価履歴'!$F:$F,$A29))) | ... BY29: =IF(MAXIFS('単価履歴'!$H:$H,'単価履歴'!$E:$E,BY$1,'単価履歴'!$F:$F,$A29,'単価履歴'!$O:$O, MAXIFS('単価履歴'!$O:$O,'単価履歴'!$E:$E,BY$1,'単価履歴'!$F:$F,$A29))=0,"", MAXIFS('単価履歴'!$H:$H,'単価履歴'!$E:$E,BY$1,'単価履歴'!$F:$F,$A29,'単価履歴'!$O:$O, MAXIFS('単価履歴'!$O:$O,'単価履歴'!$E:$E,BY$1,'単価履歴'!$F:$F,$A29)))
A30: ＣＰ Ｂ一斗缶 | K30: =IF(MAXIFS('単価履歴'!$H:$H,'単価履歴'!$E:$E,K$1,'単価履歴'!$F:$F,$A30,'単価履歴'!$O:$O, MAXIFS('単価履歴'!$O:$O,'単価履歴'!$E:$E,K$1,'単価履歴'!$F:$F,$A30))=0,"", MAXIFS('単価履歴'!$H:$H,'単価履歴'!$E:$E,K$1,'単価履歴'!$F:$F,$A30,'単価履歴'!$O:$O, MAXIFS('単価履歴'!$O:$O,'単価履歴'!$E:$E,K$1,'単価履歴'!$F:$F,$A30))) -> 39 | L30: =IF(MAXIFS('単価履歴'!$H:$H,'単価履歴'!$E:$E,L$1,'単価履歴'!$F:$F,$A30,'単価履歴'!$O:$O, MAXIFS('単価履歴'!$O:$O,'単価履歴'!$E:$E,L$1,'単価履歴'!$F:$F,$A30))=0,"", MAXIFS('単価履歴'!$H:$H,'単価履歴'!$E:$E,L$1,'単価履歴'!$F:$F,$A30,'単価履歴'!$O:$O, MAXIFS('単価履歴'!$O:$O,'単価履歴'!$E:$E,L$1,'単価履歴'!$F:$F,$A30))) -> 43.7 | M30: =IF(MAXIFS('単価履歴'!$H:$H,'単価履歴'!$E:$E,M$1,'単価履歴'!$F:$F,$A30,'単価履歴'!$O:$O, MAXIFS('単価履歴'!$O:$O,'単価履歴'!$E:$E,M$1,'単価履歴'!$F:$F,$A30))=0,"", MAXIFS('単価履歴'!$H:$H,'単価履歴'!$E:$E,M$1,'単価履歴'!$F:$F,$A30,'単価履歴'!$O:$O, MAXIFS('単価履歴'!$O:$O,'単価履歴'!$E:$E,M$1,'単価履歴'!$F:$F,$A30))) -> 45.5 | O30: =IF(MAXIFS('単価履歴'!$H:$H,'単価履歴'!$E:$E,O$1,'単価履歴'!$F:$F,$A30,'単価履歴'!$O:$O, MAXIFS('単価履歴'!$O:$O,'単価履歴'!$E:$E,O$1,'単価履歴'!$F:$F,$A30))=0,"", MAXIFS('単価履歴'!$H:$H,'単価履歴'!$E:$E,O$1,'単価履歴'!$F:$F,$A30,'単価履歴'!$O:$O, MAXIFS('単価履歴'!$O:$O,'単価履歴'!$E:$E,O$1,'単価履歴'!$F:$F,$A30))) | P30: =IF(MAXIFS('単価履歴'!$H:$H,'単価履歴'!$E:$E,P$1,'単価履歴'!$F:$F,$A30,'単価履歴'!$O:$O, MAXIFS('単価履歴'!$O:$O,'単価履歴'!$E:$E,P$1,'単価履歴'!$F:$F,$A30))=0,"", MAXIFS('単価履歴'!$H:$H,'単価履歴'!$E:$E,P$1,'単価履歴'!$F:$F,$A30,'単価履歴'!$O:$O, MAXIFS('単価履歴'!$O:$O,'単価履歴'!$E:$E,P$1,'単価履歴'!$F:$F,$A30))) | Q30: =IF(MAXIFS('単価履歴'!$H:$H,'単価履歴'!$E:$E,Q$1,'単価履歴'!$F:$F,$A30,'単価履歴'!$O:$O, MAXIFS('単価履歴'!$O:$O,'単価履歴'!$E:$E,Q$1,'単価履歴'!$F:$F,$A30))=0,"", MAXIFS('単価履歴'!$H:$H,'単価履歴'!$E:$E,Q$1,'単価履歴'!$F:$F,$A30,'単価履歴'!$O:$O, MAXIFS('単価履歴'!$O:$O,'単価履歴'!$E:$E,Q$1,'単価履歴'!$F:$F,$A30))) | R30: =IF(MAXIFS('単価履歴'!$H:$H,'単価履歴'!$E:$E,R$1,'単価履歴'!$F:$F,$A30,'単価履歴'!$O:$O, MAXIFS('単価履歴'!$O:$O,'単価履歴'!$E:$E,R$1,'単価履歴'!$F:$F,$A30))=0,"", MAXIFS('単価履歴'!$H:$H,'単価履歴'!$E:$E,R$1,'単価履歴'!$F:$F,$A30,'単価履歴'!$O:$O, MAXIFS('単価履歴'!$O:$O,'単価履歴'!$E:$E,R$1,'単価履歴'!$F:$F,$A30))) | S30: =IF(MAXIFS('単価履歴'!$H:$H,'単価履歴'!$E:$E,S$1,'単価履歴'!$F:$F,$A30,'単価履歴'!$O:$O, MAXIFS('単価履歴'!$O:$O,'単価履歴'!$E:$E,S$1,'単価履歴'!$F:$F,$A30))=0,"", MAXIFS('単価履歴'!$H:$H,'単価履歴'!$E:$E,S$1,'単価履歴'!$F:$F,$A30,'単価履歴'!$O:$O, MAXIFS('単価履歴'!$O:$O,'単価履歴'!$E:$E,S$1,'単価履歴'!$F:$F,$A30))) | T30: =IF(MAXIFS('単価履歴'!$H:$H,'単価履歴'!$E:$E,T$1,'単価履歴'!$F:$F,$A30,'単価履歴'!$O:$O, MAXIFS('単価履歴'!$O:$O,'単価履歴'!$E:$E,T$1,'単価履歴'!$F:$F,$A30))=0,"", MAXIFS('単価履歴'!$H:$H,'単価履歴'!$E:$E,T$1,'単価履歴'!$F:$F,$A30,'単価履歴'!$O:$O, MAXIFS('単価履歴'!$O:$O,'単価履歴'!$E:$E,T$1,'単価履歴'!$F:$F,$A30))) | U30: =IF(MAXIFS('単価履歴'!$H:$H,'単価履歴'!$E:$E,U$1,'単価履歴'!$F:$F,$A30,'単価履歴'!$O:$O, MAXIFS('単価履歴'!$O:$O,'単価履歴'!$E:$E,U$1,'単価履歴'!$F:$F,$A30))=0,"", MAXIFS('単価履歴'!$H:$H,'単価履歴'!$E:$E,U$1,'単価履歴'!$F:$F,$A30,'単価履歴'!$O:$O, MAXIFS('単価履歴'!$O:$O,'単価履歴'!$E:$E,U$1,'単価履歴'!$F:$F,$A30))) | V30: =IF(MAXIFS('単価履歴'!$H:$H,'単価履歴'!$E:$E,V$1,'単価履歴'!$F:$F,$A30,'単価履歴'!$O:$O, MAXIFS('単価履歴'!$O:$O,'単価履歴'!$E:$E,V$1,'単価履歴'!$F:$F,$A30))=0,"", MAXIFS('単価履歴'!$H:$H,'単価履歴'!$E:$E,V$1,'単価履歴'!$F:$F,$A30,'単価履歴'!$O:$O, MAXIFS('単価履歴'!$O:$O,'単価履歴'!$E:$E,V$1,'単価履歴'!$F:$F,$A30))) | ... BY30: =IF(MAXIFS('単価履歴'!$H:$H,'単価履歴'!$E:$E,BY$1,'単価履歴'!$F:$F,$A30,'単価履歴'!$O:$O, MAXIFS('単価履歴'!$O:$O,'単価履歴'!$E:$E,BY$1,'単価履歴'!$F:$F,$A30))=0,"", MAXIFS('単価履歴'!$H:$H,'単価履歴'!$E:$E,BY$1,'単価履歴'!$F:$F,$A30,'単価履歴'!$O:$O, MAXIFS('単価履歴'!$O:$O,'単価履歴'!$E:$E,BY$1,'単価履歴'!$F:$F,$A30)))
A31: 鋳物・ﾀﾞｸﾀｲﾙ | O31: =IF(MAXIFS('単価履歴'!$H:$H,'単価履歴'!$E:$E,O$1,'単価履歴'!$F:$F,$A31,'単価履歴'!$O:$O, MAXIFS('単価履歴'!$O:$O,'単価履歴'!$E:$E,O$1,'単価履歴'!$F:$F,$A31))=0,"", MAXIFS('単価履歴'!$H:$H,'単価履歴'!$E:$E,O$1,'単価履歴'!$F:$F,$A31,'単価履歴'!$O:$O, MAXIFS('単価履歴'!$O:$O,'単価履歴'!$E:$E,O$1,'単価履歴'!$F:$F,$A31))) | P31: =IF(MAXIFS('単価履歴'!$H:$H,'単価履歴'!$E:$E,P$1,'単価履歴'!$F:$F,$A31,'単価履歴'!$O:$O, MAXIFS('単価履歴'!$O:$O,'単価履歴'!$E:$E,P$1,'単価履歴'!$F:$F,$A31))=0,"", MAXIFS('単価履歴'!$H:$H,'単価履歴'!$E:$E,P$1,'単価履歴'!$F:$F,$A31,'単価履歴'!$O:$O, MAXIFS('単価履歴'!$O:$O,'単価履歴'!$E:$E,P$1,'単価履歴'!$F:$F,$A31))) | Q31: =IF(MAXIFS('単価履歴'!$H:$H,'単価履歴'!$E:$E,Q$1,'単価履歴'!$F:$F,$A31,'単価履歴'!$O:$O, MAXIFS('単価履歴'!$O:$O,'単価履歴'!$E:$E,Q$1,'単価履歴'!$F:$F,$A31))=0,"", MAXIFS('単価履歴'!$H:$H,'単価履歴'!$E:$E,Q$1,'単価履歴'!$F:$F,$A31,'単価履歴'!$O:$O, MAXIFS('単価履歴'!$O:$O,'単価履歴'!$E:$E,Q$1,'単価履歴'!$F:$F,$A31))) | R31: =IF(MAXIFS('単価履歴'!$H:$H,'単価履歴'!$E:$E,R$1,'単価履歴'!$F:$F,$A31,'単価履歴'!$O:$O, MAXIFS('単価履歴'!$O:$O,'単価履歴'!$E:$E,R$1,'単価履歴'!$F:$F,$A31))=0,"", MAXIFS('単価履歴'!$H:$H,'単価履歴'!$E:$E,R$1,'単価履歴'!$F:$F,$A31,'単価履歴'!$O:$O, MAXIFS('単価履歴'!$O:$O,'単価履歴'!$E:$E,R$1,'単価履歴'!$F:$F,$A31))) | S31: =IF(MAXIFS('単価履歴'!$H:$H,'単価履歴'!$E:$E,S$1,'単価履歴'!$F:$F,$A31,'単価履歴'!$O:$O, MAXIFS('単価履歴'!$O:$O,'単価履歴'!$E:$E,S$1,'単価履歴'!$F:$F,$A31))=0,"", MAXIFS('単価履歴'!$H:$H,'単価履歴'!$E:$E,S$1,'単価履歴'!$F:$F,$A31,'単価履歴'!$O:$O, MAXIFS('単価履歴'!$O:$O,'単価履歴'!$E:$E,S$1,'単価履歴'!$F:$F,$A31))) | T31: =IF(MAXIFS('単価履歴'!$H:$H,'単価履歴'!$E:$E,T$1,'単価履歴'!$F:$F,$A31,'単価履歴'!$O:$O, MAXIFS('単価履歴'!$O:$O,'単価履歴'!$E:$E,T$1,'単価履歴'!$F:$F,$A31))=0,"", MAXIFS('単価履歴'!$H:$H,'単価履歴'!$E:$E,T$1,'単価履歴'!$F:$F,$A31,'単価履歴'!$O:$O, MAXIFS('単価履歴'!$O:$O,'単価履歴'!$E:$E,T$1,'単価履歴'!$F:$F,$A31))) | U31: =IF(MAXIFS('単価履歴'!$H:$H,'単価履歴'!$E:$E,U$1,'単価履歴'!$F:$F,$A31,'単価履歴'!$O:$O, MAXIFS('単価履歴'!$O:$O,'単価履歴'!$E:$E,U$1,'単価履歴'!$F:$F,$A31))=0,"", MAXIFS('単価履歴'!$H:$H,'単価履歴'!$E:$E,U$1,'単価履歴'!$F:$F,$A31,'単価履歴'!$O:$O, MAXIFS('単価履歴'!$O:$O,'単価履歴'!$E:$E,U$1,'単価履歴'!$F:$F,$A31))) -> 57.4 | V31: =IF(MAXIFS('単価履歴'!$H:$H,'単価履歴'!$E:$E,V$1,'単価履歴'!$F:$F,$A31,'単価履歴'!$O:$O, MAXIFS('単価履歴'!$O:$O,'単価履歴'!$E:$E,V$1,'単価履歴'!$F:$F,$A31))=0,"", MAXIFS('単価履歴'!$H:$H,'単価履歴'!$E:$E,V$1,'単価履歴'!$F:$F,$A31,'単価履歴'!$O:$O, MAXIFS('単価履歴'!$O:$O,'単価履歴'!$E:$E,V$1,'単価履歴'!$F:$F,$A31))) | ... BY31: =IF(MAXIFS('単価履歴'!$H:$H,'単価履歴'!$E:$E,BY$1,'単価履歴'!$F:$F,$A31,'単価履歴'!$O:$O, MAXIFS('単価履歴'!$O:$O,'単価履歴'!$E:$E,BY$1,'単価履歴'!$F:$F,$A31))=0,"", MAXIFS('単価履歴'!$H:$H,'単価履歴'!$E:$E,BY$1,'単価履歴'!$F:$F,$A31,'単価履歴'!$O:$O, MAXIFS('単価履歴'!$O:$O,'単価履歴'!$E:$E,BY$1,'単価履歴'!$F:$F,$A31)))
A32: 雑品 | B32: ■東洋トレーディング＠６９（４/１０：置場） ■津和商事＠６８（１１／１７：置場） ■ＧＲＭ＠６６（４/７～前回▲３：置場） ■岡田金属／京都＠（：置場） ■東昌商事＠（：置場）
B33: ■振洋産業＠４７（８／５）
A34: 配電盤 | B34: ■ＧＲＭ（旧中西産業）＠（／１６：置場） ■東洋トレーディング＠１００（３/２６：置場） ■津和商事＠（１２／７：置場） ■岡田金属／京都＠７３（３／１：置場） ■東昌商事＠７０（１/：置場）大阪＠（置場）
A35: 工業系ｴｱｺﾝ | B35: ■津和商事＠１４５【室内機＆室外機共】（７／１）、＠１３０【ビルトイン】、＠１２０【ガスヒーポン】 ■日中商事【外機】＠１８０（３/２５）【内機&ﾋﾞﾙﾄｲﾝ&ﾁﾗｰﾕﾆｯﾄ】＠１５０（３/２５）【ｽﾎﾟｯﾄｸｰﾗｰ】＠１５０（３/２５）
B36: ■ＧＲＭ（旧中西産業）＠１６０【外機】＠１４０【内機】＠？【スポットクーラー】（９/１６）＠１１０【チラー】（７/５）＠１５０【ＧＨＰ：油60kgUP】（１２/６） ■東洋トレーディング外機＠１７０、ＧＨＰ＠１３０、内機＠１００（８/２９）
A37: トランス | B37: 津和商事 ■銅＠６５ ■銅コア＠８５ ■アルミ＠３０ ■アルミコア＠４５ （Ｈ２８／１０／１４付）
B38: 中西産業 ■銅＠ ■銅コア＠ ■アルミ＠１８ ■アルミコア＠ ■MIX＠ （Ｒ０２／１０／１３付）
B39: ナベショー ■銅＠６９ ■銅コア＠１０９ ■アルミ＠２９ ■アルミコア＠３４ ■MIX＠４９ （Ｈ２８／１０／１４付）
A40: ステンレス | B40: 阪神金属 ■ステン３０４＠１８０（９/２）持込+＠3 ■ステンダライ＠１６０（ｲﾝｻｲｽﾞ▲２０）持込+＠3 ■解体ステン＠１６５～＠１５０（ｲﾝｻｲｽﾞ▲１５～▲３０） ■ステン３０１＠１６５（ｲﾝｻｲｽﾞ▲１５） ■ステン６３０【Ni&Cuが高いのでメーカー不人気】＠６８（１０／３０）
B41: 阪神金属 ■ステン３１６＠２７０（１０／７） ■ステン３１０＠３２０～＠３３０（７／９） ■Ｈｉクローム＠５７（２０２２／７／１９） ■ステン４３０＠３２（2021/1/13川本社長問合せ：SUS403MIX）
B42: ナベショー＠１８５（９／６） ステンダライ＠１７５（インサイズ▲１０／10ｔﾍﾞｰｽならﾀﾞﾗｲ▲３） ＯＳ（ｓ１％：インサイズ▲２０～５０） 新プラントステンレス＠９２（７／１３） クローム（４３０）＠２３（７／９問合せ）
B43: ＧＲＭ／親和スチール＠１７８（南港持込：9/7付：前回7/26+3：運賃▲３．０）ステンダライ＠１６３～１５３（ｲﾝｻｲｽﾞ▲15＆▲20＆▲25混じりによって変更） 解体ステン＠１７３（ｲﾝｻｲｽﾞ▲20？：３/７付）
B44: ＧＲＭ／藤本金属＠１６８（５/３付：前回５/２▲５）ステンダライ＠１５３（インサイズ▲１５が基本）解体ステン＠？（付）
B45: 豊通／藤本金属【新プラント土混じり】＠１８３／１％（１/２１付：前回１２/１０▲５）
B46: 阪和メタルズ＠１７０（置場：１２／４付）、解体ステン＠１４０（ｲﾝｻｲｽﾞ▲３０） ■Ecomit／親和スチール＠２２２（７／７～１６固定）
B47: 大同興業 ステン解体＠２１０（置場：１１／３０付）長5ｍ×幅1ｍ×厚み10ｍｍ＋α（4ｔ箱車半分ぐらいのサイズ）
A48: ｱﾙﾐｻｯｼ/新ﾌﾟﾗ | B48: ■ＧＲＭ／小林アルミニウム ＠２７３（１/１１▲Ｓ：３％１/１１より▲２）堺市（運賃▲2.0～3.0/kg or ３．８万／１０ｔ平車）持込ＯＫ（ただしダンプのみ）
A49: アルミＭＩＸ | B49: ■ナベ／アスク【持込／引取▲３】＠２７５【９/１０～仕切り直し】、＠１７０【12/？付栗東市入札分Ｂ】 ■豊通名古屋／ＴＫ ＠２３５【４月前半／置場：３月前半より＋１０】
A50: 銅混じり | B50: ■ナベ／アスク【持込／引取▲３】 ＠１８０【１１／１付重ダスト】
A51: アルミ缶 | B51: ■ナベ／アスク【持込／引取▲３】 ＠１８０【９/４付▲？ソーティング部】 ＠６５【４/１６～栗東入札分】
A52: アルミガラ | B52: ■ナベ／アスク＠２７５（９/１０～トライアル1回）■豊通／ＴＫ＠２３５【４月前半／置場：３月前半より＋１０】
B53: 【大：30ｃｍオーバー】■ＧＲＭ ＠１５３（6/15付：平安）
A54: ステンリッチ | B54: ■ナベ／アスク＠９５【９/１０～仕切り直し】（３/２８～選別方法変更）【アルミ缶混じり＠１と交互の場合は▲２５＠７０】 ■トーヨーメタル＠５０（７／２５） ■豊通名古屋／ＴＫ＠７５【置場：11/12トライアル希望】
A55: 銅リッチ | B55: ■トーヨーメタル＠７００（７／１） ■ＧＲＭ／ニュースコン＠５９８（７／３）
A56: マンガン | B56: ■ナベ／ＥＮＴソリューション ＠４３（１２/２５付け持込み※鉄付▲３．０） ■ナベ／平田工業 ＠３３．５（２ｍ以下：25.10/29付）→名古屋持込 ■ナベ／エコネコル（大都）＠１６※1ｍ以内※（Ｈ３０／１１／３０付）持込み
B57: ■ＧＲＭ／錦麒産業＠４３．５（１／５：持込）※引取運賃▲４．５ ？＠２８.０（１０／２２）
A58: モーター | B58: ■東洋トレーディング＠１００（１０／２８） ■津和商事＠１１３（５／１６）※架台付は下がる
B59: ■岡田金属＠９５（１０／７：置場） ■ＧＲＭ（旧中西産業）＠１００【２ｔ以下：ｷﾞｱﾓｰﾀｰ等鉄混入は別単価】（１２／６）
A60: 黒モーター | B60: ■グローバルメタルシンコウ＠？ ■東北商店/ナベ ＠？ ■津和商事＠８５（７／１）
A61: 給湯器 | B61: ■日中商事＠２８０（３/２２） ■津和商事＠２３０（６／３０）
A62: 04/16 | B62: ■愛知製鋼 一律５００円 ■山口鋼業 一律５００円 ■大同特殊 一律５００円 ■トピー工業 一律５００円 ■共英製鋼／名古屋 一律５００円
B63: ■岸和田 一律５００円■栗本鐵工所 一律５００円 ■ヤマト 一律５００円 ■泉北中谷助松ふ頭／豊通 新断５００円 ■泉北大都／リバイブ Ｈ２５００円？ ■ニュースコン/ナベ 新断５００円 ■双葉貿易 新断５００円
B64: ■東京製鉄 岡山/海上陸上 一律５００円、関西ｻﾃﾗｲﾄ 一律５００円、田原/海上陸上 一律５００円、名古屋ｻﾃﾗｲﾄ 一律５００円 ■中山製鋼 一律５００円 ■中山鋼業 一律５００円 ■合同大阪 一律５００円 ■大阪製鐵 一律５００円
A65: 04/14 | B65: ■中山鋼業 一律５００円（Ｈ２～Ｌ１は＋５００円裏値対応）
A66: 04/11 | B66: ■クボタ 特級屑２５００円
A67: 04/11～ | B67: ■岸和田／豊通 Ｈ１＠５８．５、Ｈ２＠５７．５、Ｈ３＠５５．５（Ｈ１既存単価＋０．５、Ｈ２既存単価＋１．５、Ｈ３既存単価＋１．５）数量８００ｔ（※岸和田製鋼スライド）
A68: 04/10 | B68: ■愛知製鋼 一律１５００円 ■山口鋼業 一律１５００円 ■大同特殊 一律１５００円 ■トピー工業 一律１５００円 ■共英製鋼／名古屋 一律１５００円
B69: ■山陽特殊 一律１０００円 ■ヤマト 一律１０００円 ■ＪＦＥ条鋼 一律１０００円 ■合同姫路 新断２０００円、その他１５００円
B70: ■大鉄 一律１５００円 ■岸和田 一律１５００円 ■栗本鐵工所 一律１５００円 ■共英製鋼／枚方 一律１５００円 ■ヤマト 一律１５００円 ■泉北大都／リバイブ Ｈ２１５００円 ■ニュースコン/ナベ 新断１５００円 ■双葉貿易 Ｈ２１０００円
B71: ■東京製鉄 岡山/海上陸上 一律１５００円、関西ｻﾃﾗｲﾄ 一律１５００円、田原/海上陸上 一律１５００円、名古屋ｻﾃﾗｲﾄ 一律１５００円 ■中山製鋼 一律１５００円 ■中山鋼業 一律１０００円 ■合同大阪 ヘビー０００円、その他２５００円
A72: 04/08 | B72: ■中山鋼業 Ｈ１＆バリ据置、Ｈ２のみ５００円、Ｈ３＆Ｌ１のみ１５００円、ダライ１０００円、その他５００円 ■ヤマト ＨＳ１＆ＨＳ２＆Ｈ１＆Ｈ３のみ１０００円、Ｌ１のみ２０００円、その他５００円
A73: 04/07 | B73: ■愛知製鋼 一律１０００円 ■山口鋼業 一律１０００円 ■大同特殊 一律１０００円 ■トピー工業 一律１０００円 ■共英製鋼／名古屋 一律１０００円
B74: ■栗本鐵工所 一律１０００円 ■共英製鋼／枚方 一律１０００円 ■山陽特殊 一律１０００円 ■ヤマト 一律１０００円 ■ＪＦＥ条鋼 一律１０００円 ■合同姫路 一律１０００円
B75: ■東京製鉄 岡山/海上陸上 一律１０００円、関西ｻﾃﾗｲﾄ 一律１０００円、田原/海上陸上 一律１０００円、名古屋ｻﾃﾗｲﾄ 一律１０００円 ■中山製鋼 一律１０００円 ■大鉄 一律１０００円 ■岸和田 一律１０００円
A76: 04/03 | B76: ■クボタ 特級屑１０００円
A77: 04/01 | B77: ■愛知製鋼 甲山１５００円、新断２０００円、ダライ１０００円 ■山口鋼業 新断１０００円、ＭＢ＆故銑５００円 ■大同特殊 新断２０００円、ダライ１０００円、その他１５００円
B78: ■山陽特殊／ＭＭ 新断２０００円、ダライ１０００円、その他１５００円 ■ＪＦＥ条鋼 一律１０００円 ■合同姫路 一律１０００円 ■泉北助松／豊通 新断１０００円
A79: 03/31 | B79: ■山口鋼業 ＨＳ２０００円、Ｈ１～Ｈ４１５００円、その他１０００円 ■トピー工業 ＨＳ＆Ｈ３＆２０００円、Ｈ１２３００円、新断３５００円、その他１０００円 ■共英製鋼／名古屋 一律１５００円
B80: ■東京製鉄 田原/海上陸上 電特Ａ２０００円、特Ａ２３００円、１級１５００円、２級２５００円、新断３５００、その他１０００円 名古屋ｻﾃﾗｲﾄ 特Ａ１３００円、１級１５００円、２級２５００円、その他１０００円
B81: ■大鉄 一律１０００円 ■岸和田 一律１０００円 ■栗本鐵工所 一律１０００円 ■共英製鋼／枚方 一律１０００円 ■ヤマト 一律１０００円 ■泉北大都／リバイブ Ｈ２１０００円 ■ニュースコン/ナベ 新断１０００円 ■双葉貿易 Ｈ２１０００円
B82: ■東京製鉄 岡山/海上陸上 特Ａ１８００円、１級１０００円、２級２５００円、その他１０００円、関西ｻﾃﾗｲﾄ ２級２５００円、その他１０００円 ■中山製鋼 一律１０００円 ■中山鋼業 一律１０００円 ■合同大阪 一律１０００円
A83: 03/28～04/10 | B83: ■岸和田／岡谷鋼機 Ｈ１＆Ｈ２のみ５００円
A84: 03/28～04/03 | B84: ■岸和田／豊通 Ｈ１＠５４．５、Ｈ２＠５２．５、Ｈ３＠５０．５（Ｈ１既存単価＋５．０、Ｈ２既存単価＋５．５、Ｈ３既存単価＋４．０）数量１００ｔ（※岸和田製鋼スライド）
A85: 03/27～ | B85: ■泉北大都／リバイブ Ｈ２＠５０．０（置き場無くなり次第終了）
A86: 03/25 | B86: ■中山鋼業 Ｈ１～Ｌ１のみ１５００円、Ｌ１バラのみ１０００円
A87: 03/24 | B87: ■合同姫路 一律１０００円
A88: 03/23 | B88: ■共英製鋼／枚方 一律１０００円
A89: 03/21 | B89: ■中山製鋼 一律１０００円 ■岸和田 一律１０００円
A90: 03/20 | B90: ■愛知製鋼 一律１０００円 ■山口鋼業 一律１０００円 ■大同特殊 一律１０００円 ■トピー工業 一律１０００円 ■共英製鋼／名古屋 一律１０００円
B91: ■栗本鐵工所 一律１０００円 ■共英製鋼／枚方 一律１０００円 ■山陽特殊 一律１０００円 ■ヤマト 一律１０００円 ■ＪＦＥ条鋼 一律１０００円 ■クボタ 特級屑１０００円
B92: ■東京製鉄 岡山/海上陸上 一律１０００円、関西ｻﾃﾗｲﾄ 一律１０００円、田原/海上陸上 一律１０００円、名古屋ｻﾃﾗｲﾄ 一律１０００円 ■中山鋼業 一律１０００円 ■合同大阪 一律１０００円 ■大鉄 一律１０００円 ■岸和田 一律１０００円
A93: 03/18 | B93: ■東京製鉄 名古屋ｻﾃﾗｲﾄ 特Ａのみ１０００円
A94: 03/14 | B94: ■クボタ 特級屑２５００円 ■山陽特殊／ＭＭ 新断１０００円 ■愛知製鋼 新断１０００円 ■山口鋼業 新断１０００円 ■大同特殊 新断１０００円
A95: 03/13 | B95: ■合同姫路 ヘビー＆ＨＳ＆新断＆ダライのみ２０００円、その他１０００円
A96: 03/12 | B96: ■トピー工業 一律２０００円 ■共英製鋼／名古屋 一律１０００円
B97: ■山陽特殊／大同＆産振 一律２０００円 ■山陽特殊／ＭＭ 新断１０００円、その他２０００円 ■愛知製鋼 新断１０００円、その他２０００円 ■山口鋼業 新断１０００円、その他２０００円 ■大同特殊 新断１０００円、その他２０００円
B98: ■大鉄 一律２０００円 ■岸和田 一律２０００円 ■栗本鐵工所 一律２０００円 ■共英製鋼／枚方 一律２０００円 ■ヤマト 一律２０００円 ■ＪＦＥ条鋼 一律２０００円
B99: ■東京製鉄 岡山/海上陸上 一律２０００円、関西ｻﾃﾗｲﾄ 一律２５００円、田原/海上陸上 一律２０００円、名古屋ｻﾃﾗｲﾄ 一律２０００円 ■中山製鋼 一律２０００円 ■中山鋼業 一律２０００円 ■合同大阪 一律２０００円
A100: 03/10 | B100: ■合同姫路 新断のみ５００円
...

Sheet 最新単価表　確認用
B1: 東鐵関西:直納 | C1: 中山製鋼:阪和 | D1: 中山製鋼:豊通 | E1: 中山製鋼:豊通/出張商店 | F1: 中山製鋼:豊通/中川嘉弘商店 | G1: 中山鋼業:ナベ | H1: 合同大阪:伊藤忠 | I1: 合同大阪:阪和 | J1: 産振ﾔｰﾄﾞ:産振 | K1: 大鉄 堺:大鉄堺 | L1: 大鉄 堺:豊通 | M1: 大鉄 堺:産振 | N1: 大鉄 堺:伊藤忠 | O1: 岸和田:豊通 | P1: 岸和田:リバイブ | Q1: ｸﾎﾞﾀ:伊藤忠 | R1: 栗本鐵工:豊通 | S1: 共英枚方:ナベ/置場単価 | T1: 共英枚方:ナベ/5/7～京都置場 | U1: 共英枚方:リバイブ京都置場 | V1: 南港:ﾅﾝｾｲ | W1: 南港:産振 | X1: 北港:ナベ | Y1: 泉北中谷:産振 | Z1: 泉北中谷:ナベ双葉 | AA1: 泉北大都:産振 | AB1: 泉北大都:GRM | AC1: ﾆｭｰｽｺﾝ尼崎:ナベ | AD1: 大阪鋼業:ナベ | AE1: 大阪鋼業:リバイブ | AF1: 大阪港埠頭:日鉄物産 | AG1: 東鐵岡山:直納 | AH1: ﾔﾏﾄ:阪和 | AI1: 山陽特殊:産振 | AJ1: 山陽特殊:MM | AK1: ＪＦＥ条鋼:リバイブ | AL1: ＪＦＥ条鋼:阪和 | AM1: 東鐵名古屋:直納 | AN1: 東鐵田原:直納 | AO1: 愛知:阪和 | AP1: 愛知:ナベ | AQ1: 山口鋼業:MM建材 | AR1: 山口鋼業:阪和 | AS1: 大同特殊鋼:大同興業 | AT1: 大同特殊鋼:JSE/大和ﾘﾃｯｸ | AU1: 大同特殊鋼:JSE/第二＠2.3 | AV1: 大同特殊鋼:JSE/岐阜＠1.5 | AW1: 衣浦:産振 | AX1: トピー工業:ＭＭ | AY1: RTA:栗東置場単価 | AZ1: RTA:第二置場単価 | BA1: ﾆｭｰｽｺﾝ稲永:ナベ | BB1: 共英名古屋:ナベ | BC1: 大谷製鉄:ナベ | BD1: 銑ダライ:ナベ | BE1: 大一産業:ナベ | BF1: 日鉄ｽﾁｰﾙ:産振 | BG1: 新日鉄住金和歌山:伊藤忠 | BH1: 新日鉄住金和歌山:ＭＭ | BI1: 新日鉄住金和歌山:産振 | BJ1: 韓国輸出:豊通大都 | BK1: オオハラ尼崎:ナベ | BL1: 名古屋港:水野産業 | BM1: 名古屋港:阪和西三区 | BN1: 名古屋港:ＭＭ | BO1: トヨキン:ナベ・大同特殊・H2ｽﾗｲﾄﾞ | BP1: 寺田:ナベ・大同特殊・H2ｽﾗｲﾄﾞ
A2: 2025(R7)年2月15日～ | B2: 関 西 方 面 | AG2: 姫路方面 | AM2: 愛 知 方 面 | BC2: そ の 他
A3: 製鋼メーカー | B3: 東鐵関西 | C3: 中山製鋼 | G3: 中山鋼業 | H3: 合同大阪 | J3: 産振ﾔｰﾄﾞ | K3: 大鉄 堺 | O3: 岸和田 | Q3: ｸﾎﾞﾀ | R3: 栗本鐵工 | S3: 共英枚方 | V3: 南港 | X3: 北港 | Y3: 泉北中谷 | AA3: 泉北大都 | AC3: ﾆｭｰｽｺﾝ尼崎 | AD3: 大阪鋼業 | AF3: 大阪港埠頭 | AG3: 東鐵岡山 | AH3: ﾔﾏﾄ | AI3: 山陽特殊 | AK3: ＪＦＥ条鋼 | AM3: 東鐵名古屋 | AN3: 東鐵田原 | AO3: 愛知 | AQ3: 山口鋼業 | AS3: 大同特殊鋼 | AW3: 衣浦 | AX3: トピー工業 | AY3: RTA | BA3: ﾆｭｰｽｺﾝ稲永 | BB3: 共英名古屋 | BC3: 大谷製鉄 | BD3: 銑ダライ | BE3: 大一産業 | BF3: 日鉄 ｽﾁｰﾙ | BG3: 新日鉄住金和歌山 | BJ3: 韓国輸出 | BK3: オオハラ尼崎 | BL3: 名古屋港 | BO3: トヨキン | BP3: 寺田
A4: 商 社 | B4: 直納 | C4: 阪和 | D4: 豊通 | G4: ナベ | H4: 伊藤忠 | I4: 阪和 | J4: 産振 | K4: 大鉄堺 | L4: 豊通 | M4: 産振 | N4: 伊藤忠 | O4: 豊通 | P4: リバイブ | Q4: 伊藤忠 | R4: 豊通 | S4: ナベ | V4: ﾅﾝｾｲ | W4: 産振 | X4: ナベ | Y4: 産振 | Z4: ナベ双葉 | AA4: 産振 | AB4: GRM | AC4: ナベ | AD4: ナベ | AE4: リバイブ | AF4: 日鉄物産 | AG4: 直納 | AH4: 阪和 | AI4: 産振 | AJ4: MM | AK4: リバイブ | AL4: 阪和 | AM4: 直納 | AN4: 直納 | AO4: 阪和 | AP4: ナベ | AQ4: MM建材 | AR4: 阪和 | AS4: 大同興業 | AT4: JSE | AW4: 産振 | AX4: ＭＭ | AY4: RTA | BA4: ナベ | BC4: ナベ | BD4: ナベ | BE4: ナベ | BF4: 産振 | BG4: 伊藤忠 | BH4: ＭＭ | BI4: 産振 | BJ4: 豊通大都 | BK4: ナベ | BL4: 水野産業 | BM4: 阪和西三区 | BN4: ＭＭ | BO4: ナベ 大同特殊 H2ｽﾗｲﾄﾞ
A5: 備 考 | E5: 出張商店 ▲1 | F5: 中川嘉弘商店 ▲3 | J5: ＣＰのみ東鐵ｽﾗｲﾄﾞ | P5: 運賃 1.8 | S5: 置場単価 | U5: リバイブ京都置場 | V5: 11/22~荷受再開 | X5: 大阪▲0.8 第2 ▲2.2 | AE5: 東鐵岡山ｽﾗｲﾄﾞ | AJ5: 1月度 300t | AK5: 運賃2.5 | AM5: ナベ置場▲2.0 | AN5: ナベ置場▲2.4 | AP5: 置場 東鐵ｽﾗｲﾄﾞ | AS5: 持込 | AT5: 大和ﾘﾃｯｸ | AU5: 第二 ＠2.3 | AV5: 岐阜 ＠1.5 | AW5: 1月～ 3月 | AX5: 置場単価 | AY5: 栗東置場単価 | AZ5: 第二置場単価 | BC5: 置場単価 | BD5: 置場単価 | BF5: 置場 単価 | BG5: 200ｔ | BJ5: 完納 | BL5: 西三区 | BM5: 9/7～100ｔ | BN5: 7/1～
A6: スポットなど | G6: 期間 | M6: 期間 | O6: 期間
G7: 46 | M7: 44.2 | O7: 47
M8: 42.2 | O8: 45.5
M9: 41.7 | O9: 45
M10: 41.2
A11: ＨＳ１(単体H1/電特A/HS)) | B11: =IF(MAXIFS('単価履歴'!$H:$H,'単価履歴'!$E:$E,B$1,'単価履歴'!$F:$F,$A11,'単価履歴'!$O:$O, MAXIFS('単価履歴'!$O:$O,'単価履歴'!$E:$E,B$1,'単価履歴'!$F:$F,$A11))=0,"", MAXIFS('単価履歴'!$H:$H,'単価履歴'!$E:$E,B$1,'単価履歴'!$F:$F,$A11,'単価履歴'!$O:$O, MAXIFS('単価履歴'!$O:$O,'単価履歴'!$E:$E,B$1,'単価履歴'!$F:$F,$A11))) -> 55.5 | D11: =IF(MAXIFS('単価履歴'!$H:$H,'単価履歴'!$E:$E,D$1,'単価履歴'!$F:$F,$A11,'単価履歴'!$O:$O, MAXIFS('単価履歴'!$O:$O,'単価履歴'!$E:$E,D$1,'単価履歴'!$F:$F,$A11))=0,"", MAXIFS('単価履歴'!$H:$H,'単価履歴'!$E:$E,D$1,'単価履歴'!$F:$F,$A11,'単価履歴'!$O:$O, MAXIFS('単価履歴'!$O:$O,'単価履歴'!$E:$E,D$1,'単価履歴'!$F:$F,$A11))) -> 57.3 | G11: =IF(MAXIFS('単価履歴'!$H:$H,'単価履歴'!$E:$E,G$1,'単価履歴'!$F:$F,$A11,'単価履歴'!$O:$O, MAXIFS('単価履歴'!$O:$O,'単価履歴'!$E:$E,G$1,'単価履歴'!$F:$F,$A11))=0,"", MAXIFS('単価履歴'!$H:$H,'単価履歴'!$E:$E,G$1,'単価履歴'!$F:$F,$A11,'単価履歴'!$O:$O, MAXIFS('単価履歴'!$O:$O,'単価履歴'!$E:$E,G$1,'単価履歴'!$F:$F,$A11))) | H11: =IF(MAXIFS('単価履歴'!$H:$H,'単価履歴'!$E:$E,H$1,'単価履歴'!$F:$F,$A11,'単価履歴'!$O:$O, MAXIFS('単価履歴'!$O:$O,'単価履歴'!$E:$E,H$1,'単価履歴'!$F:$F,$A11))=0,"", MAXIFS('単価履歴'!$H:$H,'単価履歴'!$E:$E,H$1,'単価履歴'!$F:$F,$A11,'単価履歴'!$O:$O, MAXIFS('単価履歴'!$O:$O,'単価履歴'!$E:$E,H$1,'単価履歴'!$F:$F,$A11))) -> 55.8 | I11: =IF(MAXIFS('単価履歴'!$H:$H,'単価履歴'!$E:$E,I$1,'単価履歴'!$F:$F,$A11,'単価履歴'!$O:$O, MAXIFS('単価履歴'!$O:$O,'単価履歴'!$E:$E,I$1,'単価履歴'!$F:$F,$A11))=0,"", MAXIFS('単価履歴'!$H:$H,'単価履歴'!$E:$E,I$1,'単価履歴'!$F:$F,$A11,'単価履歴'!$O:$O, MAXIFS('単価履歴'!$O:$O,'単価履歴'!$E:$E,I$1,'単価履歴'!$F:$F,$A11))) -> 2 | J11: =IF(MAXIFS('単価履歴'!$H:$H,'単価履歴'!$E:$E,J$1,'単価履歴'!$F:$F,$A11,'単価履歴'!$O:$O, MAXIFS('単価履歴'!$O:$O,'単価履歴'!$E:$E,J$1,'単価履歴'!$F:$F,$A11))=0,"", MAXIFS('単価履歴'!$H:$H,'単価履歴'!$E:$E,J$1,'単価履歴'!$F:$F,$A11,'単価履歴'!$O:$O, MAXIFS('単価履歴'!$O:$O,'単価履歴'!$E:$E,J$1,'単価履歴'!$F:$F,$A11))) | K11: =IF(MAXIFS('単価履歴'!$H:$H,'単価履歴'!$E:$E,K$1,'単価履歴'!$F:$F,$A11,'単価履歴'!$O:$O, MAXIFS('単価履歴'!$O:$O,'単価履歴'!$E:$E,K$1,'単価履歴'!$F:$F,$A11))=0,"", MAXIFS('単価履歴'!$H:$H,'単価履歴'!$E:$E,K$1,'単価履歴'!$F:$F,$A11,'単価履歴'!$O:$O, MAXIFS('単価履歴'!$O:$O,'単価履歴'!$E:$E,K$1,'単価履歴'!$F:$F,$A11))) | L11: =IF(MAXIFS('単価履歴'!$H:$H,'単価履歴'!$E:$E,L$1,'単価履歴'!$F:$F,$A11,'単価履歴'!$O:$O, MAXIFS('単価履歴'!$O:$O,'単価履歴'!$E:$E,L$1,'単価履歴'!$F:$F,$A11))=0,"", MAXIFS('単価履歴'!$H:$H,'単価履歴'!$E:$E,L$1,'単価履歴'!$F:$F,$A11,'単価履歴'!$O:$O, MAXIFS('単価履歴'!$O:$O,'単価履歴'!$E:$E,L$1,'単価履歴'!$F:$F,$A11))) | M11: =IF(MAXIFS('単価履歴'!$H:$H,'単価履歴'!$E:$E,M$1,'単価履歴'!$F:$F,$A11,'単価履歴'!$O:$O, MAXIFS('単価履歴'!$O:$O,'単価履歴'!$E:$E,M$1,'単価履歴'!$F:$F,$A11))=0,"", MAXIFS('単価履歴'!$H:$H,'単価履歴'!$E:$E,M$1,'単価履歴'!$F:$F,$A11,'単価履歴'!$O:$O, MAXIFS('単価履歴'!$O:$O,'単価履歴'!$E:$E,M$1,'単価履歴'!$F:$F,$A11))) | N11: =IF(MAXIFS('単価履歴'!$H:$H,'単価履歴'!$E:$E,N$1,'単価履歴'!$F:$F,$A11,'単価履歴'!$O:$O, MAXIFS('単価履歴'!$O:$O,'単価履歴'!$E:$E,N$1,'単価履歴'!$F:$F,$A11))=0,"", MAXIFS('単価履歴'!$H:$H,'単価履歴'!$E:$E,N$1,'単価履歴'!$F:$F,$A11,'単価履歴'!$O:$O, MAXIFS('単価履歴'!$O:$O,'単価履歴'!$E:$E,N$1,'単価履歴'!$F:$F,$A11))) | ... Y11: =IF(MAXIFS('単価履歴'!$H:$H,'単価履歴'!$E:$E,Y$1,'単価履歴'!$F:$F,$A11,'単価履歴'!$O:$O, MAXIFS('単価履歴'!$O:$O,'単価履歴'!$E:$E,Y$1,'単価履歴'!$F:$F,$A11))=0,"", MAXIFS('単価履歴'!$H:$H,'単価履歴'!$E:$E,Y$1,'単価履歴'!$F:$F,$A11,'単価履歴'!$O:$O, MAXIFS('単価履歴'!$O:$O,'単価履歴'!$E:$E,Y$1,'単価履歴'!$F:$F,$A11))) | Z11: 43.2 | AA11: =IF(MAXIFS('単価履歴'!$H:$H,'単価履歴'!$E:$E,AA$1,'単価履歴'!$F:$F,$A11,'単価履歴'!$O:$O, MAXIFS('単価履歴'!$O:$O,'単価履歴'!$E:$E,AA$1,'単価履歴'!$F:$F,$A11))=0,"", MAXIFS('単価履歴'!$H:$H,'単価履歴'!$E:$E,AA$1,'単価履歴'!$F:$F,$A11,'単価履歴'!$O:$O, MAXIFS('単価履歴'!$O:$O,'単価履歴'!$E:$E,AA$1,'単価履歴'!$F:$F,$A11))) -> 45 | AB11: =IF(MAXIFS('単価履歴'!$H:$H,'単価履歴'!$E:$E,AB$1,'単価履歴'!$F:$F,$A11,'単価履歴'!$O:$O, MAXIFS('単価履歴'!$O:$O,'単価履歴'!$E:$E,AB$1,'単価履歴'!$F:$F,$A11))=0,"", MAXIFS('単価履歴'!$H:$H,'単価履歴'!$E:$E,AB$1,'単価履歴'!$F:$F,$A11,'単価履歴'!$O:$O, MAXIFS('単価履歴'!$O:$O,'単価履歴'!$E:$E,AB$1,'単価履歴'!$F:$F,$A11))) | AC11: =IF(MAXIFS('単価履歴'!$H:$H,'単価履歴'!$E:$E,AC$1,'単価履歴'!$F:$F,$A11,'単価履歴'!$O:$O, MAXIFS('単価履歴'!$O:$O,'単価履歴'!$E:$E,AC$1,'単価履歴'!$F:$F,$A11))=0,"", MAXIFS('単価履歴'!$H:$H,'単価履歴'!$E:$E,AC$1,'単価履歴'!$F:$F,$A11,'単価履歴'!$O:$O, MAXIFS('単価履歴'!$O:$O,'単価履歴'!$E:$E,AC$1,'単価履歴'!$F:$F,$A11))) | AD11: =IF(MAXIFS('単価履歴'!$H:$H,'単価履歴'!$E:$E,AD$1,'単価履歴'!$F:$F,$A11,'単価履歴'!$O:$O, MAXIFS('単価履歴'!$O:$O,'単価履歴'!$E:$E,AD$1,'単価履歴'!$F:$F,$A11))=0,"", MAXIFS('単価履歴'!$H:$H,'単価履歴'!$E:$E,AD$1,'単価履歴'!$F:$F,$A11,'単価履歴'!$O:$O, MAXIFS('単価履歴'!$O:$O,'単価履歴'!$E:$E,AD$1,'単価履歴'!$F:$F,$A11))) | AE11: =IF(MAXIFS('単価履歴'!$H:$H,'単価履歴'!$E:$E,AE$1,'単価履歴'!$F:$F,$A11,'単価履歴'!$O:$O, MAXIFS('単価履歴'!$O:$O,'単価履歴'!$E:$E,AE$1,'単価履歴'!$F:$F,$A11))=0,"", MAXIFS('単価履歴'!$H:$H,'単価履歴'!$E:$E,AE$1,'単価履歴'!$F:$F,$A11,'単価履歴'!$O:$O, MAXIFS('単価履歴'!$O:$O,'単価履歴'!$E:$E,AE$1,'単価履歴'!$F:$F,$A11))) | AF11: =IF(MAXIFS('単価履歴'!$H:$H,'単価履歴'!$E:$E,AF$1,'単価履歴'!$F:$F,$A11,'単価履歴'!$O:$O, MAXIFS('単価履歴'!$O:$O,'単価履歴'!$E:$E,AF$1,'単価履歴'!$F:$F,$A11))=0,"", MAXIFS('単価履歴'!$H:$H,'単価履歴'!$E:$E,AF$1,'単価履歴'!$F:$F,$A11,'単価履歴'!$O:$O, MAXIFS('単価履歴'!$O:$O,'単価履歴'!$E:$E,AF$1,'単価履歴'!$F:$F,$A11))) | AG11: =IF(MAXIFS('単価履歴'!$H:$H,'単価履歴'!$E:$E,AG$1,'単価履歴'!$F:$F,$A11,'単価履歴'!$O:$O, MAXIFS('単価履歴'!$O:$O,'単価履歴'!$E:$E,AG$1,'単価履歴'!$F:$F,$A11))=0,"", MAXIFS('単価履歴'!$H:$H,'単価履歴'!$E:$E,AG$1,'単価履歴'!$F:$F,$A11,'単価履歴'!$O:$O, MAXIFS('単価履歴'!$O:$O,'単価履歴'!$E:$E,AG$1,'単価履歴'!$F:$F,$A11))) -> 55 | AH11: =IF(MAXIFS('単価履歴'!$H:$H,'単価履歴'!$E:$E,AH$1,'単価履歴'!$F:$F,$A11,'単価履歴'!$O:$O, MAXIFS('単価履歴'!$O:$O,'単価履歴'!$E:$E,AH$1,'単価履歴'!$F:$F,$A11))=0,"", MAXIFS('単価履歴'!$H:$H,'単価履歴'!$E:$E,AH$1,'単価履歴'!$F:$F,$A11,'単価履歴'!$O:$O, MAXIFS('単価履歴'!$O:$O,'単価履歴'!$E:$E,AH$1,'単価履歴'!$F:$F,$A11))) | ... AS11: =IF(MAXIFS('単価履歴'!$H:$H,'単価履歴'!$E:$E,AS$1,'単価履歴'!$F:$F,$A11,'単価履歴'!$O:$O, MAXIFS('単価履歴'!$O:$O,'単価履歴'!$E:$E,AS$1,'単価履歴'!$F:$F,$A11))=0,"", MAXIFS('単価履歴'!$H:$H,'単価履歴'!$E:$E,AS$1,'単価履歴'!$F:$F,$A11,'単価履歴'!$O:$O, MAXIFS('単価履歴'!$O:$O,'単価履歴'!$E:$E,AS$1,'単価履歴'!$F:$F,$A11))) -> 56 | AT11: 43.8 | AU11: =IF(MAXIFS('単価履歴'!$H:$H,'単価履歴'!$E:$E,AU$1,'単価履歴'!$F:$F,$A11,'単価履歴'!$O:$O, MAXIFS('単価履歴'!$O:$O,'単価履歴'!$E:$E,AU$1,'単価履歴'!$F:$F,$A11))=0,"", MAXIFS('単価履歴'!$H:$H,'単価履歴'!$E:$E,AU$1,'単価履歴'!$F:$F,$A11,'単価履歴'!$O:$O, MAXIFS('単価履歴'!$O:$O,'単価履歴'!$E:$E,AU$1,'単価履歴'!$F:$F,$A11))) -> 53 | AV11: =IF(MAXIFS('単価履歴'!$H:$H,'単価履歴'!$E:$E,AV$1,'単価履歴'!$F:$F,$A11,'単価履歴'!$O:$O, MAXIFS('単価履歴'!$O:$O,'単価履歴'!$E:$E,AV$1,'単価履歴'!$F:$F,$A11))=0,"", MAXIFS('単価履歴'!$H:$H,'単価履歴'!$E:$E,AV$1,'単価履歴'!$F:$F,$A11,'単価履歴'!$O:$O, MAXIFS('単価履歴'!$O:$O,'単価履歴'!$E:$E,AV$1,'単価履歴'!$F:$F,$A11))) -> 53.8 | AW11: =IF(MAXIFS('単価履歴'!$H:$H,'単価履歴'!$E:$E,AW$1,'単価履歴'!$F:$F,$A11,'単価履歴'!$O:$O, MAXIFS('単価履歴'!$O:$O,'単価履歴'!$E:$E,AW$1,'単価履歴'!$F:$F,$A11))=0,"", MAXIFS('単価履歴'!$H:$H,'単価履歴'!$E:$E,AW$1,'単価履歴'!$F:$F,$A11,'単価履歴'!$O:$O, MAXIFS('単価履歴'!$O:$O,'単価履歴'!$E:$E,AW$1,'単価履歴'!$F:$F,$A11))) | AX11: =IF(MAXIFS('単価履歴'!$H:$H,'単価履歴'!$E:$E,AX$1,'単価履歴'!$F:$F,$A11,'単価履歴'!$O:$O, MAXIFS('単価履歴'!$O:$O,'単価履歴'!$E:$E,AX$1,'単価履歴'!$F:$F,$A11))=0,"", MAXIFS('単価履歴'!$H:$H,'単価履歴'!$E:$E,AX$1,'単価履歴'!$F:$F,$A11,'単価履歴'!$O:$O, MAXIFS('単価履歴'!$O:$O,'単価履歴'!$E:$E,AX$1,'単価履歴'!$F:$F,$A11))) | AY11: =IF(MAXIFS('単価履歴'!$H:$H,'単価履歴'!$E:$E,AY$1,'単価履歴'!$F:$F,$A11,'単価履歴'!$O:$O, MAXIFS('単価履歴'!$O:$O,'単価履歴'!$E:$E,AY$1,'単価履歴'!$F:$F,$A11))=0,"", MAXIFS('単価履歴'!$H:$H,'単価履歴'!$E:$E,AY$1,'単価履歴'!$F:$F,$A11,'単価履歴'!$O:$O, MAXIFS('単価履歴'!$O:$O,'単価履歴'!$E:$E,AY$1,'単価履歴'!$F:$F,$A11))) | AZ11: =IF(MAXIFS('単価履歴'!$H:$H,'単価履歴'!$E:$E,AZ$1,'単価履歴'!$F:$F,$A11,'単価履歴'!$O:$O, MAXIFS('単価履歴'!$O:$O,'単価履歴'!$E:$E,AZ$1,'単価履歴'!$F:$F,$A11))=0,"", MAXIFS('単価履歴'!$H:$H,'単価履歴'!$E:$E,AZ$1,'単価履歴'!$F:$F,$A11,'単価履歴'!$O:$O, MAXIFS('単価履歴'!$O:$O,'単価履歴'!$E:$E,AZ$1,'単価履歴'!$F:$F,$A11))) | BA11: =IF(MAXIFS('単価履歴'!$H:$H,'単価履歴'!$E:$E,BA$1,'単価履歴'!$F:$F,$A11,'単価履歴'!$O:$O, MAXIFS('単価履歴'!$O:$O,'単価履歴'!$E:$E,BA$1,'単価履歴'!$F:$F,$A11))=0,"", MAXIFS('単価履歴'!$H:$H,'単価履歴'!$E:$E,BA$1,'単価履歴'!$F:$F,$A11,'単価履歴'!$O:$O, MAXIFS('単価履歴'!$O:$O,'単価履歴'!$E:$E,BA$1,'単価履歴'!$F:$F,$A11))) | BB11: =IF(MAXIFS('単価履歴'!$H:$H,'単価履歴'!$E:$E,BB$1,'単価履歴'!$F:$F,$A11,'単価履歴'!$O:$O, MAXIFS('単価履歴'!$O:$O,'単価履歴'!$E:$E,BB$1,'単価履歴'!$F:$F,$A11))=0,"", MAXIFS('単価履歴'!$H:$H,'単価履歴'!$E:$E,BB$1,'単価履歴'!$F:$F,$A11,'単価履歴'!$O:$O, MAXIFS('単価履歴'!$O:$O,'単価履歴'!$E:$E,BB$1,'単価履歴'!$F:$F,$A11))) | ... BP11: =IF(MAXIFS('単価履歴'!$H:$H,'単価履歴'!$E:$E,BP$1,'単価履歴'!$F:$F,$A11,'単価履歴'!$O:$O, MAXIFS('単価履歴'!$O:$O,'単価履歴'!$E:$E,BP$1,'単価履歴'!$F:$F,$A11))=0,"", MAXIFS('単価履歴'!$H:$H,'単価履歴'!$E:$E,BP$1,'単価履歴'!$F:$F,$A11,'単価履歴'!$O:$O, MAXIFS('単価履歴'!$O:$O,'単価履歴'!$E:$E,BP$1,'単価履歴'!$F:$F,$A11)))
A12: ＨＳ２ | B12: =IF(MAXIFS('単価履歴'!$H:$H,'単価履歴'!$E:$E,B$1,'単価履歴'!$F:$F,$A12,'単価履歴'!$O:$O, MAXIFS('単価履歴'!$O:$O,'単価履歴'!$E:$E,B$1,'単価履歴'!$F:$F,$A12))=0,"", MAXIFS('単価履歴'!$H:$H,'単価履歴'!$E:$E,B$1,'単価履歴'!$F:$F,$A12,'単価履歴'!$O:$O, MAXIFS('単価履歴'!$O:$O,'単価履歴'!$E:$E,B$1,'単価履歴'!$F:$F,$A12))) | C12: =IF(MAXIFS('単価履歴'!$H:$H,'単価履歴'!$E:$E,C$1,'単価履歴'!$F:$F,$A12,'単価履歴'!$O:$O, MAXIFS('単価履歴'!$O:$O,'単価履歴'!$E:$E,C$1,'単価履歴'!$F:$F,$A12))=0,"", MAXIFS('単価履歴'!$H:$H,'単価履歴'!$E:$E,C$1,'単価履歴'!$F:$F,$A12,'単価履歴'!$O:$O, MAXIFS('単価履歴'!$O:$O,'単価履歴'!$E:$E,C$1,'単価履歴'!$F:$F,$A12))) -> 57.4 | D12: =IF(MAXIFS('単価履歴'!$H:$H,'単価履歴'!$E:$E,D$1,'単価履歴'!$F:$F,$A12,'単価履歴'!$O:$O, MAXIFS('単価履歴'!$O:$O,'単価履歴'!$E:$E,D$1,'単価履歴'!$F:$F,$A12))=0,"", MAXIFS('単価履歴'!$H:$H,'単価履歴'!$E:$E,D$1,'単価履歴'!$F:$F,$A12,'単価履歴'!$O:$O, MAXIFS('単価履歴'!$O:$O,'単価履歴'!$E:$E,D$1,'単価履歴'!$F:$F,$A12))) -> 57.3 | G12: =IF(MAXIFS('単価履歴'!$H:$H,'単価履歴'!$E:$E,G$1,'単価履歴'!$F:$F,$A12,'単価履歴'!$O:$O, MAXIFS('単価履歴'!$O:$O,'単価履歴'!$E:$E,G$1,'単価履歴'!$F:$F,$A12))=0,"", MAXIFS('単価履歴'!$H:$H,'単価履歴'!$E:$E,G$1,'単価履歴'!$F:$F,$A12,'単価履歴'!$O:$O, MAXIFS('単価履歴'!$O:$O,'単価履歴'!$E:$E,G$1,'単価履歴'!$F:$F,$A12))) | H12: =IF(MAXIFS('単価履歴'!$H:$H,'単価履歴'!$E:$E,H$1,'単価履歴'!$F:$F,$A12,'単価履歴'!$O:$O, MAXIFS('単価履歴'!$O:$O,'単価履歴'!$E:$E,H$1,'単価履歴'!$F:$F,$A12))=0,"", MAXIFS('単価履歴'!$H:$H,'単価履歴'!$E:$E,H$1,'単価履歴'!$F:$F,$A12,'単価履歴'!$O:$O, MAXIFS('単価履歴'!$O:$O,'単価履歴'!$E:$E,H$1,'単価履歴'!$F:$F,$A12))) -> 55.3 | I12: =IF(MAXIFS('単価履歴'!$H:$H,'単価履歴'!$E:$E,I$1,'単価履歴'!$F:$F,$A12,'単価履歴'!$O:$O, MAXIFS('単価履歴'!$O:$O,'単価履歴'!$E:$E,I$1,'単価履歴'!$F:$F,$A12))=0,"", MAXIFS('単価履歴'!$H:$H,'単価履歴'!$E:$E,I$1,'単価履歴'!$F:$F,$A12,'単価履歴'!$O:$O, MAXIFS('単価履歴'!$O:$O,'単価履歴'!$E:$E,I$1,'単価履歴'!$F:$F,$A12))) -> 2 | J12: =IF(MAXIFS('単価履歴'!$H:$H,'単価履歴'!$E:$E,J$1,'単価履歴'!$F:$F,$A12,'単価履歴'!$O:$O, MAXIFS('単価履歴'!$O:$O,'単価履歴'!$E:$E,J$1,'単価履歴'!$F:$F,$A12))=0,"", MAXIFS('単価履歴'!$H:$H,'単価履歴'!$E:$E,J$1,'単価履歴'!$F:$F,$A12,'単価履歴'!$O:$O, MAXIFS('単価履歴'!$O:$O,'単価履歴'!$E:$E,J$1,'単価履歴'!$F:$F,$A12))) | K12: =IF(MAXIFS('単価履歴'!$H:$H,'単価履歴'!$E:$E,K$1,'単価履歴'!$F:$F,$A12,'単価履歴'!$O:$O, MAXIFS('単価履歴'!$O:$O,'単価履歴'!$E:$E,K$1,'単価履歴'!$F:$F,$A12))=0,"", MAXIFS('単価履歴'!$H:$H,'単価履歴'!$E:$E,K$1,'単価履歴'!$F:$F,$A12,'単価履歴'!$O:$O, MAXIFS('単価履歴'!$O:$O,'単価履歴'!$E:$E,K$1,'単価履歴'!$F:$F,$A12))) | L12: =IF(MAXIFS('単価履歴'!$H:$H,'単価履歴'!$E:$E,L$1,'単価履歴'!$F:$F,$A12,'単価履歴'!$O:$O, MAXIFS('単価履歴'!$O:$O,'単価履歴'!$E:$E,L$1,'単価履歴'!$F:$F,$A12))=0,"", MAXIFS('単価履歴'!$H:$H,'単価履歴'!$E:$E,L$1,'単価履歴'!$F:$F,$A12,'単価履歴'!$O:$O, MAXIFS('単価履歴'!$O:$O,'単価履歴'!$E:$E,L$1,'単価履歴'!$F:$F,$A12))) | M12: =IF(MAXIFS('単価履歴'!$H:$H,'単価履歴'!$E:$E,M$1,'単価履歴'!$F:$F,$A12,'単価履歴'!$O:$O, MAXIFS('単価履歴'!$O:$O,'単価履歴'!$E:$E,M$1,'単価履歴'!$F:$F,$A12))=0,"", MAXIFS('単価履歴'!$H:$H,'単価履歴'!$E:$E,M$1,'単価履歴'!$F:$F,$A12,'単価履歴'!$O:$O, MAXIFS('単価履歴'!$O:$O,'単価履歴'!$E:$E,M$1,'単価履歴'!$F:$F,$A12))) | N12: =IF(MAXIFS('単価履歴'!$H:$H,'単価履歴'!$E:$E,N$1,'単価履歴'!$F:$F,$A12,'単価履歴'!$O:$O, MAXIFS('単価履歴'!$O:$O,'単価履歴'!$E:$E,N$1,'単価履歴'!$F:$F,$A12))=0,"", MAXIFS('単価履歴'!$H:$H,'単価履歴'!$E:$E,N$1,'単価履歴'!$F:$F,$A12,'単価履歴'!$O:$O, MAXIFS('単価履歴'!$O:$O,'単価履歴'!$E:$E,N$1,'単価履歴'!$F:$F,$A12))) | ... BP12: =IF(MAXIFS('単価履歴'!$H:$H,'単価履歴'!$E:$E,BP$1,'単価履歴'!$F:$F,$A12,'単価履歴'!$O:$O, MAXIFS('単価履歴'!$O:$O,'単価履歴'!$E:$E,BP$1,'単価履歴'!$F:$F,$A12))=0,"", MAXIFS('単価履歴'!$H:$H,'単価履歴'!$E:$E,BP$1,'単価履歴'!$F:$F,$A12,'単価履歴'!$O:$O, MAXIFS('単価履歴'!$O:$O,'単価履歴'!$E:$E,BP$1,'単価履歴'!$F:$F,$A12)))
A13: ＨＳ３ | B13: =IF(MAXIFS('単価履歴'!$H:$H,'単価履歴'!$E:$E,B$1,'単価履歴'!$F:$F,$A13,'単価履歴'!$O:$O, MAXIFS('単価履歴'!$O:$O,'単価履歴'!$E:$E,B$1,'単価履歴'!$F:$F,$A13))=0,"", MAXIFS('単価履歴'!$H:$H,'単価履歴'!$E:$E,B$1,'単価履歴'!$F:$F,$A13,'単価履歴'!$O:$O, MAXIFS('単価履歴'!$O:$O,'単価履歴'!$E:$E,B$1,'単価履歴'!$F:$F,$A13))) | C13: =IF(MAXIFS('単価履歴'!$H:$H,'単価履歴'!$E:$E,C$1,'単価履歴'!$F:$F,$A13,'単価履歴'!$O:$O, MAXIFS('単価履歴'!$O:$O,'単価履歴'!$E:$E,C$1,'単価履歴'!$F:$F,$A13))=0,"", MAXIFS('単価履歴'!$H:$H,'単価履歴'!$E:$E,C$1,'単価履歴'!$F:$F,$A13,'単価履歴'!$O:$O, MAXIFS('単価履歴'!$O:$O,'単価履歴'!$E:$E,C$1,'単価履歴'!$F:$F,$A13))) | D13: =IF(MAXIFS('単価履歴'!$H:$H,'単価履歴'!$E:$E,D$1,'単価履歴'!$F:$F,$A13,'単価履歴'!$O:$O, MAXIFS('単価履歴'!$O:$O,'単価履歴'!$E:$E,D$1,'単価履歴'!$F:$F,$A13))=0,"", MAXIFS('単価履歴'!$H:$H,'単価履歴'!$E:$E,D$1,'単価履歴'!$F:$F,$A13,'単価履歴'!$O:$O, MAXIFS('単価履歴'!$O:$O,'単価履歴'!$E:$E,D$1,'単価履歴'!$F:$F,$A13))) | G13: =IF(MAXIFS('単価履歴'!$H:$H,'単価履歴'!$E:$E,G$1,'単価履歴'!$F:$F,$A13,'単価履歴'!$O:$O, MAXIFS('単価履歴'!$O:$O,'単価履歴'!$E:$E,G$1,'単価履歴'!$F:$F,$A13))=0,"", MAXIFS('単価履歴'!$H:$H,'単価履歴'!$E:$E,G$1,'単価履歴'!$F:$F,$A13,'単価履歴'!$O:$O, MAXIFS('単価履歴'!$O:$O,'単価履歴'!$E:$E,G$1,'単価履歴'!$F:$F,$A13))) | H13: =IF(MAXIFS('単価履歴'!$H:$H,'単価履歴'!$E:$E,H$1,'単価履歴'!$F:$F,$A13,'単価履歴'!$O:$O, MAXIFS('単価履歴'!$O:$O,'単価履歴'!$E:$E,H$1,'単価履歴'!$F:$F,$A13))=0,"", MAXIFS('単価履歴'!$H:$H,'単価履歴'!$E:$E,H$1,'単価履歴'!$F:$F,$A13,'単価履歴'!$O:$O, MAXIFS('単価履歴'!$O:$O,'単価履歴'!$E:$E,H$1,'単価履歴'!$F:$F,$A13))) | I13: =IF(MAXIFS('単価履歴'!$H:$H,'単価履歴'!$E:$E,I$1,'単価履歴'!$F:$F,$A13,'単価履歴'!$O:$O, MAXIFS('単価履歴'!$O:$O,'単価履歴'!$E:$E,I$1,'単価履歴'!$F:$F,$A13))=0,"", MAXIFS('単価履歴'!$H:$H,'単価履歴'!$E:$E,I$1,'単価履歴'!$F:$F,$A13,'単価履歴'!$O:$O, MAXIFS('単価履歴'!$O:$O,'単価履歴'!$E:$E,I$1,'単価履歴'!$F:$F,$A13))) | J13: =IF(MAXIFS('単価履歴'!$H:$H,'単価履歴'!$E:$E,J$1,'単価履歴'!$F:$F,$A13,'単価履歴'!$O:$O, MAXIFS('単価履歴'!$O:$O,'単価履歴'!$E:$E,J$1,'単価履歴'!$F:$F,$A13))=0,"", MAXIFS('単価履歴'!$H:$H,'単価履歴'!$E:$E,J$1,'単価履歴'!$F:$F,$A13,'単価履歴'!$O:$O, MAXIFS('単価履歴'!$O:$O,'単価履歴'!$E:$E,J$1,'単価履歴'!$F:$F,$A13))) | K13: =IF(MAXIFS('単価履歴'!$H:$H,'単価履歴'!$E:$E,K$1,'単価履歴'!$F:$F,$A13,'単価履歴'!$O:$O, MAXIFS('単価履歴'!$O:$O,'単価履歴'!$E:$E,K$1,'単価履歴'!$F:$F,$A13))=0,"", MAXIFS('単価履歴'!$H:$H,'単価履歴'!$E:$E,K$1,'単価履歴'!$F:$F,$A13,'単価履歴'!$O:$O, MAXIFS('単価履歴'!$O:$O,'単価履歴'!$E:$E,K$1,'単価履歴'!$F:$F,$A13))) | L13: =IF(MAXIFS('単価履歴'!$H:$H,'単価履歴'!$E:$E,L$1,'単価履歴'!$F:$F,$A13,'単価履歴'!$O:$O, MAXIFS('単価履歴'!$O:$O,'単価履歴'!$E:$E,L$1,'単価履歴'!$F:$F,$A13))=0,"", MAXIFS('単価履歴'!$H:$H,'単価履歴'!$E:$E,L$1,'単価履歴'!$F:$F,$A13,'単価履歴'!$O:$O, MAXIFS('単価履歴'!$O:$O,'単価履歴'!$E:$E,L$1,'単価履歴'!$F:$F,$A13))) | M13: =IF(MAXIFS('単価履歴'!$H:$H,'単価履歴'!$E:$E,M$1,'単価履歴'!$F:$F,$A13,'単価履歴'!$O:$O, MAXIFS('単価履歴'!$O:$O,'単価履歴'!$E:$E,M$1,'単価履歴'!$F:$F,$A13))=0,"", MAXIFS('単価履歴'!$H:$H,'単価履歴'!$E:$E,M$1,'単価履歴'!$F:$F,$A13,'単価履歴'!$O:$O, MAXIFS('単価履歴'!$O:$O,'単価履歴'!$E:$E,M$1,'単価履歴'!$F:$F,$A13))) | N13: =IF(MAXIFS('単価履歴'!$H:$H,'単価履歴'!$E:$E,N$1,'単価履歴'!$F:$F,$A13,'単価履歴'!$O:$O, MAXIFS('単価履歴'!$O:$O,'単価履歴'!$E:$E,N$1,'単価履歴'!$F:$F,$A13))=0,"", MAXIFS('単価履歴'!$H:$H,'単価履歴'!$E:$E,N$1,'単価履歴'!$F:$F,$A13,'単価履歴'!$O:$O, MAXIFS('単価履歴'!$O:$O,'単価履歴'!$E:$E,N$1,'単価履歴'!$F:$F,$A13))) | ... BP13: =IF(MAXIFS('単価履歴'!$H:$H,'単価履歴'!$E:$E,BP$1,'単価履歴'!$F:$F,$A13,'単価履歴'!$O:$O, MAXIFS('単価履歴'!$O:$O,'単価履歴'!$E:$E,BP$1,'単価履歴'!$F:$F,$A13))=0,"", MAXIFS('単価履歴'!$H:$H,'単価履歴'!$E:$E,BP$1,'単価履歴'!$F:$F,$A13,'単価履歴'!$O:$O, MAXIFS('単価履歴'!$O:$O,'単価履歴'!$E:$E,BP$1,'単価履歴'!$F:$F,$A13)))
A14: Ｈ１(特A) | B14: =IF(MAXIFS('単価履歴'!$H:$H,'単価履歴'!$E:$E,B$1,'単価履歴'!$F:$F,$A14,'単価履歴'!$O:$O, MAXIFS('単価履歴'!$O:$O,'単価履歴'!$E:$E,B$1,'単価履歴'!$F:$F,$A14))=0,"", MAXIFS('単価履歴'!$H:$H,'単価履歴'!$E:$E,B$1,'単価履歴'!$F:$F,$A14,'単価履歴'!$O:$O, MAXIFS('単価履歴'!$O:$O,'単価履歴'!$E:$E,B$1,'単価履歴'!$F:$F,$A14))) -> 55 | C14: =IF(MAXIFS('単価履歴'!$H:$H,'単価履歴'!$E:$E,C$1,'単価履歴'!$F:$F,$A14,'単価履歴'!$O:$O, MAXIFS('単価履歴'!$O:$O,'単価履歴'!$E:$E,C$1,'単価履歴'!$F:$F,$A14))=0,"", MAXIFS('単価履歴'!$H:$H,'単価履歴'!$E:$E,C$1,'単価履歴'!$F:$F,$A14,'単価履歴'!$O:$O, MAXIFS('単価履歴'!$O:$O,'単価履歴'!$E:$E,C$1,'単価履歴'!$F:$F,$A14))) -> 55.3 | D14: =IF(MAXIFS('単価履歴'!$H:$H,'単価履歴'!$E:$E,D$1,'単価履歴'!$F:$F,$A14,'単価履歴'!$O:$O, MAXIFS('単価履歴'!$O:$O,'単価履歴'!$E:$E,D$1,'単価履歴'!$F:$F,$A14))=0,"", MAXIFS('単価履歴'!$H:$H,'単価履歴'!$E:$E,D$1,'単価履歴'!$F:$F,$A14,'単価履歴'!$O:$O, MAXIFS('単価履歴'!$O:$O,'単価履歴'!$E:$E,D$1,'単価履歴'!$F:$F,$A14))) -> 55.3 | G14: =IF(MAXIFS('単価履歴'!$H:$H,'単価履歴'!$E:$E,G$1,'単価履歴'!$F:$F,$A14,'単価履歴'!$O:$O, MAXIFS('単価履歴'!$O:$O,'単価履歴'!$E:$E,G$1,'単価履歴'!$F:$F,$A14))=0,"", MAXIFS('単価履歴'!$H:$H,'単価履歴'!$E:$E,G$1,'単価履歴'!$F:$F,$A14,'単価履歴'!$O:$O, MAXIFS('単価履歴'!$O:$O,'単価履歴'!$E:$E,G$1,'単価履歴'!$F:$F,$A14))) -> 55.5 | H14: =IF(MAXIFS('単価履歴'!$H:$H,'単価履歴'!$E:$E,H$1,'単価履歴'!$F:$F,$A14,'単価履歴'!$O:$O, MAXIFS('単価履歴'!$O:$O,'単価履歴'!$E:$E,H$1,'単価履歴'!$F:$F,$A14))=0,"", MAXIFS('単価履歴'!$H:$H,'単価履歴'!$E:$E,H$1,'単価履歴'!$F:$F,$A14,'単価履歴'!$O:$O, MAXIFS('単価履歴'!$O:$O,'単価履歴'!$E:$E,H$1,'単価履歴'!$F:$F,$A14))) -> 55.8 | I14: =IF(MAXIFS('単価履歴'!$H:$H,'単価履歴'!$E:$E,I$1,'単価履歴'!$F:$F,$A14,'単価履歴'!$O:$O, MAXIFS('単価履歴'!$O:$O,'単価履歴'!$E:$E,I$1,'単価履歴'!$F:$F,$A14))=0,"", MAXIFS('単価履歴'!$H:$H,'単価履歴'!$E:$E,I$1,'単価履歴'!$F:$F,$A14,'単価履歴'!$O:$O, MAXIFS('単価履歴'!$O:$O,'単価履歴'!$E:$E,I$1,'単価履歴'!$F:$F,$A14))) -> 2 | J14: =IF(MAXIFS('単価履歴'!$H:$H,'単価履歴'!$E:$E,J$1,'単価履歴'!$F:$F,$A14,'単価履歴'!$O:$O, MAXIFS('単価履歴'!$O:$O,'単価履歴'!$E:$E,J$1,'単価履歴'!$F:$F,$A14))=0,"", MAXIFS('単価履歴'!$H:$H,'単価履歴'!$E:$E,J$1,'単価履歴'!$F:$F,$A14,'単価履歴'!$O:$O, MAXIFS('単価履歴'!$O:$O,'単価履歴'!$E:$E,J$1,'単価履歴'!$F:$F,$A14))) | K14: 45 | L14: 29.9 | M14: 43.7 | N14: 28.8 | O14: =IF(MAXIFS('単価履歴'!$H:$H,'単価履歴'!$E:$E,O$1,'単価履歴'!$F:$F,$A14,'単価履歴'!$O:$O, MAXIFS('単価履歴'!$O:$O,'単価履歴'!$E:$E,O$1,'単価履歴'!$F:$F,$A14))=0,"", MAXIFS('単価履歴'!$H:$H,'単価履歴'!$E:$E,O$1,'単価履歴'!$F:$F,$A14,'単価履歴'!$O:$O, MAXIFS('単価履歴'!$O:$O,'単価履歴'!$E:$E,O$1,'単価履歴'!$F:$F,$A14))) -> 58.5 | P14: =IF(MAXIFS('単価履歴'!$H:$H,'単価履歴'!$E:$E,P$1,'単価履歴'!$F:$F,$A14,'単価履歴'!$O:$O, MAXIFS('単価履歴'!$O:$O,'単価履歴'!$E:$E,P$1,'単価履歴'!$F:$F,$A14))=0,"", MAXIFS('単価履歴'!$H:$H,'単価履歴'!$E:$E,P$1,'単価履歴'!$F:$F,$A14,'単価履歴'!$O:$O, MAXIFS('単価履歴'!$O:$O,'単価履歴'!$E:$E,P$1,'単価履歴'!$F:$F,$A14))) | Q14: =IF(MAXIFS('単価履歴'!$H:$H,'単価履歴'!$E:$E,Q$1,'単価履歴'!$F:$F,$A14,'単価履歴'!$O:$O, MAXIFS('単価履歴'!$O:$O,'単価履歴'!$E:$E,Q$1,'単価履歴'!$F:$F,$A14))=0,"", MAXIFS('単価履歴'!$H:$H,'単価履歴'!$E:$E,Q$1,'単価履歴'!$F:$F,$A14,'単価履歴'!$O:$O, MAXIFS('単価履歴'!$O:$O,'単価履歴'!$E:$E,Q$1,'単価履歴'!$F:$F,$A14))) | R14: =IF(MAXIFS('単価履歴'!$H:$H,'単価履歴'!$E:$E,R$1,'単価履歴'!$F:$F,$A14,'単価履歴'!$O:$O, MAXIFS('単価履歴'!$O:$O,'単価履歴'!$E:$E,R$1,'単価履歴'!$F:$F,$A14))=0,"", MAXIFS('単価履歴'!$H:$H,'単価履歴'!$E:$E,R$1,'単価履歴'!$F:$F,$A14,'単価履歴'!$O:$O, MAXIFS('単価履歴'!$O:$O,'単価履歴'!$E:$E,R$1,'単価履歴'!$F:$F,$A14))) | S14: =IF(MAXIFS('単価履歴'!$H:$H,'単価履歴'!$E:$E,S$1,'単価履歴'!$F:$F,$A14,'単価履歴'!$O:$O, MAXIFS('単価履歴'!$O:$O,'単価履歴'!$E:$E,S$1,'単価履歴'!$F:$F,$A14))=0,"", MAXIFS('単価履歴'!$H:$H,'単価履歴'!$E:$E,S$1,'単価履歴'!$F:$F,$A14,'単価履歴'!$O:$O, MAXIFS('単価履歴'!$O:$O,'単価履歴'!$E:$E,S$1,'単価履歴'!$F:$F,$A14))) -> 52.5 | T14: =IF(MAXIFS('単価履歴'!$H:$H,'単価履歴'!$E:$E,T$1,'単価履歴'!$F:$F,$A14,'単価履歴'!$O:$O, MAXIFS('単価履歴'!$O:$O,'単価履歴'!$E:$E,T$1,'単価履歴'!$F:$F,$A14))=0,"", MAXIFS('単価履歴'!$H:$H,'単価履歴'!$E:$E,T$1,'単価履歴'!$F:$F,$A14,'単価履歴'!$O:$O, MAXIFS('単価履歴'!$O:$O,'単価履歴'!$E:$E,T$1,'単価履歴'!$F:$F,$A14))) | U14: =IF(MAXIFS('単価履歴'!$H:$H,'単価履歴'!$E:$E,U$1,'単価履歴'!$F:$F,$A14,'単価履歴'!$O:$O, MAXIFS('単価履歴'!$O:$O,'単価履歴'!$E:$E,U$1,'単価履歴'!$F:$F,$A14))=0,"", MAXIFS('単価履歴'!$H:$H,'単価履歴'!$E:$E,U$1,'単価履歴'!$F:$F,$A14,'単価履歴'!$O:$O, MAXIFS('単価履歴'!$O:$O,'単価履歴'!$E:$E,U$1,'単価履歴'!$F:$F,$A14))) | V14: =IF(MAXIFS('単価履歴'!$H:$H,'単価履歴'!$E:$E,V$1,'単価履歴'!$F:$F,$A14,'単価履歴'!$O:$O, MAXIFS('単価履歴'!$O:$O,'単価履歴'!$E:$E,V$1,'単価履歴'!$F:$F,$A14))=0,"", MAXIFS('単価履歴'!$H:$H,'単価履歴'!$E:$E,V$1,'単価履歴'!$F:$F,$A14,'単価履歴'!$O:$O, MAXIFS('単価履歴'!$O:$O,'単価履歴'!$E:$E,V$1,'単価履歴'!$F:$F,$A14))) -> 42 | ... AG14: =IF(MAXIFS('単価履歴'!$H:$H,'単価履歴'!$E:$E,AG$1,'単価履歴'!$F:$F,$A14,'単価履歴'!$O:$O, MAXIFS('単価履歴'!$O:$O,'単価履歴'!$E:$E,AG$1,'単価履歴'!$F:$F,$A14))=0,"", MAXIFS('単価履歴'!$H:$H,'単価履歴'!$E:$E,AG$1,'単価履歴'!$F:$F,$A14,'単価履歴'!$O:$O, MAXIFS('単価履歴'!$O:$O,'単価履歴'!$E:$E,AG$1,'単価履歴'!$F:$F,$A14))) -> 54.5 | AH14: 43.6 | AI14: =IF(MAXIFS('単価履歴'!$H:$H,'単価履歴'!$E:$E,AI$1,'単価履歴'!$F:$F,$A14,'単価履歴'!$O:$O, MAXIFS('単価履歴'!$O:$O,'単価履歴'!$E:$E,AI$1,'単価履歴'!$F:$F,$A14))=0,"", MAXIFS('単価履歴'!$H:$H,'単価履歴'!$E:$E,AI$1,'単価履歴'!$F:$F,$A14,'単価履歴'!$O:$O, MAXIFS('単価履歴'!$O:$O,'単価履歴'!$E:$E,AI$1,'単価履歴'!$F:$F,$A14))) | AJ14: =IF(MAXIFS('単価履歴'!$H:$H,'単価履歴'!$E:$E,AJ$1,'単価履歴'!$F:$F,$A14,'単価履歴'!$O:$O, MAXIFS('単価履歴'!$O:$O,'単価履歴'!$E:$E,AJ$1,'単価履歴'!$F:$F,$A14))=0,"", MAXIFS('単価履歴'!$H:$H,'単価履歴'!$E:$E,AJ$1,'単価履歴'!$F:$F,$A14,'単価履歴'!$O:$O, MAXIFS('単価履歴'!$O:$O,'単価履歴'!$E:$E,AJ$1,'単価履歴'!$F:$F,$A14))) | AK14: =IF(MAXIFS('単価履歴'!$H:$H,'単価履歴'!$E:$E,AK$1,'単価履歴'!$F:$F,$A14,'単価履歴'!$O:$O, MAXIFS('単価履歴'!$O:$O,'単価履歴'!$E:$E,AK$1,'単価履歴'!$F:$F,$A14))=0,"", MAXIFS('単価履歴'!$H:$H,'単価履歴'!$E:$E,AK$1,'単価履歴'!$F:$F,$A14,'単価履歴'!$O:$O, MAXIFS('単価履歴'!$O:$O,'単価履歴'!$E:$E,AK$1,'単価履歴'!$F:$F,$A14))) -> 54 | AL14: =IF(MAXIFS('単価履歴'!$H:$H,'単価履歴'!$E:$E,AL$1,'単価履歴'!$F:$F,$A14,'単価履歴'!$O:$O, MAXIFS('単価履歴'!$O:$O,'単価履歴'!$E:$E,AL$1,'単価履歴'!$F:$F,$A14))=0,"", MAXIFS('単価履歴'!$H:$H,'単価履歴'!$E:$E,AL$1,'単価履歴'!$F:$F,$A14,'単価履歴'!$O:$O, MAXIFS('単価履歴'!$O:$O,'単価履歴'!$E:$E,AL$1,'単価履歴'!$F:$F,$A14))) | AM14: =IF(MAXIFS('単価履歴'!$H:$H,'単価履歴'!$E:$E,AM$1,'単価履歴'!$F:$F,$A14,'単価履歴'!$O:$O, MAXIFS('単価履歴'!$O:$O,'単価履歴'!$E:$E,AM$1,'単価履歴'!$F:$F,$A14))=0,"", MAXIFS('単価履歴'!$H:$H,'単価履歴'!$E:$E,AM$1,'単価履歴'!$F:$F,$A14,'単価履歴'!$O:$O, MAXIFS('単価履歴'!$O:$O,'単価履歴'!$E:$E,AM$1,'単価履歴'!$F:$F,$A14))) -> 55 | AN14: =IF(MAXIFS('単価履歴'!$H:$H,'単価履歴'!$E:$E,AN$1,'単価履歴'!$F:$F,$A14,'単価履歴'!$O:$O, MAXIFS('単価履歴'!$O:$O,'単価履歴'!$E:$E,AN$1,'単価履歴'!$F:$F,$A14))=0,"", MAXIFS('単価履歴'!$H:$H,'単価履歴'!$E:$E,AN$1,'単価履歴'!$F:$F,$A14,'単価履歴'!$O:$O, MAXIFS('単価履歴'!$O:$O,'単価履歴'!$E:$E,AN$1,'単価履歴'!$F:$F,$A14))) -> 56 | AO14: =IF(MAXIFS('単価履歴'!$H:$H,'単価履歴'!$E:$E,AO$1,'単価履歴'!$F:$F,$A14,'単価履歴'!$O:$O, MAXIFS('単価履歴'!$O:$O,'単価履歴'!$E:$E,AO$1,'単価履歴'!$F:$F,$A14))=0,"", MAXIFS('単価履歴'!$H:$H,'単価履歴'!$E:$E,AO$1,'単価履歴'!$F:$F,$A14,'単価履歴'!$O:$O, MAXIFS('単価履歴'!$O:$O,'単価履歴'!$E:$E,AO$1,'単価履歴'!$F:$F,$A14))) -> 50.7 | AP14: =IF(MAXIFS('単価履歴'!$H:$H,'単価履歴'!$E:$E,AP$1,'単価履歴'!$F:$F,$A14,'単価履歴'!$O:$O, MAXIFS('単価履歴'!$O:$O,'単価履歴'!$E:$E,AP$1,'単価履歴'!$F:$F,$A14))=0,"", MAXIFS('単価履歴'!$H:$H,'単価履歴'!$E:$E,AP$1,'単価履歴'!$F:$F,$A14,'単価履歴'!$O:$O, MAXIFS('単価履歴'!$O:$O,'単価履歴'!$E:$E,AP$1,'単価履歴'!$F:$F,$A14))) -> 52 | ... BP14: =IF(MAXIFS('単価履歴'!$H:$H,'単価履歴'!$E:$E,BP$1,'単価履歴'!$F:$F,$A14,'単価履歴'!$O:$O, MAXIFS('単価履歴'!$O:$O,'単価履歴'!$E:$E,BP$1,'単価履歴'!$F:$F,$A14))=0,"", MAXIFS('単価履歴'!$H:$H,'単価履歴'!$E:$E,BP$1,'単価履歴'!$F:$F,$A14,'単価履歴'!$O:$O, MAXIFS('単価履歴'!$O:$O,'単価履歴'!$E:$E,BP$1,'単価履歴'!$F:$F,$A14)))
A15: ＪＨ１(H2T山口)鍛造ﾊﾞﾘ | B15: =IF(MAXIFS('単価履歴'!$H:$H,'単価履歴'!$E:$E,B$1,'単価履歴'!$F:$F,$A15,'単価履歴'!$O:$O, MAXIFS('単価履歴'!$O:$O,'単価履歴'!$E:$E,B$1,'単価履歴'!$F:$F,$A15))=0,"", MAXIFS('単価履歴'!$H:$H,'単価履歴'!$E:$E,B$1,'単価履歴'!$F:$F,$A15,'単価履歴'!$O:$O, MAXIFS('単価履歴'!$O:$O,'単価履歴'!$E:$E,B$1,'単価履歴'!$F:$F,$A15))) | C15: =IF(MAXIFS('単価履歴'!$H:$H,'単価履歴'!$E:$E,C$1,'単価履歴'!$F:$F,$A15,'単価履歴'!$O:$O, MAXIFS('単価履歴'!$O:$O,'単価履歴'!$E:$E,C$1,'単価履歴'!$F:$F,$A15))=0,"", MAXIFS('単価履歴'!$H:$H,'単価履歴'!$E:$E,C$1,'単価履歴'!$F:$F,$A15,'単価履歴'!$O:$O, MAXIFS('単価履歴'!$O:$O,'単価履歴'!$E:$E,C$1,'単価履歴'!$F:$F,$A15))) | D15: =IF(MAXIFS('単価履歴'!$H:$H,'単価履歴'!$E:$E,D$1,'単価履歴'!$F:$F,$A15,'単価履歴'!$O:$O, MAXIFS('単価履歴'!$O:$O,'単価履歴'!$E:$E,D$1,'単価履歴'!$F:$F,$A15))=0,"", MAXIFS('単価履歴'!$H:$H,'単価履歴'!$E:$E,D$1,'単価履歴'!$F:$F,$A15,'単価履歴'!$O:$O, MAXIFS('単価履歴'!$O:$O,'単価履歴'!$E:$E,D$1,'単価履歴'!$F:$F,$A15))) | G15: =IF(MAXIFS('単価履歴'!$H:$H,'単価履歴'!$E:$E,G$1,'単価履歴'!$F:$F,$A15,'単価履歴'!$O:$O, MAXIFS('単価履歴'!$O:$O,'単価履歴'!$E:$E,G$1,'単価履歴'!$F:$F,$A15))=0,"", MAXIFS('単価履歴'!$H:$H,'単価履歴'!$E:$E,G$1,'単価履歴'!$F:$F,$A15,'単価履歴'!$O:$O, MAXIFS('単価履歴'!$O:$O,'単価履歴'!$E:$E,G$1,'単価履歴'!$F:$F,$A15))) -> 52.7 | H15: =IF(MAXIFS('単価履歴'!$H:$H,'単価履歴'!$E:$E,H$1,'単価履歴'!$F:$F,$A15,'単価履歴'!$O:$O, MAXIFS('単価履歴'!$O:$O,'単価履歴'!$E:$E,H$1,'単価履歴'!$F:$F,$A15))=0,"", MAXIFS('単価履歴'!$H:$H,'単価履歴'!$E:$E,H$1,'単価履歴'!$F:$F,$A15,'単価履歴'!$O:$O, MAXIFS('単価履歴'!$O:$O,'単価履歴'!$E:$E,H$1,'単価履歴'!$F:$F,$A15))) | I15: =IF(MAXIFS('単価履歴'!$H:$H,'単価履歴'!$E:$E,I$1,'単価履歴'!$F:$F,$A15,'単価履歴'!$O:$O, MAXIFS('単価履歴'!$O:$O,'単価履歴'!$E:$E,I$1,'単価履歴'!$F:$F,$A15))=0,"", MAXIFS('単価履歴'!$H:$H,'単価履歴'!$E:$E,I$1,'単価履歴'!$F:$F,$A15,'単価履歴'!$O:$O, MAXIFS('単価履歴'!$O:$O,'単価履歴'!$E:$E,I$1,'単価履歴'!$F:$F,$A15))) | J15: =IF(MAXIFS('単価履歴'!$H:$H,'単価履歴'!$E:$E,J$1,'単価履歴'!$F:$F,$A15,'単価履歴'!$O:$O, MAXIFS('単価履歴'!$O:$O,'単価履歴'!$E:$E,J$1,'単価履歴'!$F:$F,$A15))=0,"", MAXIFS('単価履歴'!$H:$H,'単価履歴'!$E:$E,J$1,'単価履歴'!$F:$F,$A15,'単価履歴'!$O:$O, MAXIFS('単価履歴'!$O:$O,'単価履歴'!$E:$E,J$1,'単価履歴'!$F:$F,$A15))) | K15: 44 | L15: 28.9 | N15: 36.2 | O15: =IF(MAXIFS('単価履歴'!$H:$H,'単価履歴'!$E:$E,O$1,'単価履歴'!$F:$F,$A15,'単価履歴'!$O:$O, MAXIFS('単価履歴'!$O:$O,'単価履歴'!$E:$E,O$1,'単価履歴'!$F:$F,$A15))=0,"", MAXIFS('単価履歴'!$H:$H,'単価履歴'!$E:$E,O$1,'単価履歴'!$F:$F,$A15,'単価履歴'!$O:$O, MAXIFS('単価履歴'!$O:$O,'単価履歴'!$E:$E,O$1,'単価履歴'!$F:$F,$A15))) | P15: =IF(MAXIFS('単価履歴'!$H:$H,'単価履歴'!$E:$E,P$1,'単価履歴'!$F:$F,$A15,'単価履歴'!$O:$O, MAXIFS('単価履歴'!$O:$O,'単価履歴'!$E:$E,P$1,'単価履歴'!$F:$F,$A15))=0,"", MAXIFS('単価履歴'!$H:$H,'単価履歴'!$E:$E,P$1,'単価履歴'!$F:$F,$A15,'単価履歴'!$O:$O, MAXIFS('単価履歴'!$O:$O,'単価履歴'!$E:$E,P$1,'単価履歴'!$F:$F,$A15))) | Q15: =IF(MAXIFS('単価履歴'!$H:$H,'単価履歴'!$E:$E,Q$1,'単価履歴'!$F:$F,$A15,'単価履歴'!$O:$O, MAXIFS('単価履歴'!$O:$O,'単価履歴'!$E:$E,Q$1,'単価履歴'!$F:$F,$A15))=0,"", MAXIFS('単価履歴'!$H:$H,'単価履歴'!$E:$E,Q$1,'単価履歴'!$F:$F,$A15,'単価履歴'!$O:$O, MAXIFS('単価履歴'!$O:$O,'単価履歴'!$E:$E,Q$1,'単価履歴'!$F:$F,$A15))) | R15: =IF(MAXIFS('単価履歴'!$H:$H,'単価履歴'!$E:$E,R$1,'単価履歴'!$F:$F,$A15,'単価履歴'!$O:$O, MAXIFS('単価履歴'!$O:$O,'単価履歴'!$E:$E,R$1,'単価履歴'!$F:$F,$A15))=0,"", MAXIFS('単価履歴'!$H:$H,'単価履歴'!$E:$E,R$1,'単価履歴'!$F:$F,$A15,'単価履歴'!$O:$O, MAXIFS('単価履歴'!$O:$O,'単価履歴'!$E:$E,R$1,'単価履歴'!$F:$F,$A15))) | S15: =IF(MAXIFS('単価履歴'!$H:$H,'単価履歴'!$E:$E,S$1,'単価履歴'!$F:$F,$A15,'単価履歴'!$O:$O, MAXIFS('単価履歴'!$O:$O,'単価履歴'!$E:$E,S$1,'単価履歴'!$F:$F,$A15))=0,"", MAXIFS('単価履歴'!$H:$H,'単価履歴'!$E:$E,S$1,'単価履歴'!$F:$F,$A15,'単価履歴'!$O:$O, MAXIFS('単価履歴'!$O:$O,'単価履歴'!$E:$E,S$1,'単価履歴'!$F:$F,$A15))) | T15: =IF(MAXIFS('単価履歴'!$H:$H,'単価履歴'!$E:$E,T$1,'単価履歴'!$F:$F,$A15,'単価履歴'!$O:$O, MAXIFS('単価履歴'!$O:$O,'単価履歴'!$E:$E,T$1,'単価履歴'!$F:$F,$A15))=0,"", MAXIFS('単価履歴'!$H:$H,'単価履歴'!$E:$E,T$1,'単価履歴'!$F:$F,$A15,'単価履歴'!$O:$O, MAXIFS('単価履歴'!$O:$O,'単価履歴'!$E:$E,T$1,'単価履歴'!$F:$F,$A15))) | U15: =IF(MAXIFS('単価履歴'!$H:$H,'単価履歴'!$E:$E,U$1,'単価履歴'!$F:$F,$A15,'単価履歴'!$O:$O, MAXIFS('単価履歴'!$O:$O,'単価履歴'!$E:$E,U$1,'単価履歴'!$F:$F,$A15))=0,"", MAXIFS('単価履歴'!$H:$H,'単価履歴'!$E:$E,U$1,'単価履歴'!$F:$F,$A15,'単価履歴'!$O:$O, MAXIFS('単価履歴'!$O:$O,'単価履歴'!$E:$E,U$1,'単価履歴'!$F:$F,$A15))) | V15: =IF(MAXIFS('単価履歴'!$H:$H,'単価履歴'!$E:$E,V$1,'単価履歴'!$F:$F,$A15,'単価履歴'!$O:$O, MAXIFS('単価履歴'!$O:$O,'単価履歴'!$E:$E,V$1,'単価履歴'!$F:$F,$A15))=0,"", MAXIFS('単価履歴'!$H:$H,'単価履歴'!$E:$E,V$1,'単価履歴'!$F:$F,$A15,'単価履歴'!$O:$O, MAXIFS('単価履歴'!$O:$O,'単価履歴'!$E:$E,V$1,'単価履歴'!$F:$F,$A15))) | ... BP15: =IF(MAXIFS('単価履歴'!$H:$H,'単価履歴'!$E:$E,BP$1,'単価履歴'!$F:$F,$A15,'単価履歴'!$O:$O, MAXIFS('単価履歴'!$O:$O,'単価履歴'!$E:$E,BP$1,'単価履歴'!$F:$F,$A15))=0,"", MAXIFS('単価履歴'!$H:$H,'単価履歴'!$E:$E,BP$1,'単価履歴'!$F:$F,$A15,'単価履歴'!$O:$O, MAXIFS('単価履歴'!$O:$O,'単価履歴'!$E:$E,BP$1,'単価履歴'!$F:$F,$A15)))
A16: Ｈ２(特級) | B16: =IF(MAXIFS('単価履歴'!$H:$H,'単価履歴'!$E:$E,B$1,'単価履歴'!$F:$F,$A16,'単価履歴'!$O:$O, MAXIFS('単価履歴'!$O:$O,'単価履歴'!$E:$E,B$1,'単価履歴'!$F:$F,$A16))=0,"", MAXIFS('単価履歴'!$H:$H,'単価履歴'!$E:$E,B$1,'単価履歴'!$F:$F,$A16,'単価履歴'!$O:$O, MAXIFS('単価履歴'!$O:$O,'単価履歴'!$E:$E,B$1,'単価履歴'!$F:$F,$A16))) -> 53 | C16: =IF(MAXIFS('単価履歴'!$H:$H,'単価履歴'!$E:$E,C$1,'単価履歴'!$F:$F,$A16,'単価履歴'!$O:$O, MAXIFS('単価履歴'!$O:$O,'単価履歴'!$E:$E,C$1,'単価履歴'!$F:$F,$A16))=0,"", MAXIFS('単価履歴'!$H:$H,'単価履歴'!$E:$E,C$1,'単価履歴'!$F:$F,$A16,'単価履歴'!$O:$O, MAXIFS('単価履歴'!$O:$O,'単価履歴'!$E:$E,C$1,'単価履歴'!$F:$F,$A16))) -> 52.5 | D16: =IF(MAXIFS('単価履歴'!$H:$H,'単価履歴'!$E:$E,D$1,'単価履歴'!$F:$F,$A16,'単価履歴'!$O:$O, MAXIFS('単価履歴'!$O:$O,'単価履歴'!$E:$E,D$1,'単価履歴'!$F:$F,$A16))=0,"", MAXIFS('単価履歴'!$H:$H,'単価履歴'!$E:$E,D$1,'単価履歴'!$F:$F,$A16,'単価履歴'!$O:$O, MAXIFS('単価履歴'!$O:$O,'単価履歴'!$E:$E,D$1,'単価履歴'!$F:$F,$A16))) -> 49.3 | G16: =IF(MAXIFS('単価履歴'!$H:$H,'単価履歴'!$E:$E,G$1,'単価履歴'!$F:$F,$A16,'単価履歴'!$O:$O, MAXIFS('単価履歴'!$O:$O,'単価履歴'!$E:$E,G$1,'単価履歴'!$F:$F,$A16))=0,"", MAXIFS('単価履歴'!$H:$H,'単価履歴'!$E:$E,G$1,'単価履歴'!$F:$F,$A16,'単価履歴'!$O:$O, MAXIFS('単価履歴'!$O:$O,'単価履歴'!$E:$E,G$1,'単価履歴'!$F:$F,$A16))) -> 54.5 | H16: =IF(MAXIFS('単価履歴'!$H:$H,'単価履歴'!$E:$E,H$1,'単価履歴'!$F:$F,$A16,'単価履歴'!$O:$O, MAXIFS('単価履歴'!$O:$O,'単価履歴'!$E:$E,H$1,'単価履歴'!$F:$F,$A16))=0,"", MAXIFS('単価履歴'!$H:$H,'単価履歴'!$E:$E,H$1,'単価履歴'!$F:$F,$A16,'単価履歴'!$O:$O, MAXIFS('単価履歴'!$O:$O,'単価履歴'!$E:$E,H$1,'単価履歴'!$F:$F,$A16))) -> 53.8 | I16: =IF(MAXIFS('単価履歴'!$H:$H,'単価履歴'!$E:$E,I$1,'単価履歴'!$F:$F,$A16,'単価履歴'!$O:$O, MAXIFS('単価履歴'!$O:$O,'単価履歴'!$E:$E,I$1,'単価履歴'!$F:$F,$A16))=0,"", MAXIFS('単価履歴'!$H:$H,'単価履歴'!$E:$E,I$1,'単価履歴'!$F:$F,$A16,'単価履歴'!$O:$O, MAXIFS('単価履歴'!$O:$O,'単価履歴'!$E:$E,I$1,'単価履歴'!$F:$F,$A16))) -> 2 | J16: =IF(MAXIFS('単価履歴'!$H:$H,'単価履歴'!$E:$E,J$1,'単価履歴'!$F:$F,$A16,'単価履歴'!$O:$O, MAXIFS('単価履歴'!$O:$O,'単価履歴'!$E:$E,J$1,'単価履歴'!$F:$F,$A16))=0,"", MAXIFS('単価履歴'!$H:$H,'単価履歴'!$E:$E,J$1,'単価履歴'!$F:$F,$A16,'単価履歴'!$O:$O, MAXIFS('単価履歴'!$O:$O,'単価履歴'!$E:$E,J$1,'単価履歴'!$F:$F,$A16))) | K16: 41.5 | L16: 25.2 | M16: 40.2 | N16: 33.5 | O16: =IF(MAXIFS('単価履歴'!$H:$H,'単価履歴'!$E:$E,O$1,'単価履歴'!$F:$F,$A16,'単価履歴'!$O:$O, MAXIFS('単価履歴'!$O:$O,'単価履歴'!$E:$E,O$1,'単価履歴'!$F:$F,$A16))=0,"", MAXIFS('単価履歴'!$H:$H,'単価履歴'!$E:$E,O$1,'単価履歴'!$F:$F,$A16,'単価履歴'!$O:$O, MAXIFS('単価履歴'!$O:$O,'単価履歴'!$E:$E,O$1,'単価履歴'!$F:$F,$A16))) -> 56.5 | P16: =IF(MAXIFS('単価履歴'!$H:$H,'単価履歴'!$E:$E,P$1,'単価履歴'!$F:$F,$A16,'単価履歴'!$O:$O, MAXIFS('単価履歴'!$O:$O,'単価履歴'!$E:$E,P$1,'単価履歴'!$F:$F,$A16))=0,"", MAXIFS('単価履歴'!$H:$H,'単価履歴'!$E:$E,P$1,'単価履歴'!$F:$F,$A16,'単価履歴'!$O:$O, MAXIFS('単価履歴'!$O:$O,'単価履歴'!$E:$E,P$1,'単価履歴'!$F:$F,$A16))) | Q16: =IF(MAXIFS('単価履歴'!$H:$H,'単価履歴'!$E:$E,Q$1,'単価履歴'!$F:$F,$A16,'単価履歴'!$O:$O, MAXIFS('単価履歴'!$O:$O,'単価履歴'!$E:$E,Q$1,'単価履歴'!$F:$F,$A16))=0,"", MAXIFS('単価履歴'!$H:$H,'単価履歴'!$E:$E,Q$1,'単価履歴'!$F:$F,$A16,'単価履歴'!$O:$O, MAXIFS('単価履歴'!$O:$O,'単価履歴'!$E:$E,Q$1,'単価履歴'!$F:$F,$A16))) | R16: =IF(MAXIFS('単価履歴'!$H:$H,'単価履歴'!$E:$E,R$1,'単価履歴'!$F:$F,$A16,'単価履歴'!$O:$O, MAXIFS('単価履歴'!$O:$O,'単価履歴'!$E:$E,R$1,'単価履歴'!$F:$F,$A16))=0,"", MAXIFS('単価履歴'!$H:$H,'単価履歴'!$E:$E,R$1,'単価履歴'!$F:$F,$A16,'単価履歴'!$O:$O, MAXIFS('単価履歴'!$O:$O,'単価履歴'!$E:$E,R$1,'単価履歴'!$F:$F,$A16))) | S16: =IF(MAXIFS('単価履歴'!$H:$H,'単価履歴'!$E:$E,S$1,'単価履歴'!$F:$F,$A16,'単価履歴'!$O:$O, MAXIFS('単価履歴'!$O:$O,'単価履歴'!$E:$E,S$1,'単価履歴'!$F:$F,$A16))=0,"", MAXIFS('単価履歴'!$H:$H,'単価履歴'!$E:$E,S$1,'単価履歴'!$F:$F,$A16,'単価履歴'!$O:$O, MAXIFS('単価履歴'!$O:$O,'単価履歴'!$E:$E,S$1,'単価履歴'!$F:$F,$A16))) -> 51 | T16: =IF(MAXIFS('単価履歴'!$H:$H,'単価履歴'!$E:$E,T$1,'単価履歴'!$F:$F,$A16,'単価履歴'!$O:$O, MAXIFS('単価履歴'!$O:$O,'単価履歴'!$E:$E,T$1,'単価履歴'!$F:$F,$A16))=0,"", MAXIFS('単価履歴'!$H:$H,'単価履歴'!$E:$E,T$1,'単価履歴'!$F:$F,$A16,'単価履歴'!$O:$O, MAXIFS('単価履歴'!$O:$O,'単価履歴'!$E:$E,T$1,'単価履歴'!$F:$F,$A16))) | U16: =IF(MAXIFS('単価履歴'!$H:$H,'単価履歴'!$E:$E,U$1,'単価履歴'!$F:$F,$A16,'単価履歴'!$O:$O, MAXIFS('単価履歴'!$O:$O,'単価履歴'!$E:$E,U$1,'単価履歴'!$F:$F,$A16))=0,"", MAXIFS('単価履歴'!$H:$H,'単価履歴'!$E:$E,U$1,'単価履歴'!$F:$F,$A16,'単価履歴'!$O:$O, MAXIFS('単価履歴'!$O:$O,'単価履歴'!$E:$E,U$1,'単価履歴'!$F:$F,$A16))) | V16: 42 | W16: =IF(MAXIFS('単価履歴'!$H:$H,'単価履歴'!$E:$E,W$1,'単価履歴'!$F:$F,$A16,'単価履歴'!$O:$O, MAXIFS('単価履歴'!$O:$O,'単価履歴'!$E:$E,W$1,'単価履歴'!$F:$F,$A16))=0,"", MAXIFS('単価履歴'!$H:$H,'単価履歴'!$E:$E,W$1,'単価履歴'!$F:$F,$A16,'単価履歴'!$O:$O, MAXIFS('単価履歴'!$O:$O,'単価履歴'!$E:$E,W$1,'単価履歴'!$F:$F,$A16))) | X16: =IF(MAXIFS('単価履歴'!$H:$H,'単価履歴'!$E:$E,X$1,'単価履歴'!$F:$F,$A16,'単価履歴'!$O:$O, MAXIFS('単価履歴'!$O:$O,'単価履歴'!$E:$E,X$1,'単価履歴'!$F:$F,$A16))=0,"", MAXIFS('単価履歴'!$H:$H,'単価履歴'!$E:$E,X$1,'単価履歴'!$F:$F,$A16,'単価履歴'!$O:$O, MAXIFS('単価履歴'!$O:$O,'単価履歴'!$E:$E,X$1,'単価履歴'!$F:$F,$A16))) | Y16: =IF(MAXIFS('単価履歴'!$H:$H,'単価履歴'!$E:$E,Y$1,'単価履歴'!$F:$F,$A16,'単価履歴'!$O:$O, MAXIFS('単価履歴'!$O:$O,'単価履歴'!$E:$E,Y$1,'単価履歴'!$F:$F,$A16))=0,"", MAXIFS('単価履歴'!$H:$H,'単価履歴'!$E:$E,Y$1,'単価履歴'!$F:$F,$A16,'単価履歴'!$O:$O, MAXIFS('単価履歴'!$O:$O,'単価履歴'!$E:$E,Y$1,'単価履歴'!$F:$F,$A16))) | Z16: 37.2 | AA16: =IF(MAXIFS('単価履歴'!$H:$H,'単価履歴'!$E:$E,AA$1,'単価履歴'!$F:$F,$A16,'単価履歴'!$O:$O, MAXIFS('単価履歴'!$O:$O,'単価履歴'!$E:$E,AA$1,'単価履歴'!$F:$F,$A16))=0,"", MAXIFS('単価履歴'!$H:$H,'単価履歴'!$E:$E,AA$1,'単価履歴'!$F:$F,$A16,'単価履歴'!$O:$O, MAXIFS('単価履歴'!$O:$O,'単価履歴'!$E:$E,AA$1,'単価履歴'!$F:$F,$A16))) | AB16: =IF(MAXIFS('単価履歴'!$H:$H,'単価履歴'!$E:$E,AB$1,'単価履歴'!$F:$F,$A16,'単価履歴'!$O:$O, MAXIFS('単価履歴'!$O:$O,'単価履歴'!$E:$E,AB$1,'単価履歴'!$F:$F,$A16))=0,"", MAXIFS('単価履歴'!$H:$H,'単価履歴'!$E:$E,AB$1,'単価履歴'!$F:$F,$A16,'単価履歴'!$O:$O, MAXIFS('単価履歴'!$O:$O,'単価履歴'!$E:$E,AB$1,'単価履歴'!$F:$F,$A16))) | AC16: =IF(MAXIFS('単価履歴'!$H:$H,'単価履歴'!$E:$E,AC$1,'単価履歴'!$F:$F,$A16,'単価履歴'!$O:$O, MAXIFS('単価履歴'!$O:$O,'単価履歴'!$E:$E,AC$1,'単価履歴'!$F:$F,$A16))=0,"", MAXIFS('単価履歴'!$H:$H,'単価履歴'!$E:$E,AC$1,'単価履歴'!$F:$F,$A16,'単価履歴'!$O:$O, MAXIFS('単価履歴'!$O:$O,'単価履歴'!$E:$E,AC$1,'単価履歴'!$F:$F,$A16))) | AD16: =IF(MAXIFS('単価履歴'!$H:$H,'単価履歴'!$E:$E,AD$1,'単価履歴'!$F:$F,$A16,'単価履歴'!$O:$O, MAXIFS('単価履歴'!$O:$O,'単価履歴'!$E:$E,AD$1,'単価履歴'!$F:$F,$A16))=0,"", MAXIFS('単価履歴'!$H:$H,'単価履歴'!$E:$E,AD$1,'単価履歴'!$F:$F,$A16,'単価履歴'!$O:$O, MAXIFS('単価履歴'!$O:$O,'単価履歴'!$E:$E,AD$1,'単価履歴'!$F:$F,$A16))) | AE16: =IF(MAXIFS('単価履歴'!$H:$H,'単価履歴'!$E:$E,AE$1,'単価履歴'!$F:$F,$A16,'単価履歴'!$O:$O, MAXIFS('単価履歴'!$O:$O,'単価履歴'!$E:$E,AE$1,'単価履歴'!$F:$F,$A16))=0,"", MAXIFS('単価履歴'!$H:$H,'単価履歴'!$E:$E,AE$1,'単価履歴'!$F:$F,$A16,'単価履歴'!$O:$O, MAXIFS('単価履歴'!$O:$O,'単価履歴'!$E:$E,AE$1,'単価履歴'!$F:$F,$A16))) | AF16: =IF(MAXIFS('単価履歴'!$H:$H,'単価履歴'!$E:$E,AF$1,'単価履歴'!$F:$F,$A16,'単価履歴'!$O:$O, MAXIFS('単価履歴'!$O:$O,'単価履歴'!$E:$E,AF$1,'単価履歴'!$F:$F,$A16))=0,"", MAXIFS('単価履歴'!$H:$H,'単価履歴'!$E:$E,AF$1,'単価履歴'!$F:$F,$A16,'単価履歴'!$O:$O, MAXIFS('単価履歴'!$O:$O,'単価履歴'!$E:$E,AF$1,'単価履歴'!$F:$F,$A16))) | AG16: =IF(MAXIFS('単価履歴'!$H:$H,'単価履歴'!$E:$E,AG$1,'単価履歴'!$F:$F,$A16,'単価履歴'!$O:$O, MAXIFS('単価履歴'!$O:$O,'単価履歴'!$E:$E,AG$1,'単価履歴'!$F:$F,$A16))=0,"", MAXIFS('単価履歴'!$H:$H,'単価履歴'!$E:$E,AG$1,'単価履歴'!$F:$F,$A16,'単価履歴'!$O:$O, MAXIFS('単価履歴'!$O:$O,'単価履歴'!$E:$E,AG$1,'単価履歴'!$F:$F,$A16))) -> 53 | AH16: =IF(MAXIFS('単価履歴'!$H:$H,'単価履歴'!$E:$E,AH$1,'単価履歴'!$F:$F,$A16,'単価履歴'!$O:$O, MAXIFS('単価履歴'!$O:$O,'単価履歴'!$E:$E,AH$1,'単価履歴'!$F:$F,$A16))=0,"", MAXIFS('単価履歴'!$H:$H,'単価履歴'!$E:$E,AH$1,'単価履歴'!$F:$F,$A16,'単価履歴'!$O:$O, MAXIFS('単価履歴'!$O:$O,'単価履歴'!$E:$E,AH$1,'単価履歴'!$F:$F,$A16))) -> 54.6 | ... AR16: =IF(MAXIFS('単価履歴'!$H:$H,'単価履歴'!$E:$E,AR$1,'単価履歴'!$F:$F,$A16,'単価履歴'!$O:$O, MAXIFS('単価履歴'!$O:$O,'単価履歴'!$E:$E,AR$1,'単価履歴'!$F:$F,$A16))=0,"", MAXIFS('単価履歴'!$H:$H,'単価履歴'!$E:$E,AR$1,'単価履歴'!$F:$F,$A16,'単価履歴'!$O:$O, MAXIFS('単価履歴'!$O:$O,'単価履歴'!$E:$E,AR$1,'単価履歴'!$F:$F,$A16))) -> 50.5 | AT16: 39.2 | AU16: =IF(MAXIFS('単価履歴'!$H:$H,'単価履歴'!$E:$E,AU$1,'単価履歴'!$F:$F,$A16,'単価履歴'!$O:$O, MAXIFS('単価履歴'!$O:$O,'単価履歴'!$E:$E,AU$1,'単価履歴'!$F:$F,$A16))=0,"", MAXIFS('単価履歴'!$H:$H,'単価履歴'!$E:$E,AU$1,'単価履歴'!$F:$F,$A16,'単価履歴'!$O:$O, MAXIFS('単価履歴'!$O:$O,'単価履歴'!$E:$E,AU$1,'単価履歴'!$F:$F,$A16))) -> 49.9 | AV16: =IF(MAXIFS('単価履歴'!$H:$H,'単価履歴'!$E:$E,AV$1,'単価履歴'!$F:$F,$A16,'単価履歴'!$O:$O, MAXIFS('単価履歴'!$O:$O,'単価履歴'!$E:$E,AV$1,'単価履歴'!$F:$F,$A16))=0,"", MAXIFS('単価履歴'!$H:$H,'単価履歴'!$E:$E,AV$1,'単価履歴'!$F:$F,$A16,'単価履歴'!$O:$O, MAXIFS('単価履歴'!$O:$O,'単価履歴'!$E:$E,AV$1,'単価履歴'!$F:$F,$A16))) -> 50.7 | AW16: =IF(MAXIFS('単価履歴'!$H:$H,'単価履歴'!$E:$E,AW$1,'単価履歴'!$F:$F,$A16,'単価履歴'!$O:$O, MAXIFS('単価履歴'!$O:$O,'単価履歴'!$E:$E,AW$1,'単価履歴'!$F:$F,$A16))=0,"", MAXIFS('単価履歴'!$H:$H,'単価履歴'!$E:$E,AW$1,'単価履歴'!$F:$F,$A16,'単価履歴'!$O:$O, MAXIFS('単価履歴'!$O:$O,'単価履歴'!$E:$E,AW$1,'単価履歴'!$F:$F,$A16))) | AX16: =IF(MAXIFS('単価履歴'!$H:$H,'単価履歴'!$E:$E,AX$1,'単価履歴'!$F:$F,$A16,'単価履歴'!$O:$O, MAXIFS('単価履歴'!$O:$O,'単価履歴'!$E:$E,AX$1,'単価履歴'!$F:$F,$A16))=0,"", MAXIFS('単価履歴'!$H:$H,'単価履歴'!$E:$E,AX$1,'単価履歴'!$F:$F,$A16,'単価履歴'!$O:$O, MAXIFS('単価履歴'!$O:$O,'単価履歴'!$E:$E,AX$1,'単価履歴'!$F:$F,$A16))) -> 47 | AY16: =IF(MAXIFS('単価履歴'!$H:$H,'単価履歴'!$E:$E,AY$1,'単価履歴'!$F:$F,$A16,'単価履歴'!$O:$O, MAXIFS('単価履歴'!$O:$O,'単価履歴'!$E:$E,AY$1,'単価履歴'!$F:$F,$A16))=0,"", MAXIFS('単価履歴'!$H:$H,'単価履歴'!$E:$E,AY$1,'単価履歴'!$F:$F,$A16,'単価履歴'!$O:$O, MAXIFS('単価履歴'!$O:$O,'単価履歴'!$E:$E,AY$1,'単価履歴'!$F:$F,$A16))) | AZ16: =IF(MAXIFS('単価履歴'!$H:$H,'単価履歴'!$E:$E,AZ$1,'単価履歴'!$F:$F,$A16,'単価履歴'!$O:$O, MAXIFS('単価履歴'!$O:$O,'単価履歴'!$E:$E,AZ$1,'単価履歴'!$F:$F,$A16))=0,"", MAXIFS('単価履歴'!$H:$H,'単価履歴'!$E:$E,AZ$1,'単価履歴'!$F:$F,$A16,'単価履歴'!$O:$O, MAXIFS('単価履歴'!$O:$O,'単価履歴'!$E:$E,AZ$1,'単価履歴'!$F:$F,$A16))) | BA16: =IF(MAXIFS('単価履歴'!$H:$H,'単価履歴'!$E:$E,BA$1,'単価履歴'!$F:$F,$A16,'単価履歴'!$O:$O, MAXIFS('単価履歴'!$O:$O,'単価履歴'!$E:$E,BA$1,'単価履歴'!$F:$F,$A16))=0,"", MAXIFS('単価履歴'!$H:$H,'単価履歴'!$E:$E,BA$1,'単価履歴'!$F:$F,$A16,'単価履歴'!$O:$O, MAXIFS('単価履歴'!$O:$O,'単価履歴'!$E:$E,BA$1,'単価履歴'!$F:$F,$A16))) | BB16: =IF(MAXIFS('単価履歴'!$H:$H,'単価履歴'!$E:$E,BB$1,'単価履歴'!$F:$F,$A16,'単価履歴'!$O:$O, MAXIFS('単価履歴'!$O:$O,'単価履歴'!$E:$E,BB$1,'単価履歴'!$F:$F,$A16))=0,"", MAXIFS('単価履歴'!$H:$H,'単価履歴'!$E:$E,BB$1,'単価履歴'!$F:$F,$A16,'単価履歴'!$O:$O, MAXIFS('単価履歴'!$O:$O,'単価履歴'!$E:$E,BB$1,'単価履歴'!$F:$F,$A16))) -> 52 | ... BP16: =IF(MAXIFS('単価履歴'!$H:$H,'単価履歴'!$E:$E,BP$1,'単価履歴'!$F:$F,$A16,'単価履歴'!$O:$O, MAXIFS('単価履歴'!$O:$O,'単価履歴'!$E:$E,BP$1,'単価履歴'!$F:$F,$A16))=0,"", MAXIFS('単価履歴'!$H:$H,'単価履歴'!$E:$E,BP$1,'単価履歴'!$F:$F,$A16,'単価履歴'!$O:$O, MAXIFS('単価履歴'!$O:$O,'単価履歴'!$E:$E,BP$1,'単価履歴'!$F:$F,$A16)))
A17: Ｈ３(1級) | B17: =IF(MAXIFS('単価履歴'!$H:$H,'単価履歴'!$E:$E,B$1,'単価履歴'!$F:$F,$A17,'単価履歴'!$O:$O, MAXIFS('単価履歴'!$O:$O,'単価履歴'!$E:$E,B$1,'単価履歴'!$F:$F,$A17))=0,"", MAXIFS('単価履歴'!$H:$H,'単価履歴'!$E:$E,B$1,'単価履歴'!$F:$F,$A17,'単価履歴'!$O:$O, MAXIFS('単価履歴'!$O:$O,'単価履歴'!$E:$E,B$1,'単価履歴'!$F:$F,$A17))) -> 53 | C17: =IF(MAXIFS('単価履歴'!$H:$H,'単価履歴'!$E:$E,C$1,'単価履歴'!$F:$F,$A17,'単価履歴'!$O:$O, MAXIFS('単価履歴'!$O:$O,'単価履歴'!$E:$E,C$1,'単価履歴'!$F:$F,$A17))=0,"", MAXIFS('単価履歴'!$H:$H,'単価履歴'!$E:$E,C$1,'単価履歴'!$F:$F,$A17,'単価履歴'!$O:$O, MAXIFS('単価履歴'!$O:$O,'単価履歴'!$E:$E,C$1,'単価履歴'!$F:$F,$A17))) -> 51.5 | D17: =IF(MAXIFS('単価履歴'!$H:$H,'単価履歴'!$E:$E,D$1,'単価履歴'!$F:$F,$A17,'単価履歴'!$O:$O, MAXIFS('単価履歴'!$O:$O,'単価履歴'!$E:$E,D$1,'単価履歴'!$F:$F,$A17))=0,"", MAXIFS('単価履歴'!$H:$H,'単価履歴'!$E:$E,D$1,'単価履歴'!$F:$F,$A17,'単価履歴'!$O:$O, MAXIFS('単価履歴'!$O:$O,'単価履歴'!$E:$E,D$1,'単価履歴'!$F:$F,$A17))) -> 45.3 | G17: =IF(MAXIFS('単価履歴'!$H:$H,'単価履歴'!$E:$E,G$1,'単価履歴'!$F:$F,$A17,'単価履歴'!$O:$O, MAXIFS('単価履歴'!$O:$O,'単価履歴'!$E:$E,G$1,'単価履歴'!$F:$F,$A17))=0,"", MAXIFS('単価履歴'!$H:$H,'単価履歴'!$E:$E,G$1,'単価履歴'!$F:$F,$A17,'単価履歴'!$O:$O, MAXIFS('単価履歴'!$O:$O,'単価履歴'!$E:$E,G$1,'単価履歴'!$F:$F,$A17))) -> 54 | H17: =IF(MAXIFS('単価履歴'!$H:$H,'単価履歴'!$E:$E,H$1,'単価履歴'!$F:$F,$A17,'単価履歴'!$O:$O, MAXIFS('単価履歴'!$O:$O,'単価履歴'!$E:$E,H$1,'単価履歴'!$F:$F,$A17))=0,"", MAXIFS('単価履歴'!$H:$H,'単価履歴'!$E:$E,H$1,'単価履歴'!$F:$F,$A17,'単価履歴'!$O:$O, MAXIFS('単価履歴'!$O:$O,'単価履歴'!$E:$E,H$1,'単価履歴'!$F:$F,$A17))) -> 53.3 | I17: =IF(MAXIFS('単価履歴'!$H:$H,'単価履歴'!$E:$E,I$1,'単価履歴'!$F:$F,$A17,'単価履歴'!$O:$O, MAXIFS('単価履歴'!$O:$O,'単価履歴'!$E:$E,I$1,'単価履歴'!$F:$F,$A17))=0,"", MAXIFS('単価履歴'!$H:$H,'単価履歴'!$E:$E,I$1,'単価履歴'!$F:$F,$A17,'単価履歴'!$O:$O, MAXIFS('単価履歴'!$O:$O,'単価履歴'!$E:$E,I$1,'単価履歴'!$F:$F,$A17))) -> 2 | J17: =IF(MAXIFS('単価履歴'!$H:$H,'単価履歴'!$E:$E,J$1,'単価履歴'!$F:$F,$A17,'単価履歴'!$O:$O, MAXIFS('単価履歴'!$O:$O,'単価履歴'!$E:$E,J$1,'単価履歴'!$F:$F,$A17))=0,"", MAXIFS('単価履歴'!$H:$H,'単価履歴'!$E:$E,J$1,'単価履歴'!$F:$F,$A17,'単価履歴'!$O:$O, MAXIFS('単価履歴'!$O:$O,'単価履歴'!$E:$E,J$1,'単価履歴'!$F:$F,$A17))) | K17: 41 | L17: 24.2 | N17: 32.5 | O17: =IF(MAXIFS('単価履歴'!$H:$H,'単価履歴'!$E:$E,O$1,'単価履歴'!$F:$F,$A17,'単価履歴'!$O:$O, MAXIFS('単価履歴'!$O:$O,'単価履歴'!$E:$E,O$1,'単価履歴'!$F:$F,$A17))=0,"", MAXIFS('単価履歴'!$H:$H,'単価履歴'!$E:$E,O$1,'単価履歴'!$F:$F,$A17,'単価履歴'!$O:$O, MAXIFS('単価履歴'!$O:$O,'単価履歴'!$E:$E,O$1,'単価履歴'!$F:$F,$A17))) -> 54.5 | P17: =IF(MAXIFS('単価履歴'!$H:$H,'単価履歴'!$E:$E,P$1,'単価履歴'!$F:$F,$A17,'単価履歴'!$O:$O, MAXIFS('単価履歴'!$O:$O,'単価履歴'!$E:$E,P$1,'単価履歴'!$F:$F,$A17))=0,"", MAXIFS('単価履歴'!$H:$H,'単価履歴'!$E:$E,P$1,'単価履歴'!$F:$F,$A17,'単価履歴'!$O:$O, MAXIFS('単価履歴'!$O:$O,'単価履歴'!$E:$E,P$1,'単価履歴'!$F:$F,$A17))) | Q17: =IF(MAXIFS('単価履歴'!$H:$H,'単価履歴'!$E:$E,Q$1,'単価履歴'!$F:$F,$A17,'単価履歴'!$O:$O, MAXIFS('単価履歴'!$O:$O,'単価履歴'!$E:$E,Q$1,'単価履歴'!$F:$F,$A17))=0,"", MAXIFS('単価履歴'!$H:$H,'単価履歴'!$E:$E,Q$1,'単価履歴'!$F:$F,$A17,'単価履歴'!$O:$O, MAXIFS('単価履歴'!$O:$O,'単価履歴'!$E:$E,Q$1,'単価履歴'!$F:$F,$A17))) | R17: =IF(MAXIFS('単価履歴'!$H:$H,'単価履歴'!$E:$E,R$1,'単価履歴'!$F:$F,$A17,'単価履歴'!$O:$O, MAXIFS('単価履歴'!$O:$O,'単価履歴'!$E:$E,R$1,'単価履歴'!$F:$F,$A17))=0,"", MAXIFS('単価履歴'!$H:$H,'単価履歴'!$E:$E,R$1,'単価履歴'!$F:$F,$A17,'単価履歴'!$O:$O, MAXIFS('単価履歴'!$O:$O,'単価履歴'!$E:$E,R$1,'単価履歴'!$F:$F,$A17))) | S17: =IF(MAXIFS('単価履歴'!$H:$H,'単価履歴'!$E:$E,S$1,'単価履歴'!$F:$F,$A17,'単価履歴'!$O:$O, MAXIFS('単価履歴'!$O:$O,'単価履歴'!$E:$E,S$1,'単価履歴'!$F:$F,$A17))=0,"", MAXIFS('単価履歴'!$H:$H,'単価履歴'!$E:$E,S$1,'単価履歴'!$F:$F,$A17,'単価履歴'!$O:$O, MAXIFS('単価履歴'!$O:$O,'単価履歴'!$E:$E,S$1,'単価履歴'!$F:$F,$A17))) -> 51 | T17: =IF(MAXIFS('単価履歴'!$H:$H,'単価履歴'!$E:$E,T$1,'単価履歴'!$F:$F,$A17,'単価履歴'!$O:$O, MAXIFS('単価履歴'!$O:$O,'単価履歴'!$E:$E,T$1,'単価履歴'!$F:$F,$A17))=0,"", MAXIFS('単価履歴'!$H:$H,'単価履歴'!$E:$E,T$1,'単価履歴'!$F:$F,$A17,'単価履歴'!$O:$O, MAXIFS('単価履歴'!$O:$O,'単価履歴'!$E:$E,T$1,'単価履歴'!$F:$F,$A17))) | U17: =IF(MAXIFS('単価履歴'!$H:$H,'単価履歴'!$E:$E,U$1,'単価履歴'!$F:$F,$A17,'単価履歴'!$O:$O, MAXIFS('単価履歴'!$O:$O,'単価履歴'!$E:$E,U$1,'単価履歴'!$F:$F,$A17))=0,"", MAXIFS('単価履歴'!$H:$H,'単価履歴'!$E:$E,U$1,'単価履歴'!$F:$F,$A17,'単価履歴'!$O:$O, MAXIFS('単価履歴'!$O:$O,'単価履歴'!$E:$E,U$1,'単価履歴'!$F:$F,$A17))) | V17: =IF(MAXIFS('単価履歴'!$H:$H,'単価履歴'!$E:$E,V$1,'単価履歴'!$F:$F,$A17,'単価履歴'!$O:$O, MAXIFS('単価履歴'!$O:$O,'単価履歴'!$E:$E,V$1,'単価履歴'!$F:$F,$A17))=0,"", MAXIFS('単価履歴'!$H:$H,'単価履歴'!$E:$E,V$1,'単価履歴'!$F:$F,$A17,'単価履歴'!$O:$O, MAXIFS('単価履歴'!$O:$O,'単価履歴'!$E:$E,V$1,'単価履歴'!$F:$F,$A17))) -> 40 | ... AR17: =IF(MAXIFS('単価履歴'!$H:$H,'単価履歴'!$E:$E,AR$1,'単価履歴'!$F:$F,$A17,'単価履歴'!$O:$O, MAXIFS('単価履歴'!$O:$O,'単価履歴'!$E:$E,AR$1,'単価履歴'!$F:$F,$A17))=0,"", MAXIFS('単価履歴'!$H:$H,'単価履歴'!$E:$E,AR$1,'単価履歴'!$F:$F,$A17,'単価履歴'!$O:$O, MAXIFS('単価履歴'!$O:$O,'単価履歴'!$E:$E,AR$1,'単価履歴'!$F:$F,$A17))) -> 49.5 | AT17: =IF(MAXIFS('単価履歴'!$H:$H,'単価履歴'!$E:$E,AT$1,'単価履歴'!$F:$F,$A17,'単価履歴'!$O:$O, MAXIFS('単価履歴'!$O:$O,'単価履歴'!$E:$E,AT$1,'単価履歴'!$F:$F,$A17))=0,"", MAXIFS('単価履歴'!$H:$H,'単価履歴'!$E:$E,AT$1,'単価履歴'!$F:$F,$A17,'単価履歴'!$O:$O, MAXIFS('単価履歴'!$O:$O,'単価履歴'!$E:$E,AT$1,'単価履歴'!$F:$F,$A17))) | AU17: =IF(MAXIFS('単価履歴'!$H:$H,'単価履歴'!$E:$E,AU$1,'単価履歴'!$F:$F,$A17,'単価履歴'!$O:$O, MAXIFS('単価履歴'!$O:$O,'単価履歴'!$E:$E,AU$1,'単価履歴'!$F:$F,$A17))=0,"", MAXIFS('単価履歴'!$H:$H,'単価履歴'!$E:$E,AU$1,'単価履歴'!$F:$F,$A17,'単価履歴'!$O:$O, MAXIFS('単価履歴'!$O:$O,'単価履歴'!$E:$E,AU$1,'単価履歴'!$F:$F,$A17))) | AV17: =IF(MAXIFS('単価履歴'!$H:$H,'単価履歴'!$E:$E,AV$1,'単価履歴'!$F:$F,$A17,'単価履歴'!$O:$O, MAXIFS('単価履歴'!$O:$O,'単価履歴'!$E:$E,AV$1,'単価履歴'!$F:$F,$A17))=0,"", MAXIFS('単価履歴'!$H:$H,'単価履歴'!$E:$E,AV$1,'単価履歴'!$F:$F,$A17,'単価履歴'!$O:$O, MAXIFS('単価履歴'!$O:$O,'単価履歴'!$E:$E,AV$1,'単価履歴'!$F:$F,$A17))) | AW17: =IF(MAXIFS('単価履歴'!$H:$H,'単価履歴'!$E:$E,AW$1,'単価履歴'!$F:$F,$A17,'単価履歴'!$O:$O, MAXIFS('単価履歴'!$O:$O,'単価履歴'!$E:$E,AW$1,'単価履歴'!$F:$F,$A17))=0,"", MAXIFS('単価履歴'!$H:$H,'単価履歴'!$E:$E,AW$1,'単価履歴'!$F:$F,$A17,'単価履歴'!$O:$O, MAXIFS('単価履歴'!$O:$O,'単価履歴'!$E:$E,AW$1,'単価履歴'!$F:$F,$A17))) | AX17: =IF(MAXIFS('単価履歴'!$H:$H,'単価履歴'!$E:$E,AX$1,'単価履歴'!$F:$F,$A17,'単価履歴'!$O:$O, MAXIFS('単価履歴'!$O:$O,'単価履歴'!$E:$E,AX$1,'単価履歴'!$F:$F,$A17))=0,"", MAXIFS('単価履歴'!$H:$H,'単価履歴'!$E:$E,AX$1,'単価履歴'!$F:$F,$A17,'単価履歴'!$O:$O, MAXIFS('単価履歴'!$O:$O,'単価履歴'!$E:$E,AX$1,'単価履歴'!$F:$F,$A17))) | AY17: =IF(MAXIFS('単価履歴'!$H:$H,'単価履歴'!$E:$E,AY$1,'単価履歴'!$F:$F,$A17,'単価履歴'!$O:$O, MAXIFS('単価履歴'!$O:$O,'単価履歴'!$E:$E,AY$1,'単価履歴'!$F:$F,$A17))=0,"", MAXIFS('単価履歴'!$H:$H,'単価履歴'!$E:$E,AY$1,'単価履歴'!$F:$F,$A17,'単価履歴'!$O:$O, MAXIFS('単価履歴'!$O:$O,'単価履歴'!$E:$E,AY$1,'単価履歴'!$F:$F,$A17))) | AZ17: =IF(MAXIFS('単価履歴'!$H:$H,'単価履歴'!$E:$E,AZ$1,'単価履歴'!$F:$F,$A17,'単価履歴'!$O:$O, MAXIFS('単価履歴'!$O:$O,'単価履歴'!$E:$E,AZ$1,'単価履歴'!$F:$F,$A17))=0,"", MAXIFS('単価履歴'!$H:$H,'単価履歴'!$E:$E,AZ$1,'単価履歴'!$F:$F,$A17,'単価履歴'!$O:$O, MAXIFS('単価履歴'!$O:$O,'単価履歴'!$E:$E,AZ$1,'単価履歴'!$F:$F,$A17))) | BA17: =IF(MAXIFS('単価履歴'!$H:$H,'単価履歴'!$E:$E,BA$1,'単価履歴'!$F:$F,$A17,'単価履歴'!$O:$O, MAXIFS('単価履歴'!$O:$O,'単価履歴'!$E:$E,BA$1,'単価履歴'!$F:$F,$A17))=0,"", MAXIFS('単価履歴'!$H:$H,'単価履歴'!$E:$E,BA$1,'単価履歴'!$F:$F,$A17,'単価履歴'!$O:$O, MAXIFS('単価履歴'!$O:$O,'単価履歴'!$E:$E,BA$1,'単価履歴'!$F:$F,$A17))) | ... BP17: =IF(MAXIFS('単価履歴'!$H:$H,'単価履歴'!$E:$E,BP$1,'単価履歴'!$F:$F,$A17,'単価履歴'!$O:$O, MAXIFS('単価履歴'!$O:$O,'単価履歴'!$E:$E,BP$1,'単価履歴'!$F:$F,$A17))=0,"", MAXIFS('単価履歴'!$H:$H,'単価履歴'!$E:$E,BP$1,'単価履歴'!$F:$F,$A17,'単価履歴'!$O:$O, MAXIFS('単価履歴'!$O:$O,'単価履歴'!$E:$E,BP$1,'単価履歴'!$F:$F,$A17)))
A18: Ｌ１(2級) | B18: =IF(MAXIFS('単価履歴'!$H:$H,'単価履歴'!$E:$E,B$1,'単価履歴'!$F:$F,$A18,'単価履歴'!$O:$O, MAXIFS('単価履歴'!$O:$O,'単価履歴'!$E:$E,B$1,'単価履歴'!$F:$F,$A18))=0,"", MAXIFS('単価履歴'!$H:$H,'単価履歴'!$E:$E,B$1,'単価履歴'!$F:$F,$A18,'単価履歴'!$O:$O, MAXIFS('単価履歴'!$O:$O,'単価履歴'!$E:$E,B$1,'単価履歴'!$F:$F,$A18))) -> 52.5 | C18: =IF(MAXIFS('単価履歴'!$H:$H,'単価履歴'!$E:$E,C$1,'単価履歴'!$F:$F,$A18,'単価履歴'!$O:$O, MAXIFS('単価履歴'!$O:$O,'単価履歴'!$E:$E,C$1,'単価履歴'!$F:$F,$A18))=0,"", MAXIFS('単価履歴'!$H:$H,'単価履歴'!$E:$E,C$1,'単価履歴'!$F:$F,$A18,'単価履歴'!$O:$O, MAXIFS('単価履歴'!$O:$O,'単価履歴'!$E:$E,C$1,'単価履歴'!$F:$F,$A18))) -> 51 | D18: =IF(MAXIFS('単価履歴'!$H:$H,'単価履歴'!$E:$E,D$1,'単価履歴'!$F:$F,$A18,'単価履歴'!$O:$O, MAXIFS('単価履歴'!$O:$O,'単価履歴'!$E:$E,D$1,'単価履歴'!$F:$F,$A18))=0,"", MAXIFS('単価履歴'!$H:$H,'単価履歴'!$E:$E,D$1,'単価履歴'!$F:$F,$A18,'単価履歴'!$O:$O, MAXIFS('単価履歴'!$O:$O,'単価履歴'!$E:$E,D$1,'単価履歴'!$F:$F,$A18))) -> 38.8 | G18: =IF(MAXIFS('単価履歴'!$H:$H,'単価履歴'!$E:$E,G$1,'単価履歴'!$F:$F,$A18,'単価履歴'!$O:$O, MAXIFS('単価履歴'!$O:$O,'単価履歴'!$E:$E,G$1,'単価履歴'!$F:$F,$A18))=0,"", MAXIFS('単価履歴'!$H:$H,'単価履歴'!$E:$E,G$1,'単価履歴'!$F:$F,$A18,'単価履歴'!$O:$O, MAXIFS('単価履歴'!$O:$O,'単価履歴'!$E:$E,G$1,'単価履歴'!$F:$F,$A18))) -> 53.5 | H18: =IF(MAXIFS('単価履歴'!$H:$H,'単価履歴'!$E:$E,H$1,'単価履歴'!$F:$F,$A18,'単価履歴'!$O:$O, MAXIFS('単価履歴'!$O:$O,'単価履歴'!$E:$E,H$1,'単価履歴'!$F:$F,$A18))=0,"", MAXIFS('単価履歴'!$H:$H,'単価履歴'!$E:$E,H$1,'単価履歴'!$F:$F,$A18,'単価履歴'!$O:$O, MAXIFS('単価履歴'!$O:$O,'単価履歴'!$E:$E,H$1,'単価履歴'!$F:$F,$A18))) -> 52.3 | I18: =IF(MAXIFS('単価履歴'!$H:$H,'単価履歴'!$E:$E,I$1,'単価履歴'!$F:$F,$A18,'単価履歴'!$O:$O, MAXIFS('単価履歴'!$O:$O,'単価履歴'!$E:$E,I$1,'単価履歴'!$F:$F,$A18))=0,"", MAXIFS('単価履歴'!$H:$H,'単価履歴'!$E:$E,I$1,'単価履歴'!$F:$F,$A18,'単価履歴'!$O:$O, MAXIFS('単価履歴'!$O:$O,'単価履歴'!$E:$E,I$1,'単価履歴'!$F:$F,$A18))) -> 2 | J18: =IF(MAXIFS('単価履歴'!$H:$H,'単価履歴'!$E:$E,J$1,'単価履歴'!$F:$F,$A18,'単価履歴'!$O:$O, MAXIFS('単価履歴'!$O:$O,'単価履歴'!$E:$E,J$1,'単価履歴'!$F:$F,$A18))=0,"", MAXIFS('単価履歴'!$H:$H,'単価履歴'!$E:$E,J$1,'単価履歴'!$F:$F,$A18,'単価履歴'!$O:$O, MAXIFS('単価履歴'!$O:$O,'単価履歴'!$E:$E,J$1,'単価履歴'!$F:$F,$A18))) | K18: 40.5 | L18: =IF(MAXIFS('単価履歴'!$H:$H,'単価履歴'!$E:$E,L$1,'単価履歴'!$F:$F,$A18,'単価履歴'!$O:$O, MAXIFS('単価履歴'!$O:$O,'単価履歴'!$E:$E,L$1,'単価履歴'!$F:$F,$A18))=0,"", MAXIFS('単価履歴'!$H:$H,'単価履歴'!$E:$E,L$1,'単価履歴'!$F:$F,$A18,'単価履歴'!$O:$O, MAXIFS('単価履歴'!$O:$O,'単価履歴'!$E:$E,L$1,'単価履歴'!$F:$F,$A18))) -> 32.7 | N18: 31.5 | O18: =IF(MAXIFS('単価履歴'!$H:$H,'単価履歴'!$E:$E,O$1,'単価履歴'!$F:$F,$A18,'単価履歴'!$O:$O, MAXIFS('単価履歴'!$O:$O,'単価履歴'!$E:$E,O$1,'単価履歴'!$F:$F,$A18))=0,"", MAXIFS('単価履歴'!$H:$H,'単価履歴'!$E:$E,O$1,'単価履歴'!$F:$F,$A18,'単価履歴'!$O:$O, MAXIFS('単価履歴'!$O:$O,'単価履歴'!$E:$E,O$1,'単価履歴'!$F:$F,$A18))) -> 50 | P18: =IF(MAXIFS('単価履歴'!$H:$H,'単価履歴'!$E:$E,P$1,'単価履歴'!$F:$F,$A18,'単価履歴'!$O:$O, MAXIFS('単価履歴'!$O:$O,'単価履歴'!$E:$E,P$1,'単価履歴'!$F:$F,$A18))=0,"", MAXIFS('単価履歴'!$H:$H,'単価履歴'!$E:$E,P$1,'単価履歴'!$F:$F,$A18,'単価履歴'!$O:$O, MAXIFS('単価履歴'!$O:$O,'単価履歴'!$E:$E,P$1,'単価履歴'!$F:$F,$A18))) | Q18: =IF(MAXIFS('単価履歴'!$H:$H,'単価履歴'!$E:$E,Q$1,'単価履歴'!$F:$F,$A18,'単価履歴'!$O:$O, MAXIFS('単価履歴'!$O:$O,'単価履歴'!$E:$E,Q$1,'単価履歴'!$F:$F,$A18))=0,"", MAXIFS('単価履歴'!$H:$H,'単価履歴'!$E:$E,Q$1,'単価履歴'!$F:$F,$A18,'単価履歴'!$O:$O, MAXIFS('単価履歴'!$O:$O,'単価履歴'!$E:$E,Q$1,'単価履歴'!$F:$F,$A18))) | R18: =IF(MAXIFS('単価履歴'!$H:$H,'単価履歴'!$E:$E,R$1,'単価履歴'!$F:$F,$A18,'単価履歴'!$O:$O, MAXIFS('単価履歴'!$O:$O,'単価履歴'!$E:$E,R$1,'単価履歴'!$F:$F,$A18))=0,"", MAXIFS('単価履歴'!$H:$H,'単価履歴'!$E:$E,R$1,'単価履歴'!$F:$F,$A18,'単価履歴'!$O:$O, MAXIFS('単価履歴'!$O:$O,'単価履歴'!$E:$E,R$1,'単価履歴'!$F:$F,$A18))) | S18: =IF(MAXIFS('単価履歴'!$H:$H,'単価履歴'!$E:$E,S$1,'単価履歴'!$F:$F,$A18,'単価履歴'!$O:$O, MAXIFS('単価履歴'!$O:$O,'単価履歴'!$E:$E,S$1,'単価履歴'!$F:$F,$A18))=0,"", MAXIFS('単価履歴'!$H:$H,'単価履歴'!$E:$E,S$1,'単価履歴'!$F:$F,$A18,'単価履歴'!$O:$O, MAXIFS('単価履歴'!$O:$O,'単価履歴'!$E:$E,S$1,'単価履歴'!$F:$F,$A18))) -> 51 | T18: =IF(MAXIFS('単価履歴'!$H:$H,'単価履歴'!$E:$E,T$1,'単価履歴'!$F:$F,$A18,'単価履歴'!$O:$O, MAXIFS('単価履歴'!$O:$O,'単価履歴'!$E:$E,T$1,'単価履歴'!$F:$F,$A18))=0,"", MAXIFS('単価履歴'!$H:$H,'単価履歴'!$E:$E,T$1,'単価履歴'!$F:$F,$A18,'単価履歴'!$O:$O, MAXIFS('単価履歴'!$O:$O,'単価履歴'!$E:$E,T$1,'単価履歴'!$F:$F,$A18))) | U18: =IF(MAXIFS('単価履歴'!$H:$H,'単価履歴'!$E:$E,U$1,'単価履歴'!$F:$F,$A18,'単価履歴'!$O:$O, MAXIFS('単価履歴'!$O:$O,'単価履歴'!$E:$E,U$1,'単価履歴'!$F:$F,$A18))=0,"", MAXIFS('単価履歴'!$H:$H,'単価履歴'!$E:$E,U$1,'単価履歴'!$F:$F,$A18,'単価履歴'!$O:$O, MAXIFS('単価履歴'!$O:$O,'単価履歴'!$E:$E,U$1,'単価履歴'!$F:$F,$A18))) | V18: =IF(MAXIFS('単価履歴'!$H:$H,'単価履歴'!$E:$E,V$1,'単価履歴'!$F:$F,$A18,'単価履歴'!$O:$O, MAXIFS('単価履歴'!$O:$O,'単価履歴'!$E:$E,V$1,'単価履歴'!$F:$F,$A18))=0,"", MAXIFS('単価履歴'!$H:$H,'単価履歴'!$E:$E,V$1,'単価履歴'!$F:$F,$A18,'単価履歴'!$O:$O, MAXIFS('単価履歴'!$O:$O,'単価履歴'!$E:$E,V$1,'単価履歴'!$F:$F,$A18))) -> 39 | ... AR18: =IF(MAXIFS('単価履歴'!$H:$H,'単価履歴'!$E:$E,AR$1,'単価履歴'!$F:$F,$A18,'単価履歴'!$O:$O, MAXIFS('単価履歴'!$O:$O,'単価履歴'!$E:$E,AR$1,'単価履歴'!$F:$F,$A18))=0,"", MAXIFS('単価履歴'!$H:$H,'単価履歴'!$E:$E,AR$1,'単価履歴'!$F:$F,$A18,'単価履歴'!$O:$O, MAXIFS('単価履歴'!$O:$O,'単価履歴'!$E:$E,AR$1,'単価履歴'!$F:$F,$A18))) | AT18: =IF(MAXIFS('単価履歴'!$H:$H,'単価履歴'!$E:$E,AT$1,'単価履歴'!$F:$F,$A18,'単価履歴'!$O:$O, MAXIFS('単価履歴'!$O:$O,'単価履歴'!$E:$E,AT$1,'単価履歴'!$F:$F,$A18))=0,"", MAXIFS('単価履歴'!$H:$H,'単価履歴'!$E:$E,AT$1,'単価履歴'!$F:$F,$A18,'単価履歴'!$O:$O, MAXIFS('単価履歴'!$O:$O,'単価履歴'!$E:$E,AT$1,'単価履歴'!$F:$F,$A18))) | AU18: =IF(MAXIFS('単価履歴'!$H:$H,'単価履歴'!$E:$E,AU$1,'単価履歴'!$F:$F,$A18,'単価履歴'!$O:$O, MAXIFS('単価履歴'!$O:$O,'単価履歴'!$E:$E,AU$1,'単価履歴'!$F:$F,$A18))=0,"", MAXIFS('単価履歴'!$H:$H,'単価履歴'!$E:$E,AU$1,'単価履歴'!$F:$F,$A18,'単価履歴'!$O:$O, MAXIFS('単価履歴'!$O:$O,'単価履歴'!$E:$E,AU$1,'単価履歴'!$F:$F,$A18))) | AV18: =IF(MAXIFS('単価履歴'!$H:$H,'単価履歴'!$E:$E,AV$1,'単価履歴'!$F:$F,$A18,'単価履歴'!$O:$O, MAXIFS('単価履歴'!$O:$O,'単価履歴'!$E:$E,AV$1,'単価履歴'!$F:$F,$A18))=0,"", MAXIFS('単価履歴'!$H:$H,'単価履歴'!$E:$E,AV$1,'単価履歴'!$F:$F,$A18,'単価履歴'!$O:$O, MAXIFS('単価履歴'!$O:$O,'単価履歴'!$E:$E,AV$1,'単価履歴'!$F:$F,$A18))) | AW18: =IF(MAXIFS('単価履歴'!$H:$H,'単価履歴'!$E:$E,AW$1,'単価履歴'!$F:$F,$A18,'単価履歴'!$O:$O, MAXIFS('単価履歴'!$O:$O,'単価履歴'!$E:$E,AW$1,'単価履歴'!$F:$F,$A18))=0,"", MAXIFS('単価履歴'!$H:$H,'単価履歴'!$E:$E,AW$1,'単価履歴'!$F:$F,$A18,'単価履歴'!$O:$O, MAXIFS('単価履歴'!$O:$O,'単価履歴'!$E:$E,AW$1,'単価履歴'!$F:$F,$A18))) | AX18: =IF(MAXIFS('単価履歴'!$H:$H,'単価履歴'!$E:$E,AX$1,'単価履歴'!$F:$F,$A18,'単価履歴'!$O:$O, MAXIFS('単価履歴'!$O:$O,'単価履歴'!$E:$E,AX$1,'単価履歴'!$F:$F,$A18))=0,"", MAXIFS('単価履歴'!$H:$H,'単価履歴'!$E:$E,AX$1,'単価履歴'!$F:$F,$A18,'単価履歴'!$O:$O, MAXIFS('単価履歴'!$O:$O,'単価履歴'!$E:$E,AX$1,'単価履歴'!$F:$F,$A18))) | AY18: =IF(MAXIFS('単価履歴'!$H:$H,'単価履歴'!$E:$E,AY$1,'単価履歴'!$F:$F,$A18,'単価履歴'!$O:$O, MAXIFS('単価履歴'!$O:$O,'単価履歴'!$E:$E,AY$1,'単価履歴'!$F:$F,$A18))=0,"", MAXIFS('単価履歴'!$H:$H,'単価履歴'!$E:$E,AY$1,'単価履歴'!$F:$F,$A18,'単価履歴'!$O:$O, MAXIFS('単価履歴'!$O:$O,'単価履歴'!$E:$E,AY$1,'単価履歴'!$F:$F,$A18))) | AZ18: =IF(MAXIFS('単価履歴'!$H:$H,'単価履歴'!$E:$E,AZ$1,'単価履歴'!$F:$F,$A18,'単価履歴'!$O:$O, MAXIFS('単価履歴'!$O:$O,'単価履歴'!$E:$E,AZ$1,'単価履歴'!$F:$F,$A18))=0,"", MAXIFS('単価履歴'!$H:$H,'単価履歴'!$E:$E,AZ$1,'単価履歴'!$F:$F,$A18,'単価履歴'!$O:$O, MAXIFS('単価履歴'!$O:$O,'単価履歴'!$E:$E,AZ$1,'単価履歴'!$F:$F,$A18))) | BA18: =IF(MAXIFS('単価履歴'!$H:$H,'単価履歴'!$E:$E,BA$1,'単価履歴'!$F:$F,$A18,'単価履歴'!$O:$O, MAXIFS('単価履歴'!$O:$O,'単価履歴'!$E:$E,BA$1,'単価履歴'!$F:$F,$A18))=0,"", MAXIFS('単価履歴'!$H:$H,'単価履歴'!$E:$E,BA$1,'単価履歴'!$F:$F,$A18,'単価履歴'!$O:$O, MAXIFS('単価履歴'!$O:$O,'単価履歴'!$E:$E,BA$1,'単価履歴'!$F:$F,$A18))) | ... BP18: =IF(MAXIFS('単価履歴'!$H:$H,'単価履歴'!$E:$E,BP$1,'単価履歴'!$F:$F,$A18,'単価履歴'!$O:$O, MAXIFS('単価履歴'!$O:$O,'単価履歴'!$E:$E,BP$1,'単価履歴'!$F:$F,$A18))=0,"", MAXIFS('単価履歴'!$H:$H,'単価履歴'!$E:$E,BP$1,'単価履歴'!$F:$F,$A18,'単価履歴'!$O:$O, MAXIFS('単価履歴'!$O:$O,'単価履歴'!$E:$E,BP$1,'単価履歴'!$F:$F,$A18)))
A19: Ｌ２(H4･級外･L1ﾊﾞﾗ) | B19: =IF(MAXIFS('単価履歴'!$H:$H,'単価履歴'!$E:$E,B$1,'単価履歴'!$F:$F,$A19,'単価履歴'!$O:$O, MAXIFS('単価履歴'!$O:$O,'単価履歴'!$E:$E,B$1,'単価履歴'!$F:$F,$A19))=0,"", MAXIFS('単価履歴'!$H:$H,'単価履歴'!$E:$E,B$1,'単価履歴'!$F:$F,$A19,'単価履歴'!$O:$O, MAXIFS('単価履歴'!$O:$O,'単価履歴'!$E:$E,B$1,'単価履歴'!$F:$F,$A19))) -> 48 | C19: =IF(MAXIFS('単価履歴'!$H:$H,'単価履歴'!$E:$E,C$1,'単価履歴'!$F:$F,$A19,'単価履歴'!$O:$O, MAXIFS('単価履歴'!$O:$O,'単価履歴'!$E:$E,C$1,'単価履歴'!$F:$F,$A19))=0,"", MAXIFS('単価履歴'!$H:$H,'単価履歴'!$E:$E,C$1,'単価履歴'!$F:$F,$A19,'単価履歴'!$O:$O, MAXIFS('単価履歴'!$O:$O,'単価履歴'!$E:$E,C$1,'単価履歴'!$F:$F,$A19))) | D19: =IF(MAXIFS('単価履歴'!$H:$H,'単価履歴'!$E:$E,D$1,'単価履歴'!$F:$F,$A19,'単価履歴'!$O:$O, MAXIFS('単価履歴'!$O:$O,'単価履歴'!$E:$E,D$1,'単価履歴'!$F:$F,$A19))=0,"", MAXIFS('単価履歴'!$H:$H,'単価履歴'!$E:$E,D$1,'単価履歴'!$F:$F,$A19,'単価履歴'!$O:$O, MAXIFS('単価履歴'!$O:$O,'単価履歴'!$E:$E,D$1,'単価履歴'!$F:$F,$A19))) | E19: =IF(MAXIFS('単価履歴'!$H:$H,'単価履歴'!$E:$E,E$1,'単価履歴'!$F:$F,$A19,'単価履歴'!$O:$O, MAXIFS('単価履歴'!$O:$O,'単価履歴'!$E:$E,E$1,'単価履歴'!$F:$F,$A19))=0,"", MAXIFS('単価履歴'!$H:$H,'単価履歴'!$E:$E,E$1,'単価履歴'!$F:$F,$A19,'単価履歴'!$O:$O, MAXIFS('単価履歴'!$O:$O,'単価履歴'!$E:$E,E$1,'単価履歴'!$F:$F,$A19))) | F19: =IF(MAXIFS('単価履歴'!$H:$H,'単価履歴'!$E:$E,F$1,'単価履歴'!$F:$F,$A19,'単価履歴'!$O:$O, MAXIFS('単価履歴'!$O:$O,'単価履歴'!$E:$E,F$1,'単価履歴'!$F:$F,$A19))=0,"", MAXIFS('単価履歴'!$H:$H,'単価履歴'!$E:$E,F$1,'単価履歴'!$F:$F,$A19,'単価履歴'!$O:$O, MAXIFS('単価履歴'!$O:$O,'単価履歴'!$E:$E,F$1,'単価履歴'!$F:$F,$A19))) | G19: =IF(MAXIFS('単価履歴'!$H:$H,'単価履歴'!$E:$E,G$1,'単価履歴'!$F:$F,$A19,'単価履歴'!$O:$O, MAXIFS('単価履歴'!$O:$O,'単価履歴'!$E:$E,G$1,'単価履歴'!$F:$F,$A19))=0,"", MAXIFS('単価履歴'!$H:$H,'単価履歴'!$E:$E,G$1,'単価履歴'!$F:$F,$A19,'単価履歴'!$O:$O, MAXIFS('単価履歴'!$O:$O,'単価履歴'!$E:$E,G$1,'単価履歴'!$F:$F,$A19))) -> 48 | H19: =IF(MAXIFS('単価履歴'!$H:$H,'単価履歴'!$E:$E,H$1,'単価履歴'!$F:$F,$A19,'単価履歴'!$O:$O, MAXIFS('単価履歴'!$O:$O,'単価履歴'!$E:$E,H$1,'単価履歴'!$F:$F,$A19))=0,"", MAXIFS('単価履歴'!$H:$H,'単価履歴'!$E:$E,H$1,'単価履歴'!$F:$F,$A19,'単価履歴'!$O:$O, MAXIFS('単価履歴'!$O:$O,'単価履歴'!$E:$E,H$1,'単価履歴'!$F:$F,$A19))) | I19: =IF(MAXIFS('単価履歴'!$H:$H,'単価履歴'!$E:$E,I$1,'単価履歴'!$F:$F,$A19,'単価履歴'!$O:$O, MAXIFS('単価履歴'!$O:$O,'単価履歴'!$E:$E,I$1,'単価履歴'!$F:$F,$A19))=0,"", MAXIFS('単価履歴'!$H:$H,'単価履歴'!$E:$E,I$1,'単価履歴'!$F:$F,$A19,'単価履歴'!$O:$O, MAXIFS('単価履歴'!$O:$O,'単価履歴'!$E:$E,I$1,'単価履歴'!$F:$F,$A19))) | ... L19: =IF(MAXIFS('単価履歴'!$H:$H,'単価履歴'!$E:$E,L$1,'単価履歴'!$F:$F,$A19,'単価履歴'!$O:$O, MAXIFS('単価履歴'!$O:$O,'単価履歴'!$E:$E,L$1,'単価履歴'!$F:$F,$A19))=0,"", MAXIFS('単価履歴'!$H:$H,'単価履歴'!$E:$E,L$1,'単価履歴'!$F:$F,$A19,'単価履歴'!$O:$O, MAXIFS('単価履歴'!$O:$O,'単価履歴'!$E:$E,L$1,'単価履歴'!$F:$F,$A19))) | N19: =IF(MAXIFS('単価履歴'!$H:$H,'単価履歴'!$E:$E,N$1,'単価履歴'!$F:$F,$A19,'単価履歴'!$O:$O, MAXIFS('単価履歴'!$O:$O,'単価履歴'!$E:$E,N$1,'単価履歴'!$F:$F,$A19))=0,"", MAXIFS('単価履歴'!$H:$H,'単価履歴'!$E:$E,N$1,'単価履歴'!$F:$F,$A19,'単価履歴'!$O:$O, MAXIFS('単価履歴'!$O:$O,'単価履歴'!$E:$E,N$1,'単価履歴'!$F:$F,$A19))) | O19: =IF(MAXIFS('単価履歴'!$H:$H,'単価履歴'!$E:$E,O$1,'単価履歴'!$F:$F,$A19,'単価履歴'!$O:$O, MAXIFS('単価履歴'!$O:$O,'単価履歴'!$E:$E,O$1,'単価履歴'!$F:$F,$A19))=0,"", MAXIFS('単価履歴'!$H:$H,'単価履歴'!$E:$E,O$1,'単価履歴'!$F:$F,$A19,'単価履歴'!$O:$O, MAXIFS('単価履歴'!$O:$O,'単価履歴'!$E:$E,O$1,'単価履歴'!$F:$F,$A19))) | P19: =IF(MAXIFS('単価履歴'!$H:$H,'単価履歴'!$E:$E,P$1,'単価履歴'!$F:$F,$A19,'単価履歴'!$O:$O, MAXIFS('単価履歴'!$O:$O,'単価履歴'!$E:$E,P$1,'単価履歴'!$F:$F,$A19))=0,"", MAXIFS('単価履歴'!$H:$H,'単価履歴'!$E:$E,P$1,'単価履歴'!$F:$F,$A19,'単価履歴'!$O:$O, MAXIFS('単価履歴'!$O:$O,'単価履歴'!$E:$E,P$1,'単価履歴'!$F:$F,$A19))) | Q19: =IF(MAXIFS('単価履歴'!$H:$H,'単価履歴'!$E:$E,Q$1,'単価履歴'!$F:$F,$A19,'単価履歴'!$O:$O, MAXIFS('単価履歴'!$O:$O,'単価履歴'!$E:$E,Q$1,'単価履歴'!$F:$F,$A19))=0,"", MAXIFS('単価履歴'!$H:$H,'単価履歴'!$E:$E,Q$1,'単価履歴'!$F:$F,$A19,'単価履歴'!$O:$O, MAXIFS('単価履歴'!$O:$O,'単価履歴'!$E:$E,Q$1,'単価履歴'!$F:$F,$A19))) | R19: =IF(MAXIFS('単価履歴'!$H:$H,'単価履歴'!$E:$E,R$1,'単価履歴'!$F:$F,$A19,'単価履歴'!$O:$O, MAXIFS('単価履歴'!$O:$O,'単価履歴'!$E:$E,R$1,'単価履歴'!$F:$F,$A19))=0,"", MAXIFS('単価履歴'!$H:$H,'単価履歴'!$E:$E,R$1,'単価履歴'!$F:$F,$A19,'単価履歴'!$O:$O, MAXIFS('単価履歴'!$O:$O,'単価履歴'!$E:$E,R$1,'単価履歴'!$F:$F,$A19))) | S19: =IF(MAXIFS('単価履歴'!$H:$H,'単価履歴'!$E:$E,S$1,'単価履歴'!$F:$F,$A19,'単価履歴'!$O:$O, MAXIFS('単価履歴'!$O:$O,'単価履歴'!$E:$E,S$1,'単価履歴'!$F:$F,$A19))=0,"", MAXIFS('単価履歴'!$H:$H,'単価履歴'!$E:$E,S$1,'単価履歴'!$F:$F,$A19,'単価履歴'!$O:$O, MAXIFS('単価履歴'!$O:$O,'単価履歴'!$E:$E,S$1,'単価履歴'!$F:$F,$A19))) | T19: =IF(MAXIFS('単価履歴'!$H:$H,'単価履歴'!$E:$E,T$1,'単価履歴'!$F:$F,$A19,'単価履歴'!$O:$O, MAXIFS('単価履歴'!$O:$O,'単価履歴'!$E:$E,T$1,'単価履歴'!$F:$F,$A19))=0,"", MAXIFS('単価履歴'!$H:$H,'単価履歴'!$E:$E,T$1,'単価履歴'!$F:$F,$A19,'単価履歴'!$O:$O, MAXIFS('単価履歴'!$O:$O,'単価履歴'!$E:$E,T$1,'単価履歴'!$F:$F,$A19))) | U19: =IF(MAXIFS('単価履歴'!$H:$H,'単価履歴'!$E:$E,U$1,'単価履歴'!$F:$F,$A19,'単価履歴'!$O:$O, MAXIFS('単価履歴'!$O:$O,'単価履歴'!$E:$E,U$1,'単価履歴'!$F:$F,$A19))=0,"", MAXIFS('単価履歴'!$H:$H,'単価履歴'!$E:$E,U$1,'単価履歴'!$F:$F,$A19,'単価履歴'!$O:$O, MAXIFS('単価履歴'!$O:$O,'単価履歴'!$E:$E,U$1,'単価履歴'!$F:$F,$A19))) | ... AR19: =IF(MAXIFS('単価履歴'!$H:$H,'単価履歴'!$E:$E,AR$1,'単価履歴'!$F:$F,$A19,'単価履歴'!$O:$O, MAXIFS('単価履歴'!$O:$O,'単価履歴'!$E:$E,AR$1,'単価履歴'!$F:$F,$A19))=0,"", MAXIFS('単価履歴'!$H:$H,'単価履歴'!$E:$E,AR$1,'単価履歴'!$F:$F,$A19,'単価履歴'!$O:$O, MAXIFS('単価履歴'!$O:$O,'単価履歴'!$E:$E,AR$1,'単価履歴'!$F:$F,$A19))) -> 48 | AT19: =IF(MAXIFS('単価履歴'!$H:$H,'単価履歴'!$E:$E,AT$1,'単価履歴'!$F:$F,$A19,'単価履歴'!$O:$O, MAXIFS('単価履歴'!$O:$O,'単価履歴'!$E:$E,AT$1,'単価履歴'!$F:$F,$A19))=0,"", MAXIFS('単価履歴'!$H:$H,'単価履歴'!$E:$E,AT$1,'単価履歴'!$F:$F,$A19,'単価履歴'!$O:$O, MAXIFS('単価履歴'!$O:$O,'単価履歴'!$E:$E,AT$1,'単価履歴'!$F:$F,$A19))) | AU19: =IF(MAXIFS('単価履歴'!$H:$H,'単価履歴'!$E:$E,AU$1,'単価履歴'!$F:$F,$A19,'単価履歴'!$O:$O, MAXIFS('単価履歴'!$O:$O,'単価履歴'!$E:$E,AU$1,'単価履歴'!$F:$F,$A19))=0,"", MAXIFS('単価履歴'!$H:$H,'単価履歴'!$E:$E,AU$1,'単価履歴'!$F:$F,$A19,'単価履歴'!$O:$O, MAXIFS('単価履歴'!$O:$O,'単価履歴'!$E:$E,AU$1,'単価履歴'!$F:$F,$A19))) | AV19: =IF(MAXIFS('単価履歴'!$H:$H,'単価履歴'!$E:$E,AV$1,'単価履歴'!$F:$F,$A19,'単価履歴'!$O:$O, MAXIFS('単価履歴'!$O:$O,'単価履歴'!$E:$E,AV$1,'単価履歴'!$F:$F,$A19))=0,"", MAXIFS('単価履歴'!$H:$H,'単価履歴'!$E:$E,AV$1,'単価履歴'!$F:$F,$A19,'単価履歴'!$O:$O, MAXIFS('単価履歴'!$O:$O,'単価履歴'!$E:$E,AV$1,'単価履歴'!$F:$F,$A19))) | AW19: =IF(MAXIFS('単価履歴'!$H:$H,'単価履歴'!$E:$E,AW$1,'単価履歴'!$F:$F,$A19,'単価履歴'!$O:$O, MAXIFS('単価履歴'!$O:$O,'単価履歴'!$E:$E,AW$1,'単価履歴'!$F:$F,$A19))=0,"", MAXIFS('単価履歴'!$H:$H,'単価履歴'!$E:$E,AW$1,'単価履歴'!$F:$F,$A19,'単価履歴'!$O:$O, MAXIFS('単価履歴'!$O:$O,'単価履歴'!$E:$E,AW$1,'単価履歴'!$F:$F,$A19))) | AX19: =IF(MAXIFS('単価履歴'!$H:$H,'単価履歴'!$E:$E,AX$1,'単価履歴'!$F:$F,$A19,'単価履歴'!$O:$O, MAXIFS('単価履歴'!$O:$O,'単価履歴'!$E:$E,AX$1,'単価履歴'!$F:$F,$A19))=0,"", MAXIFS('単価履歴'!$H:$H,'単価履歴'!$E:$E,AX$1,'単価履歴'!$F:$F,$A19,'単価履歴'!$O:$O, MAXIFS('単価履歴'!$O:$O,'単価履歴'!$E:$E,AX$1,'単価履歴'!$F:$F,$A19))) | AY19: =IF(MAXIFS('単価履歴'!$H:$H,'単価履歴'!$E:$E,AY$1,'単価履歴'!$F:$F,$A19,'単価履歴'!$O:$O, MAXIFS('単価履歴'!$O:$O,'単価履歴'!$E:$E,AY$1,'単価履歴'!$F:$F,$A19))=0,"", MAXIFS('単価履歴'!$H:$H,'単価履歴'!$E:$E,AY$1,'単価履歴'!$F:$F,$A19,'単価履歴'!$O:$O, MAXIFS('単価履歴'!$O:$O,'単価履歴'!$E:$E,AY$1,'単価履歴'!$F:$F,$A19))) | AZ19: =IF(MAXIFS('単価履歴'!$H:$H,'単価履歴'!$E:$E,AZ$1,'単価履歴'!$F:$F,$A19,'単価履歴'!$O:$O, MAXIFS('単価履歴'!$O:$O,'単価履歴'!$E:$E,AZ$1,'単価履歴'!$F:$F,$A19))=0,"", MAXIFS('単価履歴'!$H:$H,'単価履歴'!$E:$E,AZ$1,'単価履歴'!$F:$F,$A19,'単価履歴'!$O:$O, MAXIFS('単価履歴'!$O:$O,'単価履歴'!$E:$E,AZ$1,'単価履歴'!$F:$F,$A19))) | BA19: =IF(MAXIFS('単価履歴'!$H:$H,'単価履歴'!$E:$E,BA$1,'単価履歴'!$F:$F,$A19,'単価履歴'!$O:$O, MAXIFS('単価履歴'!$O:$O,'単価履歴'!$E:$E,BA$1,'単価履歴'!$F:$F,$A19))=0,"", MAXIFS('単価履歴'!$H:$H,'単価履歴'!$E:$E,BA$1,'単価履歴'!$F:$F,$A19,'単価履歴'!$O:$O, MAXIFS('単価履歴'!$O:$O,'単価履歴'!$E:$E,BA$1,'単価履歴'!$F:$F,$A19))) | ... BP19: =IF(MAXIFS('単価履歴'!$H:$H,'単価履歴'!$E:$E,BP$1,'単価履歴'!$F:$F,$A19,'単価履歴'!$O:$O, MAXIFS('単価履歴'!$O:$O,'単価履歴'!$E:$E,BP$1,'単価履歴'!$F:$F,$A19))=0,"", MAXIFS('単価履歴'!$H:$H,'単価履歴'!$E:$E,BP$1,'単価履歴'!$F:$F,$A19,'単価履歴'!$O:$O, MAXIFS('単価履歴'!$O:$O,'単価履歴'!$E:$E,BP$1,'単価履歴'!$F:$F,$A19)))
A20: 新断Ａ | B20: =IF(MAXIFS('単価履歴'!$H:$H,'単価履歴'!$E:$E,B$1,'単価履歴'!$F:$F,$A20,'単価履歴'!$O:$O, MAXIFS('単価履歴'!$O:$O,'単価履歴'!$E:$E,B$1,'単価履歴'!$F:$F,$A20))=0,"", MAXIFS('単価履歴'!$H:$H,'単価履歴'!$E:$E,B$1,'単価履歴'!$F:$F,$A20,'単価履歴'!$O:$O, MAXIFS('単価履歴'!$O:$O,'単価履歴'!$E:$E,B$1,'単価履歴'!$F:$F,$A20))) | C20: =IF(MAXIFS('単価履歴'!$H:$H,'単価履歴'!$E:$E,C$1,'単価履歴'!$F:$F,$A20,'単価履歴'!$O:$O, MAXIFS('単価履歴'!$O:$O,'単価履歴'!$E:$E,C$1,'単価履歴'!$F:$F,$A20))=0,"", MAXIFS('単価履歴'!$H:$H,'単価履歴'!$E:$E,C$1,'単価履歴'!$F:$F,$A20,'単価履歴'!$O:$O, MAXIFS('単価履歴'!$O:$O,'単価履歴'!$E:$E,C$1,'単価履歴'!$F:$F,$A20))) -> 58.3 | D20: =IF(MAXIFS('単価履歴'!$H:$H,'単価履歴'!$E:$E,D$1,'単価履歴'!$F:$F,$A20,'単価履歴'!$O:$O, MAXIFS('単価履歴'!$O:$O,'単価履歴'!$E:$E,D$1,'単価履歴'!$F:$F,$A20))=0,"", MAXIFS('単価履歴'!$H:$H,'単価履歴'!$E:$E,D$1,'単価履歴'!$F:$F,$A20,'単価履歴'!$O:$O, MAXIFS('単価履歴'!$O:$O,'単価履歴'!$E:$E,D$1,'単価履歴'!$F:$F,$A20))) -> 58.3 | E20: =IF(MAXIFS('単価履歴'!$H:$H,'単価履歴'!$E:$E,E$1,'単価履歴'!$F:$F,$A20,'単価履歴'!$O:$O, MAXIFS('単価履歴'!$O:$O,'単価履歴'!$E:$E,E$1,'単価履歴'!$F:$F,$A20))=0,"", MAXIFS('単価履歴'!$H:$H,'単価履歴'!$E:$E,E$1,'単価履歴'!$F:$F,$A20,'単価履歴'!$O:$O, MAXIFS('単価履歴'!$O:$O,'単価履歴'!$E:$E,E$1,'単価履歴'!$F:$F,$A20))) -> 57.3 | F20: =IF(MAXIFS('単価履歴'!$H:$H,'単価履歴'!$E:$E,F$1,'単価履歴'!$F:$F,$A20,'単価履歴'!$O:$O, MAXIFS('単価履歴'!$O:$O,'単価履歴'!$E:$E,F$1,'単価履歴'!$F:$F,$A20))=0,"", MAXIFS('単価履歴'!$H:$H,'単価履歴'!$E:$E,F$1,'単価履歴'!$F:$F,$A20,'単価履歴'!$O:$O, MAXIFS('単価履歴'!$O:$O,'単価履歴'!$E:$E,F$1,'単価履歴'!$F:$F,$A20))) -> 55.3 | H20: =IF(MAXIFS('単価履歴'!$H:$H,'単価履歴'!$E:$E,H$1,'単価履歴'!$F:$F,$A20,'単価履歴'!$O:$O, MAXIFS('単価履歴'!$O:$O,'単価履歴'!$E:$E,H$1,'単価履歴'!$F:$F,$A20))=0,"", MAXIFS('単価履歴'!$H:$H,'単価履歴'!$E:$E,H$1,'単価履歴'!$F:$F,$A20,'単価履歴'!$O:$O, MAXIFS('単価履歴'!$O:$O,'単価履歴'!$E:$E,H$1,'単価履歴'!$F:$F,$A20))) -> 58.3 | I20: =IF(MAXIFS('単価履歴'!$H:$H,'単価履歴'!$E:$E,I$1,'単価履歴'!$F:$F,$A20,'単価履歴'!$O:$O, MAXIFS('単価履歴'!$O:$O,'単価履歴'!$E:$E,I$1,'単価履歴'!$F:$F,$A20))=0,"", MAXIFS('単価履歴'!$H:$H,'単価履歴'!$E:$E,I$1,'単価履歴'!$F:$F,$A20,'単価履歴'!$O:$O, MAXIFS('単価履歴'!$O:$O,'単価履歴'!$E:$E,I$1,'単価履歴'!$F:$F,$A20))) -> 2 | J20: =IF(MAXIFS('単価履歴'!$H:$H,'単価履歴'!$E:$E,J$1,'単価履歴'!$F:$F,$A20,'単価履歴'!$O:$O, MAXIFS('単価履歴'!$O:$O,'単価履歴'!$E:$E,J$1,'単価履歴'!$F:$F,$A20))=0,"", MAXIFS('単価履歴'!$H:$H,'単価履歴'!$E:$E,J$1,'単価履歴'!$F:$F,$A20,'単価履歴'!$O:$O, MAXIFS('単価履歴'!$O:$O,'単価履歴'!$E:$E,J$1,'単価履歴'!$F:$F,$A20))) | K20: 28 | L20: 26.2 | N20: 27.8 | O20: =IF(MAXIFS('単価履歴'!$H:$H,'単価履歴'!$E:$E,O$1,'単価履歴'!$F:$F,$A20,'単価履歴'!$O:$O, MAXIFS('単価履歴'!$O:$O,'単価履歴'!$E:$E,O$1,'単価履歴'!$F:$F,$A20))=0,"", MAXIFS('単価履歴'!$H:$H,'単価履歴'!$E:$E,O$1,'単価履歴'!$F:$F,$A20,'単価履歴'!$O:$O, MAXIFS('単価履歴'!$O:$O,'単価履歴'!$E:$E,O$1,'単価履歴'!$F:$F,$A20))) | P20: =IF(MAXIFS('単価履歴'!$H:$H,'単価履歴'!$E:$E,P$1,'単価履歴'!$F:$F,$A20,'単価履歴'!$O:$O, MAXIFS('単価履歴'!$O:$O,'単価履歴'!$E:$E,P$1,'単価履歴'!$F:$F,$A20))=0,"", MAXIFS('単価履歴'!$H:$H,'単価履歴'!$E:$E,P$1,'単価履歴'!$F:$F,$A20,'単価履歴'!$O:$O, MAXIFS('単価履歴'!$O:$O,'単価履歴'!$E:$E,P$1,'単価履歴'!$F:$F,$A20))) | Q20: =IF(MAXIFS('単価履歴'!$H:$H,'単価履歴'!$E:$E,Q$1,'単価履歴'!$F:$F,$A20,'単価履歴'!$O:$O, MAXIFS('単価履歴'!$O:$O,'単価履歴'!$E:$E,Q$1,'単価履歴'!$F:$F,$A20))=0,"", MAXIFS('単価履歴'!$H:$H,'単価履歴'!$E:$E,Q$1,'単価履歴'!$F:$F,$A20,'単価履歴'!$O:$O, MAXIFS('単価履歴'!$O:$O,'単価履歴'!$E:$E,Q$1,'単価履歴'!$F:$F,$A20))) -> 58.7 | R20: =IF(MAXIFS('単価履歴'!$H:$H,'単価履歴'!$E:$E,R$1,'単価履歴'!$F:$F,$A20,'単価履歴'!$O:$O, MAXIFS('単価履歴'!$O:$O,'単価履歴'!$E:$E,R$1,'単価履歴'!$F:$F,$A20))=0,"", MAXIFS('単価履歴'!$H:$H,'単価履歴'!$E:$E,R$1,'単価履歴'!$F:$F,$A20,'単価履歴'!$O:$O, MAXIFS('単価履歴'!$O:$O,'単価履歴'!$E:$E,R$1,'単価履歴'!$F:$F,$A20))) | S20: =IF(MAXIFS('単価履歴'!$H:$H,'単価履歴'!$E:$E,S$1,'単価履歴'!$F:$F,$A20,'単価履歴'!$O:$O, MAXIFS('単価履歴'!$O:$O,'単価履歴'!$E:$E,S$1,'単価履歴'!$F:$F,$A20))=0,"", MAXIFS('単価履歴'!$H:$H,'単価履歴'!$E:$E,S$1,'単価履歴'!$F:$F,$A20,'単価履歴'!$O:$O, MAXIFS('単価履歴'!$O:$O,'単価履歴'!$E:$E,S$1,'単価履歴'!$F:$F,$A20))) | T20: =IF(MAXIFS('単価履歴'!$H:$H,'単価履歴'!$E:$E,T$1,'単価履歴'!$F:$F,$A20,'単価履歴'!$O:$O, MAXIFS('単価履歴'!$O:$O,'単価履歴'!$E:$E,T$1,'単価履歴'!$F:$F,$A20))=0,"", MAXIFS('単価履歴'!$H:$H,'単価履歴'!$E:$E,T$1,'単価履歴'!$F:$F,$A20,'単価履歴'!$O:$O, MAXIFS('単価履歴'!$O:$O,'単価履歴'!$E:$E,T$1,'単価履歴'!$F:$F,$A20))) | U20: =IF(MAXIFS('単価履歴'!$H:$H,'単価履歴'!$E:$E,U$1,'単価履歴'!$F:$F,$A20,'単価履歴'!$O:$O, MAXIFS('単価履歴'!$O:$O,'単価履歴'!$E:$E,U$1,'単価履歴'!$F:$F,$A20))=0,"", MAXIFS('単価履歴'!$H:$H,'単価履歴'!$E:$E,U$1,'単価履歴'!$F:$F,$A20,'単価履歴'!$O:$O, MAXIFS('単価履歴'!$O:$O,'単価履歴'!$E:$E,U$1,'単価履歴'!$F:$F,$A20))) | V20: 43 | W20: =IF(MAXIFS('単価履歴'!$H:$H,'単価履歴'!$E:$E,W$1,'単価履歴'!$F:$F,$A20,'単価履歴'!$O:$O, MAXIFS('単価履歴'!$O:$O,'単価履歴'!$E:$E,W$1,'単価履歴'!$F:$F,$A20))=0,"", MAXIFS('単価履歴'!$H:$H,'単価履歴'!$E:$E,W$1,'単価履歴'!$F:$F,$A20,'単価履歴'!$O:$O, MAXIFS('単価履歴'!$O:$O,'単価履歴'!$E:$E,W$1,'単価履歴'!$F:$F,$A20))) -> 54.5 | X20: =IF(MAXIFS('単価履歴'!$H:$H,'単価履歴'!$E:$E,X$1,'単価履歴'!$F:$F,$A20,'単価履歴'!$O:$O, MAXIFS('単価履歴'!$O:$O,'単価履歴'!$E:$E,X$1,'単価履歴'!$F:$F,$A20))=0,"", MAXIFS('単価履歴'!$H:$H,'単価履歴'!$E:$E,X$1,'単価履歴'!$F:$F,$A20,'単価履歴'!$O:$O, MAXIFS('単価履歴'!$O:$O,'単価履歴'!$E:$E,X$1,'単価履歴'!$F:$F,$A20))) | Y20: =IF(MAXIFS('単価履歴'!$H:$H,'単価履歴'!$E:$E,Y$1,'単価履歴'!$F:$F,$A20,'単価履歴'!$O:$O, MAXIFS('単価履歴'!$O:$O,'単価履歴'!$E:$E,Y$1,'単価履歴'!$F:$F,$A20))=0,"", MAXIFS('単価履歴'!$H:$H,'単価履歴'!$E:$E,Y$1,'単価履歴'!$F:$F,$A20,'単価履歴'!$O:$O, MAXIFS('単価履歴'!$O:$O,'単価履歴'!$E:$E,Y$1,'単価履歴'!$F:$F,$A20))) | Z20: 45 | AA20: =IF(MAXIFS('単価履歴'!$H:$H,'単価履歴'!$E:$E,AA$1,'単価履歴'!$F:$F,$A20,'単価履歴'!$O:$O, MAXIFS('単価履歴'!$O:$O,'単価履歴'!$E:$E,AA$1,'単価履歴'!$F:$F,$A20))=0,"", MAXIFS('単価履歴'!$H:$H,'単価履歴'!$E:$E,AA$1,'単価履歴'!$F:$F,$A20,'単価履歴'!$O:$O, MAXIFS('単価履歴'!$O:$O,'単価履歴'!$E:$E,AA$1,'単価履歴'!$F:$F,$A20))) | AB20: =IF(MAXIFS('単価履歴'!$H:$H,'単価履歴'!$E:$E,AB$1,'単価履歴'!$F:$F,$A20,'単価履歴'!$O:$O, MAXIFS('単価履歴'!$O:$O,'単価履歴'!$E:$E,AB$1,'単価履歴'!$F:$F,$A20))=0,"", MAXIFS('単価履歴'!$H:$H,'単価履歴'!$E:$E,AB$1,'単価履歴'!$F:$F,$A20,'単価履歴'!$O:$O, MAXIFS('単価履歴'!$O:$O,'単価履歴'!$E:$E,AB$1,'単価履歴'!$F:$F,$A20))) | AC20: =IF(MAXIFS('単価履歴'!$H:$H,'単価履歴'!$E:$E,AC$1,'単価履歴'!$F:$F,$A20,'単価履歴'!$O:$O, MAXIFS('単価履歴'!$O:$O,'単価履歴'!$E:$E,AC$1,'単価履歴'!$F:$F,$A20))=0,"", MAXIFS('単価履歴'!$H:$H,'単価履歴'!$E:$E,AC$1,'単価履歴'!$F:$F,$A20,'単価履歴'!$O:$O, MAXIFS('単価履歴'!$O:$O,'単価履歴'!$E:$E,AC$1,'単価履歴'!$F:$F,$A20))) -> 58.5 | AD20: =IF(MAXIFS('単価履歴'!$H:$H,'単価履歴'!$E:$E,AD$1,'単価履歴'!$F:$F,$A20,'単価履歴'!$O:$O, MAXIFS('単価履歴'!$O:$O,'単価履歴'!$E:$E,AD$1,'単価履歴'!$F:$F,$A20))=0,"", MAXIFS('単価履歴'!$H:$H,'単価履歴'!$E:$E,AD$1,'単価履歴'!$F:$F,$A20,'単価履歴'!$O:$O, MAXIFS('単価履歴'!$O:$O,'単価履歴'!$E:$E,AD$1,'単価履歴'!$F:$F,$A20))) | AE20: =IF(MAXIFS('単価履歴'!$H:$H,'単価履歴'!$E:$E,AE$1,'単価履歴'!$F:$F,$A20,'単価履歴'!$O:$O, MAXIFS('単価履歴'!$O:$O,'単価履歴'!$E:$E,AE$1,'単価履歴'!$F:$F,$A20))=0,"", MAXIFS('単価履歴'!$H:$H,'単価履歴'!$E:$E,AE$1,'単価履歴'!$F:$F,$A20,'単価履歴'!$O:$O, MAXIFS('単価履歴'!$O:$O,'単価履歴'!$E:$E,AE$1,'単価履歴'!$F:$F,$A20))) | AF20: =IF(MAXIFS('単価履歴'!$H:$H,'単価履歴'!$E:$E,AF$1,'単価履歴'!$F:$F,$A20,'単価履歴'!$O:$O, MAXIFS('単価履歴'!$O:$O,'単価履歴'!$E:$E,AF$1,'単価履歴'!$F:$F,$A20))=0,"", MAXIFS('単価履歴'!$H:$H,'単価履歴'!$E:$E,AF$1,'単価履歴'!$F:$F,$A20,'単価履歴'!$O:$O, MAXIFS('単価履歴'!$O:$O,'単価履歴'!$E:$E,AF$1,'単価履歴'!$F:$F,$A20))) | AG20: 42 | AH20: =IF(MAXIFS('単価履歴'!$H:$H,'単価履歴'!$E:$E,AH$1,'単価履歴'!$F:$F,$A20,'単価履歴'!$O:$O, MAXIFS('単価履歴'!$O:$O,'単価履歴'!$E:$E,AH$1,'単価履歴'!$F:$F,$A20))=0,"", MAXIFS('単価履歴'!$H:$H,'単価履歴'!$E:$E,AH$1,'単価履歴'!$F:$F,$A20,'単価履歴'!$O:$O, MAXIFS('単価履歴'!$O:$O,'単価履歴'!$E:$E,AH$1,'単価履歴'!$F:$F,$A20))) | AI20: =IF(MAXIFS('単価履歴'!$H:$H,'単価履歴'!$E:$E,AI$1,'単価履歴'!$F:$F,$A20,'単価履歴'!$O:$O, MAXIFS('単価履歴'!$O:$O,'単価履歴'!$E:$E,AI$1,'単価履歴'!$F:$F,$A20))=0,"", MAXIFS('単価履歴'!$H:$H,'単価履歴'!$E:$E,AI$1,'単価履歴'!$F:$F,$A20,'単価履歴'!$O:$O, MAXIFS('単価履歴'!$O:$O,'単価履歴'!$E:$E,AI$1,'単価履歴'!$F:$F,$A20))) | AJ20: =IF(MAXIFS('単価履歴'!$H:$H,'単価履歴'!$E:$E,AJ$1,'単価履歴'!$F:$F,$A20,'単価履歴'!$O:$O, MAXIFS('単価履歴'!$O:$O,'単価履歴'!$E:$E,AJ$1,'単価履歴'!$F:$F,$A20))=0,"", MAXIFS('単価履歴'!$H:$H,'単価履歴'!$E:$E,AJ$1,'単価履歴'!$F:$F,$A20,'単価履歴'!$O:$O, MAXIFS('単価履歴'!$O:$O,'単価履歴'!$E:$E,AJ$1,'単価履歴'!$F:$F,$A20))) -> 58.5 | AK20: 42.5 | AL20: =IF(MAXIFS('単価履歴'!$H:$H,'単価履歴'!$E:$E,AL$1,'単価履歴'!$F:$F,$A20,'単価履歴'!$O:$O, MAXIFS('単価履歴'!$O:$O,'単価履歴'!$E:$E,AL$1,'単価履歴'!$F:$F,$A20))=0,"", MAXIFS('単価履歴'!$H:$H,'単価履歴'!$E:$E,AL$1,'単価履歴'!$F:$F,$A20,'単価履歴'!$O:$O, MAXIFS('単価履歴'!$O:$O,'単価履歴'!$E:$E,AL$1,'単価履歴'!$F:$F,$A20))) | AM20: =IF(MAXIFS('単価履歴'!$H:$H,'単価履歴'!$E:$E,AM$1,'単価履歴'!$F:$F,$A20,'単価履歴'!$O:$O, MAXIFS('単価履歴'!$O:$O,'単価履歴'!$E:$E,AM$1,'単価履歴'!$F:$F,$A20))=0,"", MAXIFS('単価履歴'!$H:$H,'単価履歴'!$E:$E,AM$1,'単価履歴'!$F:$F,$A20,'単価履歴'!$O:$O, MAXIFS('単価履歴'!$O:$O,'単価履歴'!$E:$E,AM$1,'単価履歴'!$F:$F,$A20))) | AN20: =IF(MAXIFS('単価履歴'!$H:$H,'単価履歴'!$E:$E,AN$1,'単価履歴'!$F:$F,$A20,'単価履歴'!$O:$O, MAXIFS('単価履歴'!$O:$O,'単価履歴'!$E:$E,AN$1,'単価履歴'!$F:$F,$A20))=0,"", MAXIFS('単価履歴'!$H:$H,'単価履歴'!$E:$E,AN$1,'単価履歴'!$F:$F,$A20,'単価履歴'!$O:$O, MAXIFS('単価履歴'!$O:$O,'単価履歴'!$E:$E,AN$1,'単価履歴'!$F:$F,$A20))) -> 58 | AO20: =IF(MAXIFS('単価履歴'!$H:$H,'単価履歴'!$E:$E,AO$1,'単価履歴'!$F:$F,$A20,'単価履歴'!$O:$O, MAXIFS('単価履歴'!$O:$O,'単価履歴'!$E:$E,AO$1,'単価履歴'!$F:$F,$A20))=0,"", MAXIFS('単価履歴'!$H:$H,'単価履歴'!$E:$E,AO$1,'単価履歴'!$F:$F,$A20,'単価履歴'!$O:$O, MAXIFS('単価履歴'!$O:$O,'単価履歴'!$E:$E,AO$1,'単価履歴'!$F:$F,$A20))) -> 56.5 | AP20: =IF(MAXIFS('単価履歴'!$H:$H,'単価履歴'!$E:$E,AP$1,'単価履歴'!$F:$F,$A20,'単価履歴'!$O:$O, MAXIFS('単価履歴'!$O:$O,'単価履歴'!$E:$E,AP$1,'単価履歴'!$F:$F,$A20))=0,"", MAXIFS('単価履歴'!$H:$H,'単価履歴'!$E:$E,AP$1,'単価履歴'!$F:$F,$A20,'単価履歴'!$O:$O, MAXIFS('単価履歴'!$O:$O,'単価履歴'!$E:$E,AP$1,'単価履歴'!$F:$F,$A20))) | AQ20: =IF(MAXIFS('単価履歴'!$H:$H,'単価履歴'!$E:$E,AQ$1,'単価履歴'!$F:$F,$A20,'単価履歴'!$O:$O, MAXIFS('単価履歴'!$O:$O,'単価履歴'!$E:$E,AQ$1,'単価履歴'!$F:$F,$A20))=0,"", MAXIFS('単価履歴'!$H:$H,'単価履歴'!$E:$E,AQ$1,'単価履歴'!$F:$F,$A20,'単価履歴'!$O:$O, MAXIFS('単価履歴'!$O:$O,'単価履歴'!$E:$E,AQ$1,'単価履歴'!$F:$F,$A20))) | AR20: =IF(MAXIFS('単価履歴'!$H:$H,'単価履歴'!$E:$E,AR$1,'単価履歴'!$F:$F,$A20,'単価履歴'!$O:$O, MAXIFS('単価履歴'!$O:$O,'単価履歴'!$E:$E,AR$1,'単価履歴'!$F:$F,$A20))=0,"", MAXIFS('単価履歴'!$H:$H,'単価履歴'!$E:$E,AR$1,'単価履歴'!$F:$F,$A20,'単価履歴'!$O:$O, MAXIFS('単価履歴'!$O:$O,'単価履歴'!$E:$E,AR$1,'単価履歴'!$F:$F,$A20))) | AT20: =IF(MAXIFS('単価履歴'!$H:$H,'単価履歴'!$E:$E,AT$1,'単価履歴'!$F:$F,$A20,'単価履歴'!$O:$O, MAXIFS('単価履歴'!$O:$O,'単価履歴'!$E:$E,AT$1,'単価履歴'!$F:$F,$A20))=0,"", MAXIFS('単価履歴'!$H:$H,'単価履歴'!$E:$E,AT$1,'単価履歴'!$F:$F,$A20,'単価履歴'!$O:$O, MAXIFS('単価履歴'!$O:$O,'単価履歴'!$E:$E,AT$1,'単価履歴'!$F:$F,$A20))) | AU20: =IF(MAXIFS('単価履歴'!$H:$H,'単価履歴'!$E:$E,AU$1,'単価履歴'!$F:$F,$A20,'単価履歴'!$O:$O, MAXIFS('単価履歴'!$O:$O,'単価履歴'!$E:$E,AU$1,'単価履歴'!$F:$F,$A20))=0,"", MAXIFS('単価履歴'!$H:$H,'単価履歴'!$E:$E,AU$1,'単価履歴'!$F:$F,$A20,'単価履歴'!$O:$O, MAXIFS('単価履歴'!$O:$O,'単価履歴'!$E:$E,AU$1,'単価履歴'!$F:$F,$A20))) | AV20: =IF(MAXIFS('単価履歴'!$H:$H,'単価履歴'!$E:$E,AV$1,'単価履歴'!$F:$F,$A20,'単価履歴'!$O:$O, MAXIFS('単価履歴'!$O:$O,'単価履歴'!$E:$E,AV$1,'単価履歴'!$F:$F,$A20))=0,"", MAXIFS('単価履歴'!$H:$H,'単価履歴'!$E:$E,AV$1,'単価履歴'!$F:$F,$A20,'単価履歴'!$O:$O, MAXIFS('単価履歴'!$O:$O,'単価履歴'!$E:$E,AV$1,'単価履歴'!$F:$F,$A20))) | AW20: =IF(MAXIFS('単価履歴'!$H:$H,'単価履歴'!$E:$E,AW$1,'単価履歴'!$F:$F,$A20,'単価履歴'!$O:$O, MAXIFS('単価履歴'!$O:$O,'単価履歴'!$E:$E,AW$1,'単価履歴'!$F:$F,$A20))=0,"", MAXIFS('単価履歴'!$H:$H,'単価履歴'!$E:$E,AW$1,'単価履歴'!$F:$F,$A20,'単価履歴'!$O:$O, MAXIFS('単価履歴'!$O:$O,'単価履歴'!$E:$E,AW$1,'単価履歴'!$F:$F,$A20))) | AX20: =IF(MAXIFS('単価履歴'!$H:$H,'単価履歴'!$E:$E,AX$1,'単価履歴'!$F:$F,$A20,'単価履歴'!$O:$O, MAXIFS('単価履歴'!$O:$O,'単価履歴'!$E:$E,AX$1,'単価履歴'!$F:$F,$A20))=0,"", MAXIFS('単価履歴'!$H:$H,'単価履歴'!$E:$E,AX$1,'単価履歴'!$F:$F,$A20,'単価履歴'!$O:$O, MAXIFS('単価履歴'!$O:$O,'単価履歴'!$E:$E,AX$1,'単価履歴'!$F:$F,$A20))) | AY20: =IF(MAXIFS('単価履歴'!$H:$H,'単価履歴'!$E:$E,AY$1,'単価履歴'!$F:$F,$A20,'単価履歴'!$O:$O, MAXIFS('単価履歴'!$O:$O,'単価履歴'!$E:$E,AY$1,'単価履歴'!$F:$F,$A20))=0,"", MAXIFS('単価履歴'!$H:$H,'単価履歴'!$E:$E,AY$1,'単価履歴'!$F:$F,$A20,'単価履歴'!$O:$O, MAXIFS('単価履歴'!$O:$O,'単価履歴'!$E:$E,AY$1,'単価履歴'!$F:$F,$A20))) | AZ20: =IF(MAXIFS('単価履歴'!$H:$H,'単価履歴'!$E:$E,AZ$1,'単価履歴'!$F:$F,$A20,'単価履歴'!$O:$O, MAXIFS('単価履歴'!$O:$O,'単価履歴'!$E:$E,AZ$1,'単価履歴'!$F:$F,$A20))=0,"", MAXIFS('単価履歴'!$H:$H,'単価履歴'!$E:$E,AZ$1,'単価履歴'!$F:$F,$A20,'単価履歴'!$O:$O, MAXIFS('単価履歴'!$O:$O,'単価履歴'!$E:$E,AZ$1,'単価履歴'!$F:$F,$A20))) | BA20: =IF(MAXIFS('単価履歴'!$H:$H,'単価履歴'!$E:$E,BA$1,'単価履歴'!$F:$F,$A20,'単価履歴'!$O:$O, MAXIFS('単価履歴'!$O:$O,'単価履歴'!$E:$E,BA$1,'単価履歴'!$F:$F,$A20))=0,"", MAXIFS('単価履歴'!$H:$H,'単価履歴'!$E:$E,BA$1,'単価履歴'!$F:$F,$A20,'単価履歴'!$O:$O, MAXIFS('単価履歴'!$O:$O,'単価履歴'!$E:$E,BA$1,'単価履歴'!$F:$F,$A20))) -> 45 | ... BP20: =IF(MAXIFS('単価履歴'!$H:$H,'単価履歴'!$E:$E,BP$1,'単価履歴'!$F:$F,$A20,'単価履歴'!$O:$O, MAXIFS('単価履歴'!$O:$O,'単価履歴'!$E:$E,BP$1,'単価履歴'!$F:$F,$A20))=0,"", MAXIFS('単価履歴'!$H:$H,'単価履歴'!$E:$E,BP$1,'単価履歴'!$F:$F,$A20,'単価履歴'!$O:$O, MAXIFS('単価履歴'!$O:$O,'単価履歴'!$E:$E,BP$1,'単価履歴'!$F:$F,$A20)))
A21: 新断Ｂ | B21: =IF(MAXIFS('単価履歴'!$H:$H,'単価履歴'!$E:$E,B$1,'単価履歴'!$F:$F,$A21,'単価履歴'!$O:$O, MAXIFS('単価履歴'!$O:$O,'単価履歴'!$E:$E,B$1,'単価履歴'!$F:$F,$A21))=0,"", MAXIFS('単価履歴'!$H:$H,'単価履歴'!$E:$E,B$1,'単価履歴'!$F:$F,$A21,'単価履歴'!$O:$O, MAXIFS('単価履歴'!$O:$O,'単価履歴'!$E:$E,B$1,'単価履歴'!$F:$F,$A21))) | C21: =IF(MAXIFS('単価履歴'!$H:$H,'単価履歴'!$E:$E,C$1,'単価履歴'!$F:$F,$A21,'単価履歴'!$O:$O, MAXIFS('単価履歴'!$O:$O,'単価履歴'!$E:$E,C$1,'単価履歴'!$F:$F,$A21))=0,"", MAXIFS('単価履歴'!$H:$H,'単価履歴'!$E:$E,C$1,'単価履歴'!$F:$F,$A21,'単価履歴'!$O:$O, MAXIFS('単価履歴'!$O:$O,'単価履歴'!$E:$E,C$1,'単価履歴'!$F:$F,$A21))) -> 57.3 | D21: =IF(MAXIFS('単価履歴'!$H:$H,'単価履歴'!$E:$E,D$1,'単価履歴'!$F:$F,$A21,'単価履歴'!$O:$O, MAXIFS('単価履歴'!$O:$O,'単価履歴'!$E:$E,D$1,'単価履歴'!$F:$F,$A21))=0,"", MAXIFS('単価履歴'!$H:$H,'単価履歴'!$E:$E,D$1,'単価履歴'!$F:$F,$A21,'単価履歴'!$O:$O, MAXIFS('単価履歴'!$O:$O,'単価履歴'!$E:$E,D$1,'単価履歴'!$F:$F,$A21))) -> 57.3 | G21: =IF(MAXIFS('単価履歴'!$H:$H,'単価履歴'!$E:$E,G$1,'単価履歴'!$F:$F,$A21,'単価履歴'!$O:$O, MAXIFS('単価履歴'!$O:$O,'単価履歴'!$E:$E,G$1,'単価履歴'!$F:$F,$A21))=0,"", MAXIFS('単価履歴'!$H:$H,'単価履歴'!$E:$E,G$1,'単価履歴'!$F:$F,$A21,'単価履歴'!$O:$O, MAXIFS('単価履歴'!$O:$O,'単価履歴'!$E:$E,G$1,'単価履歴'!$F:$F,$A21))) | H21: =IF(MAXIFS('単価履歴'!$H:$H,'単価履歴'!$E:$E,H$1,'単価履歴'!$F:$F,$A21,'単価履歴'!$O:$O, MAXIFS('単価履歴'!$O:$O,'単価履歴'!$E:$E,H$1,'単価履歴'!$F:$F,$A21))=0,"", MAXIFS('単価履歴'!$H:$H,'単価履歴'!$E:$E,H$1,'単価履歴'!$F:$F,$A21,'単価履歴'!$O:$O, MAXIFS('単価履歴'!$O:$O,'単価履歴'!$E:$E,H$1,'単価履歴'!$F:$F,$A21))) -> 57.8 | I21: =IF(MAXIFS('単価履歴'!$H:$H,'単価履歴'!$E:$E,I$1,'単価履歴'!$F:$F,$A21,'単価履歴'!$O:$O, MAXIFS('単価履歴'!$O:$O,'単価履歴'!$E:$E,I$1,'単価履歴'!$F:$F,$A21))=0,"", MAXIFS('単価履歴'!$H:$H,'単価履歴'!$E:$E,I$1,'単価履歴'!$F:$F,$A21,'単価履歴'!$O:$O, MAXIFS('単価履歴'!$O:$O,'単価履歴'!$E:$E,I$1,'単価履歴'!$F:$F,$A21))) -> 2 | J21: =IF(MAXIFS('単価履歴'!$H:$H,'単価履歴'!$E:$E,J$1,'単価履歴'!$F:$F,$A21,'単価履歴'!$O:$O, MAXIFS('単価履歴'!$O:$O,'単価履歴'!$E:$E,J$1,'単価履歴'!$F:$F,$A21))=0,"", MAXIFS('単価履歴'!$H:$H,'単価履歴'!$E:$E,J$1,'単価履歴'!$F:$F,$A21,'単価履歴'!$O:$O, MAXIFS('単価履歴'!$O:$O,'単価履歴'!$E:$E,J$1,'単価履歴'!$F:$F,$A21))) | K21: 27.5 | L21: 25.7 | N21: 27.3 | O21: =IF(MAXIFS('単価履歴'!$H:$H,'単価履歴'!$E:$E,O$1,'単価履歴'!$F:$F,$A21,'単価履歴'!$O:$O, MAXIFS('単価履歴'!$O:$O,'単価履歴'!$E:$E,O$1,'単価履歴'!$F:$F,$A21))=0,"", MAXIFS('単価履歴'!$H:$H,'単価履歴'!$E:$E,O$1,'単価履歴'!$F:$F,$A21,'単価履歴'!$O:$O, MAXIFS('単価履歴'!$O:$O,'単価履歴'!$E:$E,O$1,'単価履歴'!$F:$F,$A21))) | P21: =IF(MAXIFS('単価履歴'!$H:$H,'単価履歴'!$E:$E,P$1,'単価履歴'!$F:$F,$A21,'単価履歴'!$O:$O, MAXIFS('単価履歴'!$O:$O,'単価履歴'!$E:$E,P$1,'単価履歴'!$F:$F,$A21))=0,"", MAXIFS('単価履歴'!$H:$H,'単価履歴'!$E:$E,P$1,'単価履歴'!$F:$F,$A21,'単価履歴'!$O:$O, MAXIFS('単価履歴'!$O:$O,'単価履歴'!$E:$E,P$1,'単価履歴'!$F:$F,$A21))) | Q21: =IF(MAXIFS('単価履歴'!$H:$H,'単価履歴'!$E:$E,Q$1,'単価履歴'!$F:$F,$A21,'単価履歴'!$O:$O, MAXIFS('単価履歴'!$O:$O,'単価履歴'!$E:$E,Q$1,'単価履歴'!$F:$F,$A21))=0,"", MAXIFS('単価履歴'!$H:$H,'単価履歴'!$E:$E,Q$1,'単価履歴'!$F:$F,$A21,'単価履歴'!$O:$O, MAXIFS('単価履歴'!$O:$O,'単価履歴'!$E:$E,Q$1,'単価履歴'!$F:$F,$A21))) | R21: =IF(MAXIFS('単価履歴'!$H:$H,'単価履歴'!$E:$E,R$1,'単価履歴'!$F:$F,$A21,'単価履歴'!$O:$O, MAXIFS('単価履歴'!$O:$O,'単価履歴'!$E:$E,R$1,'単価履歴'!$F:$F,$A21))=0,"", MAXIFS('単価履歴'!$H:$H,'単価履歴'!$E:$E,R$1,'単価履歴'!$F:$F,$A21,'単価履歴'!$O:$O, MAXIFS('単価履歴'!$O:$O,'単価履歴'!$E:$E,R$1,'単価履歴'!$F:$F,$A21))) | S21: =IF(MAXIFS('単価履歴'!$H:$H,'単価履歴'!$E:$E,S$1,'単価履歴'!$F:$F,$A21,'単価履歴'!$O:$O, MAXIFS('単価履歴'!$O:$O,'単価履歴'!$E:$E,S$1,'単価履歴'!$F:$F,$A21))=0,"", MAXIFS('単価履歴'!$H:$H,'単価履歴'!$E:$E,S$1,'単価履歴'!$F:$F,$A21,'単価履歴'!$O:$O, MAXIFS('単価履歴'!$O:$O,'単価履歴'!$E:$E,S$1,'単価履歴'!$F:$F,$A21))) | T21: =IF(MAXIFS('単価履歴'!$H:$H,'単価履歴'!$E:$E,T$1,'単価履歴'!$F:$F,$A21,'単価履歴'!$O:$O, MAXIFS('単価履歴'!$O:$O,'単価履歴'!$E:$E,T$1,'単価履歴'!$F:$F,$A21))=0,"", MAXIFS('単価履歴'!$H:$H,'単価履歴'!$E:$E,T$1,'単価履歴'!$F:$F,$A21,'単価履歴'!$O:$O, MAXIFS('単価履歴'!$O:$O,'単価履歴'!$E:$E,T$1,'単価履歴'!$F:$F,$A21))) | U21: =IF(MAXIFS('単価履歴'!$H:$H,'単価履歴'!$E:$E,U$1,'単価履歴'!$F:$F,$A21,'単価履歴'!$O:$O, MAXIFS('単価履歴'!$O:$O,'単価履歴'!$E:$E,U$1,'単価履歴'!$F:$F,$A21))=0,"", MAXIFS('単価履歴'!$H:$H,'単価履歴'!$E:$E,U$1,'単価履歴'!$F:$F,$A21,'単価履歴'!$O:$O, MAXIFS('単価履歴'!$O:$O,'単価履歴'!$E:$E,U$1,'単価履歴'!$F:$F,$A21))) | V21: =IF(MAXIFS('単価履歴'!$H:$H,'単価履歴'!$E:$E,V$1,'単価履歴'!$F:$F,$A21,'単価履歴'!$O:$O, MAXIFS('単価履歴'!$O:$O,'単価履歴'!$E:$E,V$1,'単価履歴'!$F:$F,$A21))=0,"", MAXIFS('単価履歴'!$H:$H,'単価履歴'!$E:$E,V$1,'単価履歴'!$F:$F,$A21,'単価履歴'!$O:$O, MAXIFS('単価履歴'!$O:$O,'単価履歴'!$E:$E,V$1,'単価履歴'!$F:$F,$A21))) | ... AF21: =IF(MAXIFS('単価履歴'!$H:$H,'単価履歴'!$E:$E,AF$1,'単価履歴'!$F:$F,$A21,'単価履歴'!$O:$O, MAXIFS('単価履歴'!$O:$O,'単価履歴'!$E:$E,AF$1,'単価履歴'!$F:$F,$A21))=0,"", MAXIFS('単価履歴'!$H:$H,'単価履歴'!$E:$E,AF$1,'単価履歴'!$F:$F,$A21,'単価履歴'!$O:$O, MAXIFS('単価履歴'!$O:$O,'単価履歴'!$E:$E,AF$1,'単価履歴'!$F:$F,$A21))) | AG21: 42 | AH21: =IF(MAXIFS('単価履歴'!$H:$H,'単価履歴'!$E:$E,AH$1,'単価履歴'!$F:$F,$A21,'単価履歴'!$O:$O, MAXIFS('単価履歴'!$O:$O,'単価履歴'!$E:$E,AH$1,'単価履歴'!$F:$F,$A21))=0,"", MAXIFS('単価履歴'!$H:$H,'単価履歴'!$E:$E,AH$1,'単価履歴'!$F:$F,$A21,'単価履歴'!$O:$O, MAXIFS('単価履歴'!$O:$O,'単価履歴'!$E:$E,AH$1,'単価履歴'!$F:$F,$A21))) | AI21: =IF(MAXIFS('単価履歴'!$H:$H,'単価履歴'!$E:$E,AI$1,'単価履歴'!$F:$F,$A21,'単価履歴'!$O:$O, MAXIFS('単価履歴'!$O:$O,'単価履歴'!$E:$E,AI$1,'単価履歴'!$F:$F,$A21))=0,"", MAXIFS('単価履歴'!$H:$H,'単価履歴'!$E:$E,AI$1,'単価履歴'!$F:$F,$A21,'単価履歴'!$O:$O, MAXIFS('単価履歴'!$O:$O,'単価履歴'!$E:$E,AI$1,'単価履歴'!$F:$F,$A21))) | AJ21: =IF(MAXIFS('単価履歴'!$H:$H,'単価履歴'!$E:$E,AJ$1,'単価履歴'!$F:$F,$A21,'単価履歴'!$O:$O, MAXIFS('単価履歴'!$O:$O,'単価履歴'!$E:$E,AJ$1,'単価履歴'!$F:$F,$A21))=0,"", MAXIFS('単価履歴'!$H:$H,'単価履歴'!$E:$E,AJ$1,'単価履歴'!$F:$F,$A21,'単価履歴'!$O:$O, MAXIFS('単価履歴'!$O:$O,'単価履歴'!$E:$E,AJ$1,'単価履歴'!$F:$F,$A21))) -> 57.5 | AK21: 41.5 | AL21: =IF(MAXIFS('単価履歴'!$H:$H,'単価履歴'!$E:$E,AL$1,'単価履歴'!$F:$F,$A21,'単価履歴'!$O:$O, MAXIFS('単価履歴'!$O:$O,'単価履歴'!$E:$E,AL$1,'単価履歴'!$F:$F,$A21))=0,"", MAXIFS('単価履歴'!$H:$H,'単価履歴'!$E:$E,AL$1,'単価履歴'!$F:$F,$A21,'単価履歴'!$O:$O, MAXIFS('単価履歴'!$O:$O,'単価履歴'!$E:$E,AL$1,'単価履歴'!$F:$F,$A21))) | AM21: =IF(MAXIFS('単価履歴'!$H:$H,'単価履歴'!$E:$E,AM$1,'単価履歴'!$F:$F,$A21,'単価履歴'!$O:$O, MAXIFS('単価履歴'!$O:$O,'単価履歴'!$E:$E,AM$1,'単価履歴'!$F:$F,$A21))=0,"", MAXIFS('単価履歴'!$H:$H,'単価履歴'!$E:$E,AM$1,'単価履歴'!$F:$F,$A21,'単価履歴'!$O:$O, MAXIFS('単価履歴'!$O:$O,'単価履歴'!$E:$E,AM$1,'単価履歴'!$F:$F,$A21))) | AN21: =IF(MAXIFS('単価履歴'!$H:$H,'単価履歴'!$E:$E,AN$1,'単価履歴'!$F:$F,$A21,'単価履歴'!$O:$O, MAXIFS('単価履歴'!$O:$O,'単価履歴'!$E:$E,AN$1,'単価履歴'!$F:$F,$A21))=0,"", MAXIFS('単価履歴'!$H:$H,'単価履歴'!$E:$E,AN$1,'単価履歴'!$F:$F,$A21,'単価履歴'!$O:$O, MAXIFS('単価履歴'!$O:$O,'単価履歴'!$E:$E,AN$1,'単価履歴'!$F:$F,$A21))) -> 58 | AO21: =IF(MAXIFS('単価履歴'!$H:$H,'単価履歴'!$E:$E,AO$1,'単価履歴'!$F:$F,$A21,'単価履歴'!$O:$O, MAXIFS('単価履歴'!$O:$O,'単価履歴'!$E:$E,AO$1,'単価履歴'!$F:$F,$A21))=0,"", MAXIFS('単価履歴'!$H:$H,'単価履歴'!$E:$E,AO$1,'単価履歴'!$F:$F,$A21,'単価履歴'!$O:$O, MAXIFS('単価履歴'!$O:$O,'単価履歴'!$E:$E,AO$1,'単価履歴'!$F:$F,$A21))) -> 55.5 | AP21: =IF(MAXIFS('単価履歴'!$H:$H,'単価履歴'!$E:$E,AP$1,'単価履歴'!$F:$F,$A21,'単価履歴'!$O:$O, MAXIFS('単価履歴'!$O:$O,'単価履歴'!$E:$E,AP$1,'単価履歴'!$F:$F,$A21))=0,"", MAXIFS('単価履歴'!$H:$H,'単価履歴'!$E:$E,AP$1,'単価履歴'!$F:$F,$A21,'単価履歴'!$O:$O, MAXIFS('単価履歴'!$O:$O,'単価履歴'!$E:$E,AP$1,'単価履歴'!$F:$F,$A21))) | AQ21: =IF(MAXIFS('単価履歴'!$H:$H,'単価履歴'!$E:$E,AQ$1,'単価履歴'!$F:$F,$A21,'単価履歴'!$O:$O, MAXIFS('単価履歴'!$O:$O,'単価履歴'!$E:$E,AQ$1,'単価履歴'!$F:$F,$A21))=0,"", MAXIFS('単価履歴'!$H:$H,'単価履歴'!$E:$E,AQ$1,'単価履歴'!$F:$F,$A21,'単価履歴'!$O:$O, MAXIFS('単価履歴'!$O:$O,'単価履歴'!$E:$E,AQ$1,'単価履歴'!$F:$F,$A21))) | AR21: =IF(MAXIFS('単価履歴'!$H:$H,'単価履歴'!$E:$E,AR$1,'単価履歴'!$F:$F,$A21,'単価履歴'!$O:$O, MAXIFS('単価履歴'!$O:$O,'単価履歴'!$E:$E,AR$1,'単価履歴'!$F:$F,$A21))=0,"", MAXIFS('単価履歴'!$H:$H,'単価履歴'!$E:$E,AR$1,'単価履歴'!$F:$F,$A21,'単価履歴'!$O:$O, MAXIFS('単価履歴'!$O:$O,'単価履歴'!$E:$E,AR$1,'単価履歴'!$F:$F,$A21))) | AS21: =IF(MAXIFS('単価履歴'!$H:$H,'単価履歴'!$E:$E,AS$1,'単価履歴'!$F:$F,$A21,'単価履歴'!$O:$O, MAXIFS('単価履歴'!$O:$O,'単価履歴'!$E:$E,AS$1,'単価履歴'!$F:$F,$A21))=0,"", MAXIFS('単価履歴'!$H:$H,'単価履歴'!$E:$E,AS$1,'単価履歴'!$F:$F,$A21,'単価履歴'!$O:$O, MAXIFS('単価履歴'!$O:$O,'単価履歴'!$E:$E,AS$1,'単価履歴'!$F:$F,$A21))) | ... BP21: =IF(MAXIFS('単価履歴'!$H:$H,'単価履歴'!$E:$E,BP$1,'単価履歴'!$F:$F,$A21,'単価履歴'!$O:$O, MAXIFS('単価履歴'!$O:$O,'単価履歴'!$E:$E,BP$1,'単価履歴'!$F:$F,$A21))=0,"", MAXIFS('単価履歴'!$H:$H,'単価履歴'!$E:$E,BP$1,'単価履歴'!$F:$F,$A21,'単価履歴'!$O:$O, MAXIFS('単価履歴'!$O:$O,'単価履歴'!$E:$E,BP$1,'単価履歴'!$F:$F,$A21)))
A22: 新断Ｃ | B22: =IF(MAXIFS('単価履歴'!$H:$H,'単価履歴'!$E:$E,B$1,'単価履歴'!$F:$F,$A22,'単価履歴'!$O:$O, MAXIFS('単価履歴'!$O:$O,'単価履歴'!$E:$E,B$1,'単価履歴'!$F:$F,$A22))=0,"", MAXIFS('単価履歴'!$H:$H,'単価履歴'!$E:$E,B$1,'単価履歴'!$F:$F,$A22,'単価履歴'!$O:$O, MAXIFS('単価履歴'!$O:$O,'単価履歴'!$E:$E,B$1,'単価履歴'!$F:$F,$A22))) | C22: =IF(MAXIFS('単価履歴'!$H:$H,'単価履歴'!$E:$E,C$1,'単価履歴'!$F:$F,$A22,'単価履歴'!$O:$O, MAXIFS('単価履歴'!$O:$O,'単価履歴'!$E:$E,C$1,'単価履歴'!$F:$F,$A22))=0,"", MAXIFS('単価履歴'!$H:$H,'単価履歴'!$E:$E,C$1,'単価履歴'!$F:$F,$A22,'単価履歴'!$O:$O, MAXIFS('単価履歴'!$O:$O,'単価履歴'!$E:$E,C$1,'単価履歴'!$F:$F,$A22))) -> 56.3 | D22: =IF(MAXIFS('単価履歴'!$H:$H,'単価履歴'!$E:$E,D$1,'単価履歴'!$F:$F,$A22,'単価履歴'!$O:$O, MAXIFS('単価履歴'!$O:$O,'単価履歴'!$E:$E,D$1,'単価履歴'!$F:$F,$A22))=0,"", MAXIFS('単価履歴'!$H:$H,'単価履歴'!$E:$E,D$1,'単価履歴'!$F:$F,$A22,'単価履歴'!$O:$O, MAXIFS('単価履歴'!$O:$O,'単価履歴'!$E:$E,D$1,'単価履歴'!$F:$F,$A22))) -> 56.3 | G22: =IF(MAXIFS('単価履歴'!$H:$H,'単価履歴'!$E:$E,G$1,'単価履歴'!$F:$F,$A22,'単価履歴'!$O:$O, MAXIFS('単価履歴'!$O:$O,'単価履歴'!$E:$E,G$1,'単価履歴'!$F:$F,$A22))=0,"", MAXIFS('単価履歴'!$H:$H,'単価履歴'!$E:$E,G$1,'単価履歴'!$F:$F,$A22,'単価履歴'!$O:$O, MAXIFS('単価履歴'!$O:$O,'単価履歴'!$E:$E,G$1,'単価履歴'!$F:$F,$A22))) | H22: =IF(MAXIFS('単価履歴'!$H:$H,'単価履歴'!$E:$E,H$1,'単価履歴'!$F:$F,$A22,'単価履歴'!$O:$O, MAXIFS('単価履歴'!$O:$O,'単価履歴'!$E:$E,H$1,'単価履歴'!$F:$F,$A22))=0,"", MAXIFS('単価履歴'!$H:$H,'単価履歴'!$E:$E,H$1,'単価履歴'!$F:$F,$A22,'単価履歴'!$O:$O, MAXIFS('単価履歴'!$O:$O,'単価履歴'!$E:$E,H$1,'単価履歴'!$F:$F,$A22))) | I22: =IF(MAXIFS('単価履歴'!$H:$H,'単価履歴'!$E:$E,I$1,'単価履歴'!$F:$F,$A22,'単価履歴'!$O:$O, MAXIFS('単価履歴'!$O:$O,'単価履歴'!$E:$E,I$1,'単価履歴'!$F:$F,$A22))=0,"", MAXIFS('単価履歴'!$H:$H,'単価履歴'!$E:$E,I$1,'単価履歴'!$F:$F,$A22,'単価履歴'!$O:$O, MAXIFS('単価履歴'!$O:$O,'単価履歴'!$E:$E,I$1,'単価履歴'!$F:$F,$A22))) | J22: =IF(MAXIFS('単価履歴'!$H:$H,'単価履歴'!$E:$E,J$1,'単価履歴'!$F:$F,$A22,'単価履歴'!$O:$O, MAXIFS('単価履歴'!$O:$O,'単価履歴'!$E:$E,J$1,'単価履歴'!$F:$F,$A22))=0,"", MAXIFS('単価履歴'!$H:$H,'単価履歴'!$E:$E,J$1,'単価履歴'!$F:$F,$A22,'単価履歴'!$O:$O, MAXIFS('単価履歴'!$O:$O,'単価履歴'!$E:$E,J$1,'単価履歴'!$F:$F,$A22))) | K22: =IF(MAXIFS('単価履歴'!$H:$H,'単価履歴'!$E:$E,K$1,'単価履歴'!$F:$F,$A22,'単価履歴'!$O:$O, MAXIFS('単価履歴'!$O:$O,'単価履歴'!$E:$E,K$1,'単価履歴'!$F:$F,$A22))=0,"", MAXIFS('単価履歴'!$H:$H,'単価履歴'!$E:$E,K$1,'単価履歴'!$F:$F,$A22,'単価履歴'!$O:$O, MAXIFS('単価履歴'!$O:$O,'単価履歴'!$E:$E,K$1,'単価履歴'!$F:$F,$A22))) | L22: =IF(MAXIFS('単価履歴'!$H:$H,'単価履歴'!$E:$E,L$1,'単価履歴'!$F:$F,$A22,'単価履歴'!$O:$O, MAXIFS('単価履歴'!$O:$O,'単価履歴'!$E:$E,L$1,'単価履歴'!$F:$F,$A22))=0,"", MAXIFS('単価履歴'!$H:$H,'単価履歴'!$E:$E,L$1,'単価履歴'!$F:$F,$A22,'単価履歴'!$O:$O, MAXIFS('単価履歴'!$O:$O,'単価履歴'!$E:$E,L$1,'単価履歴'!$F:$F,$A22))) | M22: =IF(MAXIFS('単価履歴'!$H:$H,'単価履歴'!$E:$E,M$1,'単価履歴'!$F:$F,$A22,'単価履歴'!$O:$O, MAXIFS('単価履歴'!$O:$O,'単価履歴'!$E:$E,M$1,'単価履歴'!$F:$F,$A22))=0,"", MAXIFS('単価履歴'!$H:$H,'単価履歴'!$E:$E,M$1,'単価履歴'!$F:$F,$A22,'単価履歴'!$O:$O, MAXIFS('単価履歴'!$O:$O,'単価履歴'!$E:$E,M$1,'単価履歴'!$F:$F,$A22))) | N22: =IF(MAXIFS('単価履歴'!$H:$H,'単価履歴'!$E:$E,N$1,'単価履歴'!$F:$F,$A22,'単価履歴'!$O:$O, MAXIFS('単価履歴'!$O:$O,'単価履歴'!$E:$E,N$1,'単価履歴'!$F:$F,$A22))=0,"", MAXIFS('単価履歴'!$H:$H,'単価履歴'!$E:$E,N$1,'単価履歴'!$F:$F,$A22,'単価履歴'!$O:$O, MAXIFS('単価履歴'!$O:$O,'単価履歴'!$E:$E,N$1,'単価履歴'!$F:$F,$A22))) | ... BP22: =IF(MAXIFS('単価履歴'!$H:$H,'単価履歴'!$E:$E,BP$1,'単価履歴'!$F:$F,$A22,'単価履歴'!$O:$O, MAXIFS('単価履歴'!$O:$O,'単価履歴'!$E:$E,BP$1,'単価履歴'!$F:$F,$A22))=0,"", MAXIFS('単価履歴'!$H:$H,'単価履歴'!$E:$E,BP$1,'単価履歴'!$F:$F,$A22,'単価履歴'!$O:$O, MAXIFS('単価履歴'!$O:$O,'単価履歴'!$E:$E,BP$1,'単価履歴'!$F:$F,$A22)))
